beam_id,gt_bar_id,gt_description,dxf_entity_found,dxf_entity_handle,dxf_entity_type,physical_bar_detected,physical_bar_id,owned_by_correct_beam,owner_beam_id,annotation_found,annotation_id,leader_found,leader_id,leader_chain_valid,role_correct,gt_role,model_role,diameter_correct,gt_diameter,model_diameter,quantity_correct,gt_quantity,model_quantity,engineering_object_found,engineering_object_id,vb1_consumed,steel_contribution_correct,first_failure_stage,failure_reason,confidence
B100,GT::B100::0000::TOP_MAIN,Top bars,True,11D043C,LINE,True,BAR::SYN::B100::11D043C,True,B100,True,ANN-655eb304,True,LDR::E8A36960,True,True,TOP_MAIN,TOP_MAIN,False,16,20,True,3.0,3.0,True,R13-B100-TOP_MAIN-0690c1,True,False,DIAMETER_RESOLUTION,excel_wrong_diameter,HIGH
B100,GT::B100::0001::TOP_EXTRA,Top bars -extra,True,11D043C,LINE,True,BAR::SYN::B100::11D043C,True,B100,True,ANN-655eb304,True,LDR::E8A36960,True,True,TOP_EXTRA,TOP_EXTRA,False,25,16,True,3.0,3.0,True,R13-B100-TOP_EXTRA-96a3cf,True,False,DIAMETER_RESOLUTION,excel_wrong_diameter,HIGH
B100,GT::B100::0002::TOP_EXTRA,Top bars -extra,True,11D043C,LINE,True,BAR::SYN::B100::11D043C,True,B100,True,ANN-655eb304,True,LDR::E8A36960,True,True,TOP_EXTRA,TOP_EXTRA,True,16,16,True,3.0,3.0,True,R13-B100-TOP_EXTRA-96a3cf,True,False,NO_FAILURE,excel_semantic_match,HIGH
B100,GT::B100::0003::BOTTOM_MAIN,Bottom bars,True,11D043C,LINE,True,BAR::SYN::B100::11D043C,True,B100,True,ANN-655eb304,True,LDR::E8A36960,True,False,BOTTOM_MAIN,UNKNOWN,False,20,UNKNOWN,False,3.0,0.0,False,UNKNOWN,False,False,ROLE_RESOLUTION,role_missing_role,HIGH
B100,GT::B100::0004::STIRRUP,Stirupps,True,11D043C,LINE,True,BAR::SYN::B100::11D043C,True,B100,True,ANN-29f62939,False,UNKNOWN,False,True,STIRRUP,STIRRUP,True,10,10,True,40.0,40.0,True,R13-B100-STIRRUP-ba9e2e,True,False,NO_FAILURE,excel_semantic_match,HIGH
B100,GT::B100::0005::STIRRUP_HOOK,C - Hook,True,11D043C,LINE,True,BAR::SYN::B100::11D043C,True,B100,True,ANN-29f62939,False,UNKNOWN,False,True,STIRRUP_HOOK,STIRRUP,True,10,10,True,40.0,40.0,True,R13-B100-STIRRUP-ba9e2e,False,False,LEADER_CHAIN,leader_broken_chain,MEDIUM
B100,GT::B100::0006::SPACER_BAR,Spacer bars,True,11D043C,LINE,True,BAR::SYN::B100::11D043C,True,B100,True,ANN-29f62939,False,UNKNOWN,False,True,SPACER_BAR,SPACER_BAR,True,25,25,False,5.0,2.0,True,R13-B100-SPACER_BAR-b87891,True,False,QUANTITY_RESOLUTION,excel_wrong_quantity,HIGH
B100A,GT::B100A::0000::TOP_MAIN,Top bars,True,1248205,LINE,True,BAR::2EDE9A87,True,B100A,True,ANN-13582c44,True,LDR::8A54B888,False,True,TOP_MAIN,TOP_MAIN,True,25,25,True,4.0,4.0,True,R13-B100A-TOP_MAIN-bee00a,True,False,NO_FAILURE,excel_semantic_match,HIGH
B100A,GT::B100A::0001::BOTTOM_MAIN,Bottom bars,True,1248205,LINE,True,BAR::2EDE9A87,True,B100A,True,ANN-13582c44,True,LDR::8A54B888,False,False,BOTTOM_MAIN,UNKNOWN,False,25,UNKNOWN,False,4.0,0.0,False,UNKNOWN,False,False,LEADER_CHAIN,leader_wrong_target,MEDIUM
B100A,GT::B100A::0002::STIRRUP,Stirupps,True,1248205,LINE,True,BAR::2EDE9A87,True,B100A,True,ANN-13582c44,True,LDR::8A54B888,True,True,STIRRUP,STIRRUP,True,10,10,False,21.0,30.0,True,R13-B100A-STIRRUP-f08949,True,False,QUANTITY_RESOLUTION,excel_wrong_quantity,HIGH
B100A,GT::B100A::0003::STIRRUP,Stirupps,True,1248205,LINE,True,BAR::2EDE9A87,True,B100A,True,ANN-13582c44,True,LDR::8A54B888,True,True,STIRRUP,STIRRUP,True,10,10,False,8.0,30.0,True,R13-B100A-STIRRUP-f08949,False,False,QUANTITY_RESOLUTION,quantity_overcount,HIGH
B100A,GT::B100A::0004::STIRRUP_HOOK,C - Hook,True,1248205,LINE,True,BAR::2EDE9A87,True,B100A,True,ANN-13582c44,True,LDR::8A54B888,True,True,STIRRUP_HOOK,STIRRUP,True,10,10,False,21.0,30.0,True,R13-B100A-STIRRUP-f08949,False,False,QUANTITY_RESOLUTION,quantity_overcount,HIGH
B100A,GT::B100A::0005::STIRRUP_HOOK,C - Hook,True,1248205,LINE,True,BAR::2EDE9A87,True,B100A,True,ANN-13582c44,True,LDR::8A54B888,True,True,STIRRUP_HOOK,STIRRUP,True,10,10,False,8.0,30.0,True,R13-B100A-STIRRUP-f08949,False,False,QUANTITY_RESOLUTION,quantity_overcount,HIGH
B101,GT::B101::0000::TOP_MAIN,Top bars,True,11D0423,LINE,True,BAR::SYN::B101::11D0423,True,B101,True,ANN-80ac063f,True,LDR::76A1C107,True,True,TOP_MAIN,TOP_MAIN,False,16,20,True,3.0,3.0,True,R13-B101-TOP_MAIN-0fbf87,True,False,DIAMETER_RESOLUTION,excel_wrong_diameter,HIGH
B101,GT::B101::0001::TOP_EXTRA,Top bars -extra,True,11D0423,LINE,True,BAR::SYN::B101::11D0423,True,B101,True,ANN-80ac063f,True,LDR::76A1C107,True,True,TOP_EXTRA,TOP_EXTRA,True,16,16,True,3.0,3.0,True,R13-B101-TOP_EXTRA-2011a0,True,False,NO_FAILURE,excel_semantic_match,HIGH
B101,GT::B101::0002::TOP_EXTRA,Top bars -extra,True,11D0423,LINE,True,BAR::SYN::B101::11D0423,True,B101,True,ANN-80ac063f,True,LDR::76A1C107,True,True,TOP_EXTRA,TOP_EXTRA,True,16,16,True,3.0,3.0,True,R13-B101-TOP_EXTRA-2011a0,True,False,NO_FAILURE,excel_semantic_match,HIGH
B101,GT::B101::0003::BOTTOM_MAIN,Bottom bars,True,11D0423,LINE,True,BAR::SYN::B101::11D0423,True,B101,True,ANN-80ac063f,True,LDR::76A1C107,True,False,BOTTOM_MAIN,UNKNOWN,False,20,UNKNOWN,False,3.0,0.0,False,UNKNOWN,False,False,ROLE_RESOLUTION,role_missing_role,HIGH
B101,GT::B101::0004::STIRRUP,Stirupps,True,11D0423,LINE,True,BAR::SYN::B101::11D0423,True,B101,True,ANN-d8c2de5e,False,UNKNOWN,False,True,STIRRUP,STIRRUP,True,10,10,True,33.0,33.0,True,R13-B101-STIRRUP-7684f8,True,False,NO_FAILURE,excel_semantic_match,HIGH
B101,GT::B101::0005::STIRRUP_HOOK,C - Hook,True,11D0423,LINE,True,BAR::SYN::B101::11D0423,True,B101,True,ANN-d8c2de5e,False,UNKNOWN,False,True,STIRRUP_HOOK,STIRRUP,True,10,10,True,33.0,33.0,True,R13-B101-STIRRUP-7684f8,False,False,LEADER_CHAIN,leader_broken_chain,MEDIUM
B101,GT::B101::0006::SPACER_BAR,Spacer bars,True,11D0423,LINE,True,BAR::SYN::B101::11D0423,True,B101,True,ANN-d8c2de5e,False,UNKNOWN,False,True,SPACER_BAR,SPACER_BAR,True,25,25,False,4.0,2.0,True,R13-B101-SPACER_BAR-8b3f8e,True,False,QUANTITY_RESOLUTION,excel_wrong_quantity,HIGH
B101A,GT::B101A::0000::TOP_MAIN,Top bars,True,12481DA,LINE,True,BAR::SYN::B101A::12481DA,True,B101A,True,ANN-e67412bd,False,UNKNOWN,False,True,TOP_MAIN,TOP_MAIN,True,25,25,True,4.0,4.0,True,R13-B101A-TOP_MAIN-32c57b,True,True,NO_FAILURE,excel_semantic_match,HIGH
B101A,GT::B101A::0001::BOTTOM_MAIN,Bottom bars,True,12481DA,LINE,True,BAR::SYN::B101A::12481DA,True,B101A,True,ANN-e67412bd,False,UNKNOWN,False,False,BOTTOM_MAIN,UNKNOWN,False,25,UNKNOWN,False,4.0,0.0,False,UNKNOWN,False,False,LEADER_CHAIN,leader_broken_chain,MEDIUM
B101A,GT::B101A::0002::STIRRUP,Stirupps,True,12481DA,LINE,True,BAR::SYN::B101A::12481DA,True,B101A,True,ANN-bfa9b021,False,UNKNOWN,False,True,STIRRUP,STIRRUP,True,10,10,False,21.0,29.0,True,R13-B101A-STIRRUP-22298b,True,False,QUANTITY_RESOLUTION,excel_wrong_quantity,HIGH
B101A,GT::B101A::0003::STIRRUP,Stirupps,True,12481DA,LINE,True,BAR::SYN::B101A::12481DA,True,B101A,True,ANN-bfa9b021,False,UNKNOWN,False,True,STIRRUP,STIRRUP,True,10,10,False,8.0,29.0,True,R13-B101A-STIRRUP-22298b,False,False,LEADER_CHAIN,leader_broken_chain,MEDIUM
B101A,GT::B101A::0004::STIRRUP_HOOK,C - Hook,True,12481DA,LINE,True,BAR::SYN::B101A::12481DA,True,B101A,True,ANN-bfa9b021,False,UNKNOWN,False,True,STIRRUP_HOOK,STIRRUP,True,10,10,False,21.0,29.0,True,R13-B101A-STIRRUP-22298b,False,False,LEADER_CHAIN,leader_broken_chain,MEDIUM
B101A,GT::B101A::0005::STIRRUP_HOOK,C - Hook,True,12481DA,LINE,True,BAR::SYN::B101A::12481DA,True,B101A,True,ANN-bfa9b021,False,UNKNOWN,False,True,STIRRUP_HOOK,STIRRUP,True,10,10,False,8.0,29.0,True,R13-B101A-STIRRUP-22298b,False,False,LEADER_CHAIN,leader_broken_chain,MEDIUM
B101A,GT::B101A::0006::UNKNOWN,RB143,True,12481DA,LINE,True,BAR::SYN::B101A::12481DA,True,B101A,True,ANN-bfa9b021,False,UNKNOWN,False,False,UNKNOWN,UNKNOWN,False,1,UNKNOWN,False,0.45,0.0,False,UNKNOWN,False,False,LEADER_CHAIN,leader_broken_chain,MEDIUM
B101A,GT::B101A::0007::TOP_MAIN,Top bars,True,12481DA,LINE,True,BAR::SYN::B101A::12481DA,True,B101A,True,ANN-e67412bd,False,UNKNOWN,False,True,TOP_MAIN,TOP_MAIN,False,20,25,True,4.0,4.0,True,R13-B101A-TOP_MAIN-32c57b,False,False,LEADER_CHAIN,leader_broken_chain,MEDIUM
B101A,GT::B101A::0008::BOTTOM_MAIN,Bottom bars,True,12481DA,LINE,True,BAR::SYN::B101A::12481DA,True,B101A,True,ANN-e67412bd,False,UNKNOWN,False,False,BOTTOM_MAIN,UNKNOWN,False,20,UNKNOWN,False,4.0,0.0,False,UNKNOWN,False,False,LEADER_CHAIN,leader_broken_chain,MEDIUM
B101A,GT::B101A::0009::TOP_EXTRA,Top bars - extra,True,12481DA,LINE,True,BAR::SYN::B101A::12481DA,True,B101A,True,ANN-bfa9b021,False,UNKNOWN,False,False,TOP_EXTRA,UNKNOWN,False,12,UNKNOWN,False,2.0,0.0,False,UNKNOWN,False,False,LEADER_CHAIN,leader_broken_chain,MEDIUM
B101A,GT::B101A::0010::STIRRUP,Stirupps,True,12481DA,LINE,True,BAR::SYN::B101A::12481DA,True,B101A,True,ANN-bfa9b021,False,UNKNOWN,False,True,STIRRUP,STIRRUP,False,8,10,False,41.0,29.0,True,R13-B101A-STIRRUP-22298b,False,False,LEADER_CHAIN,leader_broken_chain,MEDIUM
B101A,GT::B101A::0011::STIRRUP,Stirupps,True,12481DA,LINE,True,BAR::SYN::B101A::12481DA,True,B101A,True,ANN-bfa9b021,False,UNKNOWN,False,True,STIRRUP,STIRRUP,False,8,10,False,15.0,29.0,True,R13-B101A-STIRRUP-22298b,False,False,LEADER_CHAIN,leader_broken_chain,MEDIUM
B101A,GT::B101A::0012::STIRRUP_HOOK,C - Hook,True,12481DA,LINE,True,BAR::SYN::B101A::12481DA,True,B101A,True,ANN-bfa9b021,False,UNKNOWN,False,True,STIRRUP_HOOK,STIRRUP,False,8,10,False,41.0,29.0,True,R13-B101A-STIRRUP-22298b,False,False,LEADER_CHAIN,leader_broken_chain,MEDIUM
B101A,GT::B101A::0013::STIRRUP_HOOK,C - Hook,True,12481DA,LINE,True,BAR::SYN::B101A::12481DA,True,B101A,True,ANN-bfa9b021,False,UNKNOWN,False,True,STIRRUP_HOOK,STIRRUP,False,8,10,False,15.0,29.0,True,R13-B101A-STIRRUP-22298b,False,False,LEADER_CHAIN,leader_broken_chain,MEDIUM
B102,GT::B102::0000::TOP_MAIN,Top bars,True,1246B43,LINE,True,BAR::SYN::B102::1246B43,True,B102,True,ANN-4cd6f72d,False,UNKNOWN,False,True,TOP_MAIN,TOP_MAIN,False,16,20,True,3.0,3.0,True,R13-B102-TOP_MAIN-ac532f,True,False,DIAMETER_RESOLUTION,excel_wrong_diameter,HIGH
B102,GT::B102::0001::TOP_EXTRA,Top bars -extra,True,1246B43,LINE,True,BAR::SYN::B102::1246B43,True,B102,True,ANN-4cd6f72d,False,UNKNOWN,False,True,TOP_EXTRA,TOP_EXTRA,True,16,16,True,3.0,3.0,True,R13-B102-TOP_EXTRA-3a93f5,True,False,NO_FAILURE,excel_semantic_match,HIGH
B102,GT::B102::0002::TOP_EXTRA,Top bars -extra,True,1246B43,LINE,True,BAR::SYN::B102::1246B43,True,B102,True,ANN-4cd6f72d,False,UNKNOWN,False,True,TOP_EXTRA,TOP_EXTRA,True,16,16,True,3.0,3.0,True,R13-B102-TOP_EXTRA-3a93f5,True,False,NO_FAILURE,excel_semantic_match,HIGH
B102,GT::B102::0003::BOTTOM_MAIN,Bottom bars,True,1246B43,LINE,True,BAR::SYN::B102::1246B43,True,B102,True,ANN-4b59ff37,True,LDR::B2D4C826,True,False,BOTTOM_MAIN,UNKNOWN,False,20,UNKNOWN,False,3.0,0.0,False,UNKNOWN,False,False,ROLE_RESOLUTION,role_missing_role,HIGH
B102,GT::B102::0004::STIRRUP,Stirupps,True,1246B43,LINE,True,BAR::SYN::B102::1246B43,True,B102,True,ANN-030581f0,False,UNKNOWN,False,True,STIRRUP,STIRRUP,True,10,10,True,30.0,31.0,True,R13-B102-STIRRUP-600778,True,True,NO_FAILURE,excel_semantic_match,HIGH
B102,GT::B102::0005::STIRRUP_HOOK,C - Hook,True,1246B43,LINE,True,BAR::SYN::B102::1246B43,True,B102,True,ANN-030581f0,False,UNKNOWN,False,True,STIRRUP_HOOK,STIRRUP,True,10,10,True,30.0,31.0,True,R13-B102-STIRRUP-600778,False,False,LEADER_CHAIN,leader_broken_chain,MEDIUM
B102,GT::B102::0006::SPACER_BAR,Spacer bars,True,1246B43,LINE,True,BAR::SYN::B102::1246B43,True,B102,True,ANN-030581f0,False,UNKNOWN,False,True,SPACER_BAR,SPACER_BAR,True,25,25,False,5.0,2.0,True,R13-B102-SPACER_BAR-90641b,True,False,QUANTITY_RESOLUTION,excel_wrong_quantity,HIGH
B103,GT::B103::0000::TOP_MAIN,Top bars,True,1246B75,LINE,True,BAR::AD34E854,True,B103,True,ANN-19a711d6,True,LDR::22591B27,False,True,TOP_MAIN,TOP_MAIN,False,16,20,True,3.0,3.0,True,R13-B103-TOP_MAIN-9488a1,True,False,DIAMETER_RESOLUTION,excel_wrong_diameter,HIGH
B103,GT::B103::0001::TOP_EXTRA,Top bars -extra,True,1246B75,LINE,True,BAR::AD34E854,True,B103,True,ANN-19a711d6,True,LDR::22591B27,False,True,TOP_EXTRA,TOP_EXTRA,True,16,16,True,3.0,3.0,True,R13-B103-TOP_EXTRA-78ff95,True,False,NO_FAILURE,excel_semantic_match,HIGH
B103,GT::B103::0002::BOTTOM_MAIN,Bottom bars,True,1246B75,LINE,True,BAR::AD34E854,True,B103,True,ANN-8e897f60,True,LDR::D2A8FCE1,False,True,BOTTOM_MAIN,BOTTOM_MAIN,True,20,20,False,3.0,5.0,True,R13-B103-BOTTOM_MAIN-68f6b2,True,False,QUANTITY_RESOLUTION,excel_wrong_quantity,HIGH
B103,GT::B103::0003::STIRRUP,Stirupps,True,1246B75,LINE,True,BAR::AD34E854,True,B103,True,ANN-6d8bbdf4,False,UNKNOWN,False,True,STIRRUP,STIRRUP,True,10,10,True,30.0,30.0,True,R13-B103-STIRRUP-61e98a,True,False,NO_FAILURE,excel_semantic_match,HIGH
B103,GT::B103::0004::STIRRUP_HOOK,C - Hook,True,1246B75,LINE,True,BAR::AD34E854,True,B103,True,ANN-6d8bbdf4,False,UNKNOWN,False,True,STIRRUP_HOOK,STIRRUP,True,10,10,True,30.0,30.0,True,R13-B103-STIRRUP-61e98a,False,False,LEADER_CHAIN,leader_broken_chain,MEDIUM
B103,GT::B103::0005::SPACER_BAR,Spacer bars,True,1246B75,LINE,True,BAR::AD34E854,True,B103,True,ANN-6d8bbdf4,False,UNKNOWN,False,True,SPACER_BAR,SPACER_BAR,True,25,25,False,1.0,2.0,True,R13-B103-SPACER_BAR-189a12,True,False,QUANTITY_RESOLUTION,excel_wrong_quantity,HIGH
B104,GT::B104::0000::TOP_MAIN,Top bars,False,UNKNOWN,UNKNOWN,False,UNKNOWN,False,UNKNOWN,False,UNKNOWN,False,UNKNOWN,False,False,TOP_MAIN,UNKNOWN,False,25,UNKNOWN,False,4.0,0.0,False,UNKNOWN,False,False,DXF_GEOMETRY,no_dxf_geometry_for_beam_role,MEDIUM
B104,GT::B104::0001::TOP_EXTRA,Top bars -extra,False,UNKNOWN,UNKNOWN,False,UNKNOWN,False,UNKNOWN,False,UNKNOWN,False,UNKNOWN,False,False,TOP_EXTRA,UNKNOWN,False,16,UNKNOWN,False,2.0,0.0,False,UNKNOWN,False,False,DXF_GEOMETRY,no_dxf_geometry_for_beam_role,MEDIUM
B104,GT::B104::0002::TOP_EXTRA,Top bars -extra,False,UNKNOWN,UNKNOWN,False,UNKNOWN,False,UNKNOWN,False,UNKNOWN,False,UNKNOWN,False,False,TOP_EXTRA,UNKNOWN,False,20,UNKNOWN,False,4.0,0.0,False,UNKNOWN,False,False,DXF_GEOMETRY,no_dxf_geometry_for_beam_role,MEDIUM
B104,GT::B104::0003::BOTTOM_MAIN,Bottom bars,False,UNKNOWN,UNKNOWN,False,UNKNOWN,False,UNKNOWN,False,UNKNOWN,False,UNKNOWN,False,False,BOTTOM_MAIN,UNKNOWN,False,25,UNKNOWN,False,4.0,0.0,False,UNKNOWN,False,False,DXF_GEOMETRY,no_dxf_geometry_for_beam_role,MEDIUM
B104,GT::B104::0004::STIRRUP,Stirupps,False,UNKNOWN,UNKNOWN,False,UNKNOWN,False,UNKNOWN,False,UNKNOWN,False,UNKNOWN,False,False,STIRRUP,UNKNOWN,False,12,UNKNOWN,False,65.0,0.0,False,UNKNOWN,False,False,PHYSICAL_BAR_DETECTION,no_physical_bar_or_text_primary_evidence,MEDIUM
B104,GT::B104::0005::STIRRUP_HOOK,C - Hook,False,UNKNOWN,UNKNOWN,False,UNKNOWN,False,UNKNOWN,False,UNKNOWN,False,UNKNOWN,False,False,STIRRUP_HOOK,UNKNOWN,False,12,UNKNOWN,False,65.0,0.0,False,UNKNOWN,False,False,PHYSICAL_BAR_DETECTION,no_physical_bar_or_text_primary_evidence,MEDIUM
B104,GT::B104::0006::SPACER_BAR,Spacer bars,False,UNKNOWN,UNKNOWN,False,UNKNOWN,False,UNKNOWN,False,UNKNOWN,False,UNKNOWN,False,False,SPACER_BAR,UNKNOWN,False,25,UNKNOWN,False,4.0,0.0,False,UNKNOWN,False,False,PHYSICAL_BAR_DETECTION,no_physical_bar_or_text_primary_evidence,MEDIUM
B117,GT::B117::0000::TOP_MAIN,Top bars,False,UNKNOWN,UNKNOWN,False,UNKNOWN,False,UNKNOWN,False,UNKNOWN,False,UNKNOWN,False,False,TOP_MAIN,UNKNOWN,False,25,UNKNOWN,False,2.0,0.0,False,UNKNOWN,False,False,DXF_GEOMETRY,no_dxf_geometry_for_beam_role,MEDIUM
B117,GT::B117::0001::TOP_EXTRA,Top bars -extra,False,UNKNOWN,UNKNOWN,False,UNKNOWN,False,UNKNOWN,False,UNKNOWN,False,UNKNOWN,False,False,TOP_EXTRA,UNKNOWN,False,20,UNKNOWN,False,2.0,0.0,False,UNKNOWN,False,False,DXF_GEOMETRY,no_dxf_geometry_for_beam_role,MEDIUM
B117,GT::B117::0002::TOP_EXTRA,Top bars -extra,False,UNKNOWN,UNKNOWN,False,UNKNOWN,False,UNKNOWN,False,UNKNOWN,False,UNKNOWN,False,False,TOP_EXTRA,UNKNOWN,False,25,UNKNOWN,False,4.0,0.0,False,UNKNOWN,False,False,DXF_GEOMETRY,no_dxf_geometry_for_beam_role,MEDIUM
B117,GT::B117::0003::BOTTOM_MAIN,Bottom bars,False,UNKNOWN,UNKNOWN,False,UNKNOWN,False,UNKNOWN,False,UNKNOWN,False,UNKNOWN,False,False,BOTTOM_MAIN,UNKNOWN,False,25,UNKNOWN,False,2.0,0.0,False,UNKNOWN,False,False,DXF_GEOMETRY,no_dxf_geometry_for_beam_role,MEDIUM
B117,GT::B117::0004::BOTTOM_EXTRA,Bottom bars - extra,False,UNKNOWN,UNKNOWN,False,UNKNOWN,False,UNKNOWN,False,UNKNOWN,False,UNKNOWN,False,False,BOTTOM_EXTRA,UNKNOWN,False,20,UNKNOWN,False,2.0,0.0,False,UNKNOWN,False,False,DXF_GEOMETRY,no_dxf_geometry_for_beam_role,MEDIUM
B117,GT::B117::0005::BOTTOM_EXTRA,Bottom bars - extra,False,UNKNOWN,UNKNOWN,False,UNKNOWN,False,UNKNOWN,False,UNKNOWN,False,UNKNOWN,False,False,BOTTOM_EXTRA,UNKNOWN,False,25,UNKNOWN,False,3.0,0.0,False,UNKNOWN,False,False,DXF_GEOMETRY,no_dxf_geometry_for_beam_role,MEDIUM
B117,GT::B117::0006::STIRRUP,Stirupps,False,UNKNOWN,UNKNOWN,False,UNKNOWN,False,UNKNOWN,False,UNKNOWN,False,UNKNOWN,False,False,STIRRUP,UNKNOWN,False,10,UNKNOWN,False,29.0,0.0,False,UNKNOWN,False,False,PHYSICAL_BAR_DETECTION,no_physical_bar_or_text_primary_evidence,MEDIUM
B117,GT::B117::0007::STIRRUP_HOOK,C - Hook,False,UNKNOWN,UNKNOWN,False,UNKNOWN,False,UNKNOWN,False,UNKNOWN,False,UNKNOWN,False,False,STIRRUP_HOOK,UNKNOWN,False,10,UNKNOWN,False,29.0,0.0,False,UNKNOWN,False,False,PHYSICAL_BAR_DETECTION,no_physical_bar_or_text_primary_evidence,MEDIUM
B117,GT::B117::0008::SPACER_BAR,Spacer bars,False,UNKNOWN,UNKNOWN,False,UNKNOWN,False,UNKNOWN,False,UNKNOWN,False,UNKNOWN,False,False,SPACER_BAR,UNKNOWN,False,25,UNKNOWN,False,4.0,0.0,False,UNKNOWN,False,False,PHYSICAL_BAR_DETECTION,no_physical_bar_or_text_primary_evidence,MEDIUM
B118,GT::B118::0000::TOP_MAIN,Top bars,False,UNKNOWN,UNKNOWN,False,UNKNOWN,False,UNKNOWN,False,UNKNOWN,False,UNKNOWN,False,False,TOP_MAIN,UNKNOWN,False,25,UNKNOWN,False,2.0,0.0,False,UNKNOWN,False,False,DXF_GEOMETRY,no_dxf_geometry_for_beam_role,MEDIUM
B118,GT::B118::0001::TOP_EXTRA,Top bars -extra,False,UNKNOWN,UNKNOWN,False,UNKNOWN,False,UNKNOWN,False,UNKNOWN,False,UNKNOWN,False,False,TOP_EXTRA,UNKNOWN,False,20,UNKNOWN,False,2.0,0.0,False,UNKNOWN,False,False,DXF_GEOMETRY,no_dxf_geometry_for_beam_role,MEDIUM
B118,GT::B118::0002::BOTTOM_MAIN,Bottom bars,False,UNKNOWN,UNKNOWN,False,UNKNOWN,False,UNKNOWN,False,UNKNOWN,False,UNKNOWN,False,False,BOTTOM_MAIN,UNKNOWN,False,25,UNKNOWN,False,2.0,0.0,False,UNKNOWN,False,False,DXF_GEOMETRY,no_dxf_geometry_for_beam_role,MEDIUM
B118,GT::B118::0003::BOTTOM_EXTRA,Bottom bars - extra,False,UNKNOWN,UNKNOWN,False,UNKNOWN,False,UNKNOWN,False,UNKNOWN,False,UNKNOWN,False,False,BOTTOM_EXTRA,UNKNOWN,False,20,UNKNOWN,False,2.0,0.0,False,UNKNOWN,False,False,DXF_GEOMETRY,no_dxf_geometry_for_beam_role,MEDIUM
B118,GT::B118::0004::STIRRUP,Stirupps,False,UNKNOWN,UNKNOWN,False,UNKNOWN,False,UNKNOWN,False,UNKNOWN,False,UNKNOWN,False,False,STIRRUP,UNKNOWN,False,12,UNKNOWN,False,18.0,0.0,False,UNKNOWN,False,False,PHYSICAL_BAR_DETECTION,no_physical_bar_or_text_primary_evidence,MEDIUM
B118,GT::B118::0005::STIRRUP,Stirupps,False,UNKNOWN,UNKNOWN,False,UNKNOWN,False,UNKNOWN,False,UNKNOWN,False,UNKNOWN,False,False,STIRRUP,UNKNOWN,False,12,UNKNOWN,False,8.0,0.0,False,UNKNOWN,False,False,PHYSICAL_BAR_DETECTION,no_physical_bar_or_text_primary_evidence,MEDIUM
B118,GT::B118::0006::STIRRUP_HOOK,C - Hook,False,UNKNOWN,UNKNOWN,False,UNKNOWN,False,UNKNOWN,False,UNKNOWN,False,UNKNOWN,False,False,STIRRUP_HOOK,UNKNOWN,False,12,UNKNOWN,False,18.0,0.0,False,UNKNOWN,False,False,PHYSICAL_BAR_DETECTION,no_physical_bar_or_text_primary_evidence,MEDIUM
B118,GT::B118::0007::STIRRUP_HOOK,C - Hook,False,UNKNOWN,UNKNOWN,False,UNKNOWN,False,UNKNOWN,False,UNKNOWN,False,UNKNOWN,False,False,STIRRUP_HOOK,UNKNOWN,False,12,UNKNOWN,False,8.0,0.0,False,UNKNOWN,False,False,PHYSICAL_BAR_DETECTION,no_physical_bar_or_text_primary_evidence,MEDIUM
B118,GT::B118::0000::TOP_MAIN,Top bars,False,UNKNOWN,UNKNOWN,False,UNKNOWN,False,UNKNOWN,False,UNKNOWN,False,UNKNOWN,False,False,TOP_MAIN,UNKNOWN,False,20,UNKNOWN,False,5.0,0.0,False,UNKNOWN,False,False,DXF_GEOMETRY,no_dxf_geometry_for_beam_role,MEDIUM
B118,GT::B118::0001::BOTTOM_MAIN,Bottom bars,False,UNKNOWN,UNKNOWN,False,UNKNOWN,False,UNKNOWN,False,UNKNOWN,False,UNKNOWN,False,False,BOTTOM_MAIN,UNKNOWN,False,25,UNKNOWN,False,5.0,0.0,False,UNKNOWN,False,False,DXF_GEOMETRY,no_dxf_geometry_for_beam_role,MEDIUM
B118,GT::B118::0002::BOTTOM_EXTRA,Bottom bars - extra,False,UNKNOWN,UNKNOWN,False,UNKNOWN,False,UNKNOWN,False,UNKNOWN,False,UNKNOWN,False,False,BOTTOM_EXTRA,UNKNOWN,False,20,UNKNOWN,False,3.0,0.0,False,UNKNOWN,False,False,DXF_GEOMETRY,no_dxf_geometry_for_beam_role,MEDIUM
B118,GT::B118::0003::STIRRUP,Stirupps,False,UNKNOWN,UNKNOWN,False,UNKNOWN,False,UNKNOWN,False,UNKNOWN,False,UNKNOWN,False,False,STIRRUP,UNKNOWN,False,10,UNKNOWN,False,43.0,0.0,False,UNKNOWN,False,False,PHYSICAL_BAR_DETECTION,no_physical_bar_or_text_primary_evidence,MEDIUM
B118,GT::B118::0004::STIRRUP,Stirupps,False,UNKNOWN,UNKNOWN,False,UNKNOWN,False,UNKNOWN,False,UNKNOWN,False,UNKNOWN,False,False,STIRRUP,UNKNOWN,False,10,UNKNOWN,False,16.0,0.0,False,UNKNOWN,False,False,PHYSICAL_BAR_DETECTION,no_physical_bar_or_text_primary_evidence,MEDIUM
B118,GT::B118::0005::STIRRUP_HOOK,C - Hook,False,UNKNOWN,UNKNOWN,False,UNKNOWN,False,UNKNOWN,False,UNKNOWN,False,UNKNOWN,False,False,STIRRUP_HOOK,UNKNOWN,False,10,UNKNOWN,False,43.0,0.0,False,UNKNOWN,False,False,PHYSICAL_BAR_DETECTION,no_physical_bar_or_text_primary_evidence,MEDIUM
B118,GT::B118::0006::STIRRUP_HOOK,C - Hook,False,UNKNOWN,UNKNOWN,False,UNKNOWN,False,UNKNOWN,False,UNKNOWN,False,UNKNOWN,False,False,STIRRUP_HOOK,UNKNOWN,False,10,UNKNOWN,False,16.0,0.0,False,UNKNOWN,False,False,PHYSICAL_BAR_DETECTION,no_physical_bar_or_text_primary_evidence,MEDIUM
B119,GT::B119::0000::TOP_MAIN,Top bars,True,1246BA8,LINE,True,BAR::SYN::B119::1246BA8,True,B119,True,ANN-1ae5aa17,True,LDR::F3CF6D90,True,True,TOP_MAIN,TOP_MAIN,True,25,25,True,3.0,3.0,True,R13-B119-TOP_MAIN-00c747,True,False,NO_FAILURE,excel_semantic_match,HIGH
B119,GT::B119::0001::BOTTOM_MAIN,Bottom bars,True,1246BA8,LINE,True,BAR::SYN::B119::1246BA8,True,B119,True,ANN-1ae5aa17,True,LDR::F3CF6D90,True,True,BOTTOM_MAIN,BOTTOM_MAIN,False,25,16,True,3.0,3.0,True,R13-B119-BOTTOM_MAIN-ea3e7d,True,False,DIAMETER_RESOLUTION,excel_wrong_diameter,HIGH
B119,GT::B119::0002::STIRRUP,Stirupps,True,1246BA8,LINE,True,BAR::SYN::B119::1246BA8,True,B119,True,ANN-b9d9e30b,True,LDR::C17E6B9B,True,True,STIRRUP,STIRRUP,True,10,10,False,45.0,60.0,True,R13-B119-STIRRUP-fdf8e8,True,False,QUANTITY_RESOLUTION,excel_wrong_quantity,HIGH
B119,GT::B119::0003::STIRRUP,Stirupps,True,1246BA8,LINE,True,BAR::SYN::B119::1246BA8,True,B119,True,ANN-b9d9e30b,True,LDR::C17E6B9B,True,True,STIRRUP,STIRRUP,True,10,10,False,13.0,60.0,True,R13-B119-STIRRUP-fdf8e8,False,False,QUANTITY_RESOLUTION,quantity_overcount,HIGH
B119,GT::B119::0004::STIRRUP_HOOK,C - Hook,True,1246BA8,LINE,True,BAR::SYN::B119::1246BA8,True,B119,True,ANN-b9d9e30b,True,LDR::C17E6B9B,True,True,STIRRUP_HOOK,STIRRUP,True,10,10,False,45.0,60.0,True,R13-B119-STIRRUP-fdf8e8,False,False,QUANTITY_RESOLUTION,quantity_overcount,HIGH
B119,GT::B119::0005::STIRRUP_HOOK,C - Hook,True,1246BA8,LINE,True,BAR::SYN::B119::1246BA8,True,B119,True,ANN-b9d9e30b,True,LDR::C17E6B9B,True,True,STIRRUP_HOOK,STIRRUP,True,10,10,False,13.0,60.0,True,R13-B119-STIRRUP-fdf8e8,False,False,QUANTITY_RESOLUTION,quantity_overcount,HIGH
B120,GT::B120::0000::TOP_MAIN,Top bars,True,11D1DD0,LINE,True,BAR::5CC6FC75,True,B120,True,ANN-8883ea68,True,LDR::4AAC215B,False,True,TOP_MAIN,TOP_MAIN,True,25,25,True,3.0,3.0,True,R13-B120-TOP_MAIN-c1747d,True,False,NO_FAILURE,excel_semantic_match,HIGH
B120,GT::B120::0001::BOTTOM_MAIN,Bottom bars,True,11D1DD0,LINE,True,BAR::5CC6FC75,True,B120,True,ANN-8883ea68,True,LDR::4AAC215B,False,True,BOTTOM_MAIN,BOTTOM_MAIN,False,25,20,False,3.0,4.0,True,R13-B120-BOTTOM_MAIN-49fa6c,True,False,DIAMETER_RESOLUTION,excel_wrong_diameter,HIGH
B120,GT::B120::0002::STIRRUP,Stirupps,True,11D1DD0,LINE,True,BAR::5CC6FC75,True,B120,True,ANN-f4213b73,False,UNKNOWN,False,True,STIRRUP,STIRRUP,True,10,10,False,25.0,35.0,True,R13-B120-STIRRUP-cb8702,True,False,QUANTITY_RESOLUTION,excel_wrong_quantity,HIGH
B120,GT::B120::0003::STIRRUP,Stirupps,True,11D1DD0,LINE,True,BAR::5CC6FC75,True,B120,True,ANN-f4213b73,False,UNKNOWN,False,True,STIRRUP,STIRRUP,True,10,10,False,11.0,35.0,True,R13-B120-STIRRUP-cb8702,False,False,LEADER_CHAIN,leader_broken_chain,MEDIUM
B120,GT::B120::0004::STIRRUP_HOOK,C - Hook,True,11D1DD0,LINE,True,BAR::5CC6FC75,True,B120,True,ANN-f4213b73,False,UNKNOWN,False,True,STIRRUP_HOOK,STIRRUP,True,10,10,False,25.0,35.0,True,R13-B120-STIRRUP-cb8702,False,False,LEADER_CHAIN,leader_broken_chain,MEDIUM
B120,GT::B120::0005::STIRRUP_HOOK,C - Hook,True,11D1DD0,LINE,True,BAR::5CC6FC75,True,B120,True,ANN-f4213b73,False,UNKNOWN,False,True,STIRRUP_HOOK,STIRRUP,True,10,10,False,11.0,35.0,True,R13-B120-STIRRUP-cb8702,False,False,LEADER_CHAIN,leader_broken_chain,MEDIUM
B121,GT::B121::0000::TOP_MAIN,Top bars,True,11D273E,LINE,True,BAR::SYN::B121::11D273E,True,B121,True,ANN-73c67bd2,True,LDR::F59901AE,True,True,TOP_MAIN,TOP_MAIN,True,20,20,True,4.0,4.0,True,R13-B121-TOP_MAIN-baeba8,True,True,NO_FAILURE,excel_semantic_match,HIGH
B121,GT::B121::0001::BOTTOM_MAIN,Bottom bars,True,11D273E,LINE,True,BAR::SYN::B121::11D273E,True,B121,True,ANN-73c67bd2,True,LDR::F59901AE,True,False,BOTTOM_MAIN,UNKNOWN,False,20,UNKNOWN,False,4.0,0.0,False,UNKNOWN,False,False,ROLE_RESOLUTION,role_missing_role,HIGH
B121,GT::B121::0002::STIRRUP,Stirupps,True,11D273E,LINE,True,BAR::SYN::B121::11D273E,True,B121,True,ANN-3eb6504d,True,LDR::F59901AE,True,True,STIRRUP,STIRRUP,True,12,12,True,33.0,34.0,True,R13-B121-STIRRUP-15cb9b,True,True,NO_FAILURE,excel_semantic_match,HIGH
B121,GT::B121::0003::STIRRUP_HOOK,C - Hook,True,11D273E,LINE,True,BAR::SYN::B121::11D273E,True,B121,True,ANN-3eb6504d,True,LDR::F59901AE,True,True,STIRRUP_HOOK,STIRRUP,True,12,12,True,33.0,34.0,True,R13-B121-STIRRUP-15cb9b,False,False,VB1_INTEGRATION,not_consumed_by_vb1,MEDIUM
B122,GT::B122::0000::TOP_MAIN,Top bars,True,11D2740,LINE,True,BAR::SYN::B122::11D2740,True,B122,True,ANN-0b62504e,True,LDR::4660769E,True,True,TOP_MAIN,TOP_MAIN,False,20,25,True,4.0,4.0,True,R13-B122-TOP_MAIN-55ccf4,True,False,DIAMETER_RESOLUTION,excel_wrong_diameter,HIGH
B122,GT::B122::0001::TOP_EXTRA,Top bars -extra,True,11D2740,LINE,True,BAR::SYN::B122::11D2740,True,B122,True,ANN-0b62504e,True,LDR::4660769E,True,True,TOP_EXTRA,TOP_EXTRA,False,25,20,True,4.0,4.0,True,R13-B122-TOP_EXTRA-628b0e,True,False,DIAMETER_RESOLUTION,excel_wrong_diameter,HIGH
B122,GT::B122::0002::BOTTOM_MAIN,Bottom bars,True,11D2740,LINE,True,BAR::SYN::B122::11D2740,True,B122,True,ANN-0b62504e,True,LDR::4660769E,True,False,BOTTOM_MAIN,TOP_EXTRA,True,20,20,True,4.0,4.0,True,VB1::B122::TOP_EXTRA,True,False,ROLE_RESOLUTION,excel_wrong_role,HIGH
B122,GT::B122::0003::BOTTOM_MAIN,Bottom bars,True,11D2740,LINE,True,BAR::SYN::B122::11D2740,True,B122,True,ANN-0b62504e,True,LDR::4660769E,True,False,BOTTOM_MAIN,SPACER_BAR,True,25,25,False,4.0,5.0,True,VB1::B122::SPACER_BAR,True,False,ROLE_RESOLUTION,partial_role,MEDIUM
B122,GT::B122::0004::STIRRUP,Stirupps,True,11D2740,LINE,True,BAR::SYN::B122::11D2740,True,B122,True,ANN-2c570d23,True,LDR::4660769E,True,True,STIRRUP,STIRRUP,True,12,12,True,60.0,61.0,True,R13-B122-STIRRUP-5bacd2,True,False,NO_FAILURE,excel_semantic_match,HIGH
B122,GT::B122::0005::STIRRUP_HOOK,C - Hook,True,11D2740,LINE,True,BAR::SYN::B122::11D2740,True,B122,True,ANN-2c570d23,True,LDR::4660769E,True,True,STIRRUP_HOOK,STIRRUP,True,12,12,True,60.0,61.0,True,R13-B122-STIRRUP-5bacd2,False,False,VB1_INTEGRATION,not_consumed_by_vb1,MEDIUM
B122,GT::B122::0006::SPACER_BAR,Spacer bars,True,11D2740,LINE,True,BAR::SYN::B122::11D2740,True,B122,True,ANN-2c570d23,True,LDR::4660769E,True,True,SPACER_BAR,SPACER_BAR,True,25,25,False,4.0,5.0,True,R13-B122-SPACER_BAR-098822,False,False,QUANTITY_RESOLUTION,quantity_overcount,HIGH
B123,GT::B123::0000::TOP_MAIN,Top bars,True,121FDE0,LINE,True,BAR::SYN::B123::121FDE0,True,B123,True,ANN-8ae336be,True,LDR::1965C7AC,True,True,TOP_MAIN,TOP_MAIN,False,20,25,False,6.0,2.0,True,R13-B123-TOP_MAIN-112af8,True,False,DIAMETER_RESOLUTION,excel_wrong_diameter,HIGH
B123,GT::B123::0001::TOP_EXTRA,Top bars -extra,True,121FDE0,LINE,True,BAR::SYN::B123::121FDE0,True,B123,True,ANN-3f905849,True,LDR::99B5E871,True,True,TOP_EXTRA,TOP_EXTRA,False,25,20,False,4.0,6.0,True,R13-B123-TOP_EXTRA-7d467e,True,False,DIAMETER_RESOLUTION,excel_wrong_diameter,HIGH
B123,GT::B123::0002::TOP_EXTRA,Top bars -extra,True,121FDE0,LINE,True,BAR::SYN::B123::121FDE0,True,B123,True,ANN-6d809bfc,True,LDR::1965C7AC,True,True,TOP_EXTRA,TOP_EXTRA,True,16,16,True,3.0,3.0,True,R13-B123-TOP_EXTRA-078066,True,False,NO_FAILURE,excel_semantic_match,HIGH
B123,GT::B123::0003::BOTTOM_MAIN,Bottom bars,True,121FDE0,LINE,True,BAR::SYN::B123::121FDE0,True,B123,True,ANN-8ae336be,True,LDR::1965C7AC,True,True,BOTTOM_MAIN,BOTTOM_MAIN,True,20,20,False,6.0,4.0,True,R13-B123-BOTTOM_MAIN-742a72,True,False,QUANTITY_RESOLUTION,excel_wrong_quantity,HIGH
B123,GT::B123::0004::BOTTOM_EXTRA,Bottom bars - extra,True,121FDE0,LINE,True,BAR::SYN::B123::121FDE0,True,B123,True,ANN-3f905849,True,LDR::99B5E871,True,False,BOTTOM_EXTRA,SPACER_BAR,True,25,25,False,2.0,3.0,True,VB1::B123::SPACER_BAR,True,False,ROLE_RESOLUTION,partial_role,MEDIUM
B123,GT::B123::0005::STIRRUP,Stirupps,True,121FDE0,LINE,True,BAR::SYN::B123::121FDE0,True,B123,True,ANN-6d809bfc,True,LDR::1965C7AC,True,True,STIRRUP,STIRRUP,True,10,10,False,53.0,76.0,True,R13-B123-STIRRUP-ceb924,True,False,QUANTITY_RESOLUTION,excel_wrong_quantity,HIGH
B123,GT::B123::0006::STIRRUP,Stirupps,True,121FDE0,LINE,True,BAR::SYN::B123::121FDE0,True,B123,True,ANN-6d809bfc,True,LDR::1965C7AC,True,True,STIRRUP,STIRRUP,True,10,10,False,20.0,76.0,True,R13-B123-STIRRUP-ceb924,False,False,QUANTITY_RESOLUTION,quantity_overcount,HIGH
B123,GT::B123::0007::STIRRUP_HOOK,C - Hook,True,121FDE0,LINE,True,BAR::SYN::B123::121FDE0,True,B123,True,ANN-6d809bfc,True,LDR::1965C7AC,True,True,STIRRUP_HOOK,STIRRUP,True,10,10,False,53.0,76.0,True,R13-B123-STIRRUP-ceb924,False,False,QUANTITY_RESOLUTION,quantity_overcount,HIGH
B123,GT::B123::0008::STIRRUP_HOOK,C - Hook,True,121FDE0,LINE,True,BAR::SYN::B123::121FDE0,True,B123,True,ANN-6d809bfc,True,LDR::1965C7AC,True,True,STIRRUP_HOOK,STIRRUP,True,10,10,False,20.0,76.0,True,R13-B123-STIRRUP-ceb924,False,False,QUANTITY_RESOLUTION,quantity_overcount,HIGH
B123,GT::B123::0009::SPACER_BAR,Spacer bars,True,121FDE0,LINE,True,BAR::SYN::B123::121FDE0,True,B123,True,ANN-3f905849,True,LDR::99B5E871,True,True,SPACER_BAR,SPACER_BAR,True,25,25,False,14.0,5.0,True,R13-B123-SPACER_BAR-157e5e,True,False,QUANTITY_RESOLUTION,excel_wrong_quantity,HIGH
B128,GT::B128::0000::TOP_MAIN,Top bars,True,11D2CC6,LINE,True,BAR::0D89B73D,True,B128,True,ANN-5ffa56ad,True,LDR::2933C8A8,True,True,TOP_MAIN,TOP_MAIN,False,20,25,True,5.0,5.0,True,R13-B128-TOP_MAIN-15de29,True,False,DIAMETER_RESOLUTION,excel_wrong_diameter,HIGH
B128,GT::B128::0001::TOP_EXTRA,Top bars -extra,True,11D2CC6,LINE,True,BAR::0D89B73D,True,B128,True,ANN-5ffa56ad,True,LDR::2933C8A8,True,True,TOP_EXTRA,TOP_EXTRA,True,20,20,True,5.0,5.0,True,R13-B128-TOP_EXTRA-24f485,True,False,NO_FAILURE,excel_semantic_match,HIGH
B128,GT::B128::0002::BOTTOM_MAIN,Bottom bars,True,11D2CC6,LINE,True,BAR::0D89B73D,True,B128,True,ANN-7ac07312,True,LDR::A69A4A2C,True,True,BOTTOM_MAIN,BOTTOM_MAIN,True,25,25,False,5.0,3.0,True,R13-B128-BOTTOM_MAIN-440c83,True,False,QUANTITY_RESOLUTION,excel_wrong_quantity,HIGH
B128,GT::B128::0003::BOTTOM_EXTRA,Bottom bars  -extra,True,11D2CC6,LINE,True,BAR::0D89B73D,True,B128,True,ANN-d1229b68,True,LDR::83AAC1BF,True,False,BOTTOM_EXTRA,TOP_EXTRA,True,20,20,True,3.0,3.0,True,VB1::B128::TOP_EXTRA,True,False,ROLE_RESOLUTION,excel_wrong_role,HIGH
B128,GT::B128::0004::STIRRUP,Stirupps -1,True,11D2CC6,LINE,True,BAR::0D89B73D,True,B128,True,ANN-7d45698a,True,LDR::A69A4A2C,True,True,STIRRUP,STIRRUP,True,12,12,False,28.0,22.0,True,R13-B128-STIRRUP-e9e8bf,True,False,QUANTITY_RESOLUTION,excel_wrong_quantity,HIGH
B128,GT::B128::0005::STIRRUP,Stirupps -2,True,11D2CC6,LINE,True,BAR::0D89B73D,True,B128,True,ANN-7d45698a,True,LDR::A69A4A2C,True,True,STIRRUP,STIRRUP,True,12,12,False,9.333333333333334,22.0,True,R13-B128-STIRRUP-e9e8bf,False,False,QUANTITY_RESOLUTION,quantity_overcount,HIGH
B128,GT::B128::0006::STIRRUP_HOOK,C - Hook,True,11D2CC6,LINE,True,BAR::0D89B73D,True,B128,True,ANN-7d45698a,True,LDR::A69A4A2C,True,True,STIRRUP_HOOK,STIRRUP,True,12,12,False,28.0,22.0,True,R13-B128-STIRRUP-e9e8bf,False,False,QUANTITY_RESOLUTION,quantity_undercount,HIGH
B128,GT::B128::0007::SPACER_BAR,Spacer bars,True,11D2CC6,LINE,True,BAR::0D89B73D,True,B128,True,ANN-7ac07312,True,LDR::A69A4A2C,True,False,SPACER_BAR,UNKNOWN,False,25,UNKNOWN,False,3.0,0.0,False,UNKNOWN,False,False,ROLE_RESOLUTION,role_missing_role,HIGH
B129,GT::B129::0000::TOP_MAIN,Top bars,True,11D314E,LINE,True,BAR::SYN::B129::11D314E,True,B129,True,ANN-93d94c14,True,LDR::B7F51690,True,True,TOP_MAIN,TOP_MAIN,True,20,20,True,4.0,4.0,True,R13-B129-TOP_MAIN-9d8da7,True,False,NO_FAILURE,excel_semantic_match,HIGH
B129,GT::B129::0001::TOP_EXTRA,Top bars -extra,True,11D314E,LINE,True,BAR::SYN::B129::11D314E,True,B129,True,ANN-2274c8c2,True,LDR::210B4209,True,True,TOP_EXTRA,TOP_EXTRA,True,16,16,True,2.0,2.0,True,R13-B129-TOP_EXTRA-66c65b,True,False,NO_FAILURE,excel_semantic_match,HIGH
B129,GT::B129::0002::BOTTOM_MAIN,Bottom bars,True,11D314E,LINE,True,BAR::SYN::B129::11D314E,True,B129,True,ANN-93d94c14,True,LDR::B7F51690,True,False,BOTTOM_MAIN,UNKNOWN,False,20,UNKNOWN,False,4.0,0.0,False,UNKNOWN,False,False,ROLE_RESOLUTION,role_missing_role,HIGH
B129,GT::B129::0003::BOTTOM_EXTRA,Bottom bars  -extra,True,11D314E,LINE,True,BAR::SYN::B129::11D314E,True,B129,True,ANN-2274c8c2,True,LDR::210B4209,True,False,BOTTOM_EXTRA,TOP_EXTRA,True,16,16,True,2.0,2.0,True,VB1::B129::TOP_EXTRA,True,False,ROLE_RESOLUTION,excel_wrong_role,HIGH
B129,GT::B129::0004::STIRRUP,Stirupps,True,11D314E,LINE,True,BAR::SYN::B129::11D314E,True,B129,True,ANN-7aec78cb,True,LDR::210B4209,True,False,STIRRUP,UNKNOWN,False,12,UNKNOWN,False,12.0,0.0,False,UNKNOWN,False,False,ROLE_RESOLUTION,role_missing_role,HIGH
B129,GT::B129::0005::STIRRUP_HOOK,C - Hook,True,11D314E,LINE,True,BAR::SYN::B129::11D314E,True,B129,True,ANN-7aec78cb,True,LDR::210B4209,True,False,STIRRUP_HOOK,UNKNOWN,False,12,UNKNOWN,False,12.0,0.0,False,UNKNOWN,False,False,ROLE_RESOLUTION,role_missing_role,HIGH
B129,GT::B129::0006::SPACER_BAR,Spacer bars,True,11D314E,LINE,True,BAR::SYN::B129::11D314E,True,B129,True,ANN-7aec78cb,True,LDR::210B4209,True,True,SPACER_BAR,SPACER_BAR,True,25,25,False,2.0,3.0,True,R13-B129-SPACER_BAR-815bf8,True,False,QUANTITY_RESOLUTION,excel_wrong_quantity,HIGH
B130,GT::B130::0000::TOP_MAIN,Top bars,True,11D32A4,LINE,True,BAR::D2E72551,True,B130,True,ANN-a6229e18,True,LDR::90EEC91C,True,True,TOP_MAIN,TOP_MAIN,True,25,25,True,4.0,4.0,True,R13-B130-TOP_MAIN-f36b57,True,False,NO_FAILURE,excel_semantic_match,HIGH
B130,GT::B130::0001::BOTTOM_MAIN,Bottom bars,True,11D32A4,LINE,True,BAR::D2E72551,True,B130,True,ANN-a6229e18,True,LDR::90EEC91C,True,True,BOTTOM_MAIN,BOTTOM_MAIN,True,25,25,False,4.0,3.0,True,R13-B130-BOTTOM_MAIN-e00c45,True,False,QUANTITY_RESOLUTION,excel_wrong_quantity,HIGH
B130,GT::B130::0002::STIRRUP,Stirupps,True,11D32A4,LINE,True,BAR::D2E72551,True,B130,True,ANN-5c9dfa36,True,LDR::E392283B,True,False,STIRRUP,UNKNOWN,False,10,UNKNOWN,False,20.0,0.0,False,UNKNOWN,False,False,ROLE_RESOLUTION,role_missing_role,HIGH
B130,GT::B130::0003::STIRRUP_HOOK,C - Hook,True,11D32A4,LINE,True,BAR::D2E72551,True,B130,True,ANN-5c9dfa36,True,LDR::E392283B,True,False,STIRRUP_HOOK,UNKNOWN,False,10,UNKNOWN,False,20.0,0.0,False,UNKNOWN,False,False,ROLE_RESOLUTION,role_missing_role,HIGH
B133,GT::B133::0000::TOP_MAIN,Top bars,True,12204A5,LINE,True,BAR::SYN::B133::12204A5,True,B133,True,ANN-36772bbf,True,LDR::12AD900D,True,True,TOP_MAIN,TOP_MAIN,True,20,20,True,5.0,5.0,True,R13-B133-TOP_MAIN-0e2805,True,False,NO_FAILURE,excel_semantic_match,HIGH
B133,GT::B133::0001::BOTTOM_MAIN,Bottom bars,True,12204A5,LINE,True,BAR::SYN::B133::12204A5,True,B133,True,ANN-36772bbf,True,LDR::12AD900D,True,True,BOTTOM_MAIN,BOTTOM_MAIN,False,20,25,False,5.0,3.0,True,R13-B133-BOTTOM_MAIN-bb4207,True,False,DIAMETER_RESOLUTION,excel_wrong_diameter,HIGH
B133,GT::B133::0002::BOTTOM_EXTRA,Bottom bars - extra,True,12204A5,LINE,True,BAR::SYN::B133::12204A5,True,B133,True,ANN-3c28c21d,True,LDR::3D346C12,True,False,BOTTOM_EXTRA,TOP_EXTRA,True,16,16,True,2.0,2.0,True,VB1::B133::TOP_EXTRA,True,False,ROLE_RESOLUTION,excel_wrong_role,HIGH
B133,GT::B133::0003::STIRRUP,Stirupps,True,12204A5,LINE,True,BAR::SYN::B133::12204A5,True,B133,True,ANN-539e6c5f,True,LDR::12AD900D,True,True,STIRRUP,STIRRUP,True,8,8,False,43.0,63.0,True,R13-B133-STIRRUP-88c63f,True,False,QUANTITY_RESOLUTION,excel_wrong_quantity,HIGH
B133,GT::B133::0004::STIRRUP,Stirupps,True,12204A5,LINE,True,BAR::SYN::B133::12204A5,True,B133,True,ANN-539e6c5f,True,LDR::12AD900D,True,True,STIRRUP,STIRRUP,True,8,8,False,17.0,63.0,True,R13-B133-STIRRUP-88c63f,False,False,QUANTITY_RESOLUTION,quantity_overcount,HIGH
B133,GT::B133::0005::STIRRUP_HOOK,C - Hook,True,12204A5,LINE,True,BAR::SYN::B133::12204A5,True,B133,True,ANN-539e6c5f,True,LDR::12AD900D,True,True,STIRRUP_HOOK,STIRRUP,True,8,8,False,43.0,63.0,True,R13-B133-STIRRUP-88c63f,False,False,QUANTITY_RESOLUTION,quantity_overcount,HIGH
B133,GT::B133::0006::STIRRUP_HOOK,C - Hook,True,12204A5,LINE,True,BAR::SYN::B133::12204A5,True,B133,True,ANN-539e6c5f,True,LDR::12AD900D,True,True,STIRRUP_HOOK,STIRRUP,True,8,8,False,17.0,63.0,True,R13-B133-STIRRUP-88c63f,False,False,QUANTITY_RESOLUTION,quantity_overcount,HIGH
B133,GT::B133::0007::SPACER_BAR,Spacer bars,True,12204A5,LINE,True,BAR::SYN::B133::12204A5,True,B133,True,ANN-539e6c5f,True,LDR::12AD900D,True,True,SPACER_BAR,SPACER_BAR,True,25,25,False,6.0,3.0,True,R13-B133-SPACER_BAR-3b2213,True,False,QUANTITY_RESOLUTION,excel_wrong_quantity,HIGH
B133A,GT::B133A::0000::TOP_MAIN,Top bars,True,12377D2,LINE,True,BAR::SYN::B133A::12377D2,True,B133A,True,ANN-22103cdc,True,LDR::0F6BE89A,True,True,TOP_MAIN,TOP_MAIN,True,25,25,True,3.0,3.0,True,R13-B133A-TOP_MAIN-0ff8b5,True,True,NO_FAILURE,excel_semantic_match,HIGH
B133A,GT::B133A::0001::BOTTOM_MAIN,Bottom bars,True,12377D2,LINE,True,BAR::SYN::B133A::12377D2,True,B133A,True,ANN-22103cdc,True,LDR::0F6BE89A,True,True,BOTTOM_MAIN,BOTTOM_MAIN,False,25,20,False,5.0,4.0,True,R13-B133A-BOTTOM_MAIN-74f7f4,True,False,DIAMETER_RESOLUTION,excel_wrong_diameter,HIGH
B133A,GT::B133A::0002::BOTTOM_EXTRA,Bottom bars - extra,True,12377D2,LINE,True,BAR::SYN::B133A::12377D2,True,B133A,True,ANN-e5f45d29,True,LDR::C3A5C932,True,False,BOTTOM_EXTRA,TOP_EXTRA,True,16,16,True,2.0,2.0,True,VB1::B133A::TOP_EXTRA,True,False,ROLE_RESOLUTION,excel_wrong_role,HIGH
B133A,GT::B133A::0003::STIRRUP,Stirupps,True,12377D2,LINE,True,BAR::SYN::B133A::12377D2,True,B133A,True,ANN-4f8e4022,False,UNKNOWN,False,True,STIRRUP,STIRRUP,True,10,10,False,43.0,62.0,True,R13-B133A-STIRRUP-78db33,True,False,QUANTITY_RESOLUTION,excel_wrong_quantity,HIGH
B133A,GT::B133A::0004::STIRRUP,Stirupps,True,12377D2,LINE,True,BAR::SYN::B133A::12377D2,True,B133A,True,ANN-4f8e4022,False,UNKNOWN,False,True,STIRRUP,STIRRUP,True,10,10,False,12.0,62.0,True,R13-B133A-STIRRUP-78db33,False,False,LEADER_CHAIN,leader_broken_chain,MEDIUM
B133A,GT::B133A::0005::STIRRUP_HOOK,C - Hook,True,12377D2,LINE,True,BAR::SYN::B133A::12377D2,True,B133A,True,ANN-4f8e4022,False,UNKNOWN,False,True,STIRRUP_HOOK,STIRRUP,True,10,10,False,43.0,62.0,True,R13-B133A-STIRRUP-78db33,False,False,LEADER_CHAIN,leader_broken_chain,MEDIUM
B133A,GT::B133A::0006::STIRRUP_HOOK,C - Hook,True,12377D2,LINE,True,BAR::SYN::B133A::12377D2,True,B133A,True,ANN-4f8e4022,False,UNKNOWN,False,True,STIRRUP_HOOK,STIRRUP,True,10,10,False,12.0,62.0,True,R13-B133A-STIRRUP-78db33,False,False,LEADER_CHAIN,leader_broken_chain,MEDIUM
B134,GT::B134::0000::TOP_MAIN,Top bars,True,11D364E,LINE,True,BAR::SYN::B134::11D364E,True,B134,True,ANN-92cdfb99,True,LDR::44D9B105,True,True,TOP_MAIN,TOP_MAIN,True,20,20,True,3.0,3.0,True,R13-B134-TOP_MAIN-b6dd76,True,False,NO_FAILURE,excel_semantic_match,HIGH
B134,GT::B134::0001::BOTTOM_MAIN,Bottom bars,True,11D364E,LINE,True,BAR::SYN::B134::11D364E,True,B134,True,ANN-92cdfb99,True,LDR::44D9B105,True,True,BOTTOM_MAIN,BOTTOM_MAIN,False,20,25,True,3.0,3.0,True,R13-B134-BOTTOM_MAIN-cddd5b,True,False,DIAMETER_RESOLUTION,excel_wrong_diameter,HIGH
B134,GT::B134::0002::STIRRUP,Stirupps,True,11D364E,LINE,True,BAR::SYN::B134::11D364E,True,B134,True,ANN-8d177bc6,True,LDR::A9283BFB,True,True,STIRRUP,STIRRUP,True,8,8,False,13.0,25.0,True,R13-B134-STIRRUP-fbf991,True,False,QUANTITY_RESOLUTION,excel_wrong_quantity,HIGH
B134,GT::B134::0003::STIRRUP,Stirupps,True,11D364E,LINE,True,BAR::SYN::B134::11D364E,True,B134,True,ANN-8d177bc6,True,LDR::A9283BFB,True,True,STIRRUP,STIRRUP,True,8,8,False,6.0,25.0,True,R13-B134-STIRRUP-fbf991,False,False,QUANTITY_RESOLUTION,quantity_overcount,HIGH
B134,GT::B134::0004::STIRRUP_HOOK,C - Hook,True,11D364E,LINE,True,BAR::SYN::B134::11D364E,True,B134,True,ANN-8d177bc6,True,LDR::A9283BFB,True,True,STIRRUP_HOOK,STIRRUP,True,8,8,False,13.0,25.0,True,R13-B134-STIRRUP-fbf991,False,False,QUANTITY_RESOLUTION,quantity_overcount,HIGH
B134,GT::B134::0005::STIRRUP_HOOK,C - Hook,True,11D364E,LINE,True,BAR::SYN::B134::11D364E,True,B134,True,ANN-8d177bc6,True,LDR::A9283BFB,True,True,STIRRUP_HOOK,STIRRUP,True,8,8,False,6.0,25.0,True,R13-B134-STIRRUP-fbf991,False,False,QUANTITY_RESOLUTION,quantity_overcount,HIGH
B134A,GT::B134A::0000::TOP_MAIN,Top bars,True,12379CB,LINE,True,BAR::SYN::B134A::12379CB,True,B134A,True,ANN-8ec13e05,True,LDR::943382A2,True,True,TOP_MAIN,TOP_MAIN,True,25,25,True,3.0,3.0,True,R13-B134A-TOP_MAIN-e6e54a,True,True,NO_FAILURE,excel_semantic_match,HIGH
B134A,GT::B134A::0001::BOTTOM_MAIN,Bottom bars,True,12379CB,LINE,True,BAR::SYN::B134A::12379CB,True,B134A,True,ANN-8ec13e05,True,LDR::943382A2,True,True,BOTTOM_MAIN,BOTTOM_MAIN,False,25,20,False,3.0,4.0,True,R13-B134A-BOTTOM_MAIN-be7ff5,True,False,DIAMETER_RESOLUTION,excel_wrong_diameter,HIGH
B134A,GT::B134A::0002::STIRRUP,Stirupps,True,12379CB,LINE,True,BAR::SYN::B134A::12379CB,True,B134A,True,ANN-8ec13e05,True,LDR::943382A2,True,True,STIRRUP,STIRRUP,True,10,10,False,30.0,33.0,True,R13-B134A-STIRRUP-137083,True,False,QUANTITY_RESOLUTION,excel_wrong_quantity,HIGH
B135,GT::B135::0000::TOP_MAIN,Top bars,True,11D4975,LINE,True,BAR::SYN::B135::11D4975,True,B135,True,ANN-4d4a80b4,True,LDR::1DF008FA,True,True,TOP_MAIN,TOP_MAIN,True,20,20,True,4.0,4.0,True,R13-B135-TOP_MAIN-7142de,False,False,VB1_INTEGRATION,not_consumed_by_vb1,MEDIUM
B135,GT::B135::0001::BOTTOM_MAIN,Bottom bars,True,11D4975,LINE,True,BAR::SYN::B135::11D4975,True,B135,True,ANN-4d4a80b4,True,LDR::1DF008FA,True,True,BOTTOM_MAIN,BOTTOM_MAIN,True,20,20,False,4.0,5.0,True,R13-B135-BOTTOM_MAIN-1162e8,False,False,QUANTITY_RESOLUTION,quantity_overcount,HIGH
B135,GT::B135::0002::TOP_EXTRA,Top bars -extra,True,11D4975,LINE,True,BAR::SYN::B135::11D4975,True,B135,True,ANN-4d4a80b4,True,LDR::1DF008FA,True,False,TOP_EXTRA,UNKNOWN,False,20,UNKNOWN,False,4.0,0.0,False,UNKNOWN,False,False,ROLE_RESOLUTION,role_missing_role,HIGH
B135,GT::B135::0003::STIRRUP,Stirupps,True,11D4975,LINE,True,BAR::SYN::B135::11D4975,True,B135,True,ANN-4d4a80b4,True,LDR::1DF008FA,True,False,STIRRUP,BOTTOM_EXTRA,False,10,20,False,60.0,3.0,True,R13-B135-STIRRUP-350319,True,False,ROLE_RESOLUTION,excel_wrong_role,HIGH
B135,GT::B135::0004::STIRRUP_HOOK,C - Hook,True,11D4975,LINE,True,BAR::SYN::B135::11D4975,True,B135,True,ANN-4d4a80b4,True,LDR::1DF008FA,True,True,STIRRUP_HOOK,STIRRUP,True,10,8,False,60.0,61.0,True,R13-B135-STIRRUP-350319,True,False,QUANTITY_RESOLUTION,excel_wrong_quantity,HIGH
B135,GT::B135::0005::SPACER_BAR,Spacer bars,True,11D4975,LINE,True,BAR::SYN::B135::11D4975,True,B135,True,ANN-4d4a80b4,True,LDR::1DF008FA,True,True,SPACER_BAR,SPACER_BAR,True,25,25,False,2.0,5.0,True,R13-B135-SPACER_BAR-74c9d2,False,False,QUANTITY_RESOLUTION,quantity_overcount,HIGH
B135,GT::B135::0000::TOP_MAIN,Top bars,True,11D4975,LINE,True,BAR::SYN::B135::11D4975,True,B135,True,ANN-4d4a80b4,True,LDR::1DF008FA,True,True,TOP_MAIN,TOP_MAIN,True,20,20,True,4.0,4.0,True,R13-B135-TOP_MAIN-7142de,False,False,VB1_INTEGRATION,not_consumed_by_vb1,MEDIUM
B135,GT::B135::0001::BOTTOM_MAIN,Bottom bars,True,11D4975,LINE,True,BAR::SYN::B135::11D4975,True,B135,True,ANN-4d4a80b4,True,LDR::1DF008FA,True,True,BOTTOM_MAIN,BOTTOM_MAIN,True,20,20,True,5.0,5.0,True,R13-B135-BOTTOM_MAIN-1162e8,False,False,VB1_INTEGRATION,not_consumed_by_vb1,MEDIUM
B135,GT::B135::0002::TOP_EXTRA,Top bars - extra,True,11D4975,LINE,True,BAR::SYN::B135::11D4975,True,B135,True,ANN-4d4a80b4,True,LDR::1DF008FA,True,False,TOP_EXTRA,UNKNOWN,False,16,UNKNOWN,False,4.0,0.0,False,UNKNOWN,False,False,ROLE_RESOLUTION,role_missing_role,HIGH
B135,GT::B135::0003::TOP_EXTRA,Top bars - extra,True,11D4975,LINE,True,BAR::SYN::B135::11D4975,True,B135,True,ANN-4d4a80b4,True,LDR::1DF008FA,True,False,TOP_EXTRA,UNKNOWN,False,20,UNKNOWN,False,4.0,0.0,False,UNKNOWN,False,False,ROLE_RESOLUTION,role_missing_role,HIGH
B135,GT::B135::0004::STIRRUP,Stirupps,True,11D4975,LINE,True,BAR::SYN::B135::11D4975,True,B135,True,ANN-4d4a80b4,True,LDR::1DF008FA,True,True,STIRRUP,STIRRUP,False,10,8,False,41.0,61.0,True,R13-B135-STIRRUP-350319,False,False,DIAMETER_RESOLUTION,diameter_wrong_diameter,HIGH
B135,GT::B135::0005::STIRRUP,Stirupps,True,11D4975,LINE,True,BAR::SYN::B135::11D4975,True,B135,True,ANN-4d4a80b4,True,LDR::1DF008FA,True,True,STIRRUP,STIRRUP,False,10,8,False,16.0,61.0,True,R13-B135-STIRRUP-350319,False,False,DIAMETER_RESOLUTION,diameter_wrong_diameter,HIGH
B135,GT::B135::0006::STIRRUP_HOOK,C - Hook,True,11D4975,LINE,True,BAR::SYN::B135::11D4975,True,B135,True,ANN-4d4a80b4,True,LDR::1DF008FA,True,True,STIRRUP_HOOK,STIRRUP,False,10,8,False,41.0,61.0,True,R13-B135-STIRRUP-350319,False,False,DIAMETER_RESOLUTION,diameter_wrong_diameter,HIGH
B135,GT::B135::0007::STIRRUP_HOOK,C - Hook,True,11D4975,LINE,True,BAR::SYN::B135::11D4975,True,B135,True,ANN-4d4a80b4,True,LDR::1DF008FA,True,True,STIRRUP_HOOK,STIRRUP,False,10,8,False,16.0,61.0,True,R13-B135-STIRRUP-350319,False,False,DIAMETER_RESOLUTION,diameter_wrong_diameter,HIGH
B135,GT::B135::0008::SPACER_BAR,Spacer bars,True,11D4975,LINE,True,BAR::SYN::B135::11D4975,True,B135,True,ANN-4d4a80b4,True,LDR::1DF008FA,True,True,SPACER_BAR,SPACER_BAR,True,25,25,False,4.0,5.0,True,R13-B135-SPACER_BAR-74c9d2,False,False,QUANTITY_RESOLUTION,quantity_overcount,HIGH
B135,GT::B135::0000::TOP_MAIN,Top bars,True,11D4975,LINE,True,BAR::SYN::B135::11D4975,True,B135,True,ANN-4d4a80b4,True,LDR::1DF008FA,True,True,TOP_MAIN,TOP_MAIN,True,20,20,False,6.0,4.0,True,R13-B135-TOP_MAIN-7142de,False,False,QUANTITY_RESOLUTION,quantity_undercount,HIGH
B135,GT::B135::0001::BOTTOM_MAIN,Bottom bars,True,11D4975,LINE,True,BAR::SYN::B135::11D4975,True,B135,True,ANN-4d4a80b4,True,LDR::1DF008FA,True,True,BOTTOM_MAIN,BOTTOM_MAIN,True,20,20,False,6.0,5.0,True,R13-B135-BOTTOM_MAIN-1162e8,False,False,QUANTITY_RESOLUTION,quantity_undercount,HIGH
B135,GT::B135::0002::TOP_EXTRA,Top bars - extra,True,11D4975,LINE,True,BAR::SYN::B135::11D4975,True,B135,True,ANN-4d4a80b4,True,LDR::1DF008FA,True,False,TOP_EXTRA,UNKNOWN,False,20,UNKNOWN,False,4.0,0.0,False,UNKNOWN,False,False,ROLE_RESOLUTION,role_missing_role,HIGH
B135,GT::B135::0003::TOP_EXTRA,Top bars - extra,True,11D4975,LINE,True,BAR::SYN::B135::11D4975,True,B135,True,ANN-94d2ff7a,False,UNKNOWN,False,False,TOP_EXTRA,UNKNOWN,False,20,UNKNOWN,False,3.0,0.0,False,UNKNOWN,False,False,LEADER_CHAIN,leader_broken_chain,MEDIUM
B135,GT::B135::0004::STIRRUP,Stirupps,True,11D4975,LINE,True,BAR::SYN::B135::11D4975,True,B135,True,ANN-4d4a80b4,True,LDR::1DF008FA,True,True,STIRRUP,STIRRUP,True,8,8,False,73.0,61.0,True,R13-B135-STIRRUP-350319,False,False,QUANTITY_RESOLUTION,quantity_undercount,HIGH
B135,GT::B135::0005::STIRRUP_HOOK,C - Hook,True,11D4975,LINE,True,BAR::SYN::B135::11D4975,True,B135,True,ANN-4d4a80b4,True,LDR::1DF008FA,True,True,STIRRUP_HOOK,STIRRUP,True,8,8,False,73.0,61.0,True,R13-B135-STIRRUP-350319,False,False,QUANTITY_RESOLUTION,quantity_undercount,HIGH
B135,GT::B135::0006::SPACER_BAR,Spacer bars,True,11D4975,LINE,True,BAR::SYN::B135::11D4975,True,B135,True,ANN-4d4a80b4,True,LDR::1DF008FA,True,True,SPACER_BAR,SPACER_BAR,True,25,25,False,4.0,5.0,True,R13-B135-SPACER_BAR-74c9d2,False,False,QUANTITY_RESOLUTION,quantity_overcount,HIGH
B136,GT::B136::0000::TOP_MAIN,Top bars,True,1220641,LINE,True,BAR::SYN::B136::1220641,True,B136,True,ANN-7f09036b,True,LDR::706BCF79,True,True,TOP_MAIN,TOP_MAIN,True,20,20,True,6.0,6.0,True,R13-B136-TOP_MAIN-55db96,True,True,NO_FAILURE,excel_semantic_match,HIGH
B136,GT::B136::0001::BOTTOM_MAIN,Bottom bars,True,1220641,LINE,True,BAR::SYN::B136::1220641,True,B136,True,ANN-7f09036b,True,LDR::706BCF79,True,False,BOTTOM_MAIN,UNKNOWN,False,20,UNKNOWN,False,6.0,0.0,False,UNKNOWN,False,False,ROLE_RESOLUTION,role_missing_role,HIGH
B136,GT::B136::0002::TOP_EXTRA,Top bars - extra,True,1220641,LINE,True,BAR::SYN::B136::1220641,True,B136,True,ANN-7f09036b,True,LDR::706BCF79,True,False,TOP_EXTRA,UNKNOWN,False,20,UNKNOWN,False,4.0,0.0,False,UNKNOWN,False,False,ROLE_RESOLUTION,role_missing_role,HIGH
B136,GT::B136::0003::TOP_EXTRA,Top bars - extra,True,1220641,LINE,True,BAR::SYN::B136::1220641,True,B136,True,ANN-499059d4,False,UNKNOWN,False,False,TOP_EXTRA,UNKNOWN,False,16,UNKNOWN,False,2.0,0.0,False,UNKNOWN,False,False,LEADER_CHAIN,leader_broken_chain,MEDIUM
B136,GT::B136::0004::STIRRUP,Stirupps,True,1220641,LINE,True,BAR::SYN::B136::1220641,True,B136,True,ANN-499059d4,False,UNKNOWN,False,True,STIRRUP,STIRRUP,True,10,10,False,49.0,73.0,True,R13-B136-STIRRUP-b5d3ab,True,False,QUANTITY_RESOLUTION,excel_wrong_quantity,HIGH
B136,GT::B136::0005::STIRRUP,Stirupps,True,1220641,LINE,True,BAR::SYN::B136::1220641,True,B136,True,ANN-499059d4,False,UNKNOWN,False,True,STIRRUP,STIRRUP,True,10,10,False,16.0,73.0,True,R13-B136-STIRRUP-b5d3ab,False,False,LEADER_CHAIN,leader_broken_chain,MEDIUM
B136,GT::B136::0006::STIRRUP_HOOK,C - Hook,True,1220641,LINE,True,BAR::SYN::B136::1220641,True,B136,True,ANN-499059d4,False,UNKNOWN,False,True,STIRRUP_HOOK,STIRRUP,True,10,10,False,49.0,73.0,True,R13-B136-STIRRUP-b5d3ab,False,False,LEADER_CHAIN,leader_broken_chain,MEDIUM
B136,GT::B136::0007::STIRRUP_HOOK,C - Hook,True,1220641,LINE,True,BAR::SYN::B136::1220641,True,B136,True,ANN-499059d4,False,UNKNOWN,False,True,STIRRUP_HOOK,STIRRUP,True,10,10,False,16.0,73.0,True,R13-B136-STIRRUP-b5d3ab,False,False,LEADER_CHAIN,leader_broken_chain,MEDIUM
B136,GT::B136::0008::SPACER_BAR,Spacer bars,True,1220641,LINE,True,BAR::SYN::B136::1220641,True,B136,True,ANN-499059d4,False,UNKNOWN,False,False,SPACER_BAR,UNKNOWN,False,25,UNKNOWN,False,4.0,0.0,False,UNKNOWN,False,False,LEADER_CHAIN,leader_broken_chain,MEDIUM
B14,GT::B14::0000::TOP_MAIN,Top bars,True,1213668,LINE,True,BAR::SYN::B14::1213668,True,B14,True,ANN-81e0d3bd,True,LDR::1CF838FB,True,True,TOP_MAIN,TOP_MAIN,True,20,20,True,4.0,4.0,True,R13-B14-TOP_MAIN-7fd048,True,False,NO_FAILURE,excel_semantic_match,HIGH
B14,GT::B14::0001::TOP_EXTRA,Top bars-extra,True,1213668,LINE,True,BAR::SYN::B14::1213668,True,B14,True,ANN-5666d987,True,LDR::2186B616,True,True,TOP_EXTRA,TOP_EXTRA,True,16,16,True,2.0,2.0,True,R13-B14-TOP_EXTRA-d73e51,True,False,NO_FAILURE,excel_semantic_match,HIGH
B14,GT::B14::0002::TOP_EXTRA,Top bars-extra,True,1213668,LINE,True,BAR::SYN::B14::1213668,True,B14,True,ANN-5666d987,True,LDR::2186B616,True,True,TOP_EXTRA,TOP_EXTRA,True,16,16,True,2.0,2.0,True,R13-B14-TOP_EXTRA-d73e51,True,False,NO_FAILURE,excel_semantic_match,HIGH
B14,GT::B14::0003::BOTTOM_MAIN,Bottom bars,True,1213668,LINE,True,BAR::SYN::B14::1213668,True,B14,True,ANN-81e0d3bd,True,LDR::1CF838FB,True,True,BOTTOM_MAIN,BOTTOM_MAIN,False,20,16,True,4.0,4.0,True,R13-B14-BOTTOM_MAIN-731adb,True,False,DIAMETER_RESOLUTION,excel_wrong_diameter,HIGH
B14,GT::B14::0004::BOTTOM_EXTRA,Bottom bars -extra,True,1213668,LINE,True,BAR::SYN::B14::1213668,True,B14,True,ANN-20d5a28b,True,LDR::CBE9B827,True,False,BOTTOM_EXTRA,TOP_EXTRA,True,12,12,True,2.0,2.0,True,VB1::B14::TOP_EXTRA,True,False,ROLE_RESOLUTION,excel_wrong_role,HIGH
B14,GT::B14::0005::STIRRUP,Stirupps,True,1213668,LINE,True,BAR::SYN::B14::1213668,True,B14,True,ANN-0be09012,False,UNKNOWN,False,True,STIRRUP,STIRRUP,True,10,10,False,37.0,55.0,True,R13-B14-STIRRUP-4e4c63,True,False,QUANTITY_RESOLUTION,excel_wrong_quantity,HIGH
B14,GT::B14::0006::STIRRUP,Stirupps,True,1213668,LINE,True,BAR::SYN::B14::1213668,True,B14,True,ANN-0be09012,False,UNKNOWN,False,True,STIRRUP,STIRRUP,True,10,10,False,5.0,55.0,True,R13-B14-STIRRUP-4e4c63,False,False,LEADER_CHAIN,leader_broken_chain,MEDIUM
B14,GT::B14::0007::STIRRUP_HOOK,C - Hook,True,1213668,LINE,True,BAR::SYN::B14::1213668,True,B14,True,ANN-0be09012,False,UNKNOWN,False,True,STIRRUP_HOOK,STIRRUP,True,10,10,False,37.0,55.0,True,R13-B14-STIRRUP-4e4c63,False,False,LEADER_CHAIN,leader_broken_chain,MEDIUM
B14,GT::B14::0008::STIRRUP_HOOK,C - Hook,True,1213668,LINE,True,BAR::SYN::B14::1213668,True,B14,True,ANN-0be09012,False,UNKNOWN,False,True,STIRRUP_HOOK,STIRRUP,True,10,10,False,5.0,55.0,True,R13-B14-STIRRUP-4e4c63,False,False,LEADER_CHAIN,leader_broken_chain,MEDIUM
B14,GT::B14::0009::SPACER_BAR,Spacer bars,True,1213668,LINE,True,BAR::SYN::B14::1213668,True,B14,True,ANN-0be09012,False,UNKNOWN,False,True,SPACER_BAR,SPACER_BAR,True,25,25,False,6.0,3.0,True,R13-B14-SPACER_BAR-a50543,True,False,QUANTITY_RESOLUTION,excel_wrong_quantity,HIGH
B140,GT::B140::0000::TOP_MAIN,Top bars,True,11D3F24,LINE,True,BAR::SYN::B140::11D3F24,True,B140,True,ANN-8ab19145,True,LDR::9D94E0C9,True,True,TOP_MAIN,TOP_MAIN,True,25,25,True,3.0,3.0,True,R13-B140-TOP_MAIN-e97901,True,False,NO_FAILURE,excel_semantic_match,HIGH
B140,GT::B140::0001::BOTTOM_MAIN,Bottom bars,True,11D3F24,LINE,True,BAR::SYN::B140::11D3F24,True,B140,True,ANN-8ab19145,True,LDR::9D94E0C9,True,True,BOTTOM_MAIN,BOTTOM_MAIN,False,25,16,False,3.0,2.0,True,R13-B140-BOTTOM_MAIN-431cef,True,False,DIAMETER_RESOLUTION,excel_wrong_diameter,HIGH
B140,GT::B140::0002::STIRRUP,Stirupps,True,11D3F24,LINE,True,BAR::SYN::B140::11D3F24,True,B140,True,ANN-a14bf585,True,LDR::9D94E0C9,True,True,STIRRUP,STIRRUP,True,10,10,True,20.0,21.0,True,R13-B140-STIRRUP-b58262,True,True,NO_FAILURE,excel_semantic_match,HIGH
B140,GT::B140::0003::STIRRUP_HOOK,C - Hook,True,11D3F24,LINE,True,BAR::SYN::B140::11D3F24,True,B140,True,ANN-a14bf585,True,LDR::9D94E0C9,True,True,STIRRUP_HOOK,STIRRUP,True,10,10,True,20.0,21.0,True,R13-B140-STIRRUP-b58262,False,False,VB1_INTEGRATION,not_consumed_by_vb1,MEDIUM
B141,GT::B141::0000::TOP_MAIN,Top bars,True,11D4025,LINE,True,BAR::99DD5378,True,B141,True,ANN-2adb0aed,True,LDR::4CA3EC48,True,True,TOP_MAIN,TOP_MAIN,False,20,16,True,5.0,5.0,True,R13-B141-TOP_MAIN-e1d22e,True,False,DIAMETER_RESOLUTION,excel_wrong_diameter,HIGH
B141,GT::B141::0001::BOTTOM_MAIN,Bottom bars,True,11D4025,LINE,True,BAR::99DD5378,True,B141,True,ANN-2adb0aed,True,LDR::4CA3EC48,True,False,BOTTOM_MAIN,UNKNOWN,False,16,UNKNOWN,False,5.0,0.0,False,UNKNOWN,False,False,ROLE_RESOLUTION,role_missing_role,HIGH
B141,GT::B141::0002::STIRRUP,Stirupps,True,11D4025,LINE,True,BAR::99DD5378,True,B141,True,ANN-2f359490,True,LDR::4CA3EC48,True,False,STIRRUP,UNKNOWN,False,8,UNKNOWN,False,13.0,0.0,False,UNKNOWN,False,False,ROLE_RESOLUTION,role_missing_role,HIGH
B141,GT::B141::0003::STIRRUP_HOOK,C - Hook,True,11D4025,LINE,True,BAR::99DD5378,True,B141,True,ANN-2f359490,True,LDR::4CA3EC48,True,False,STIRRUP_HOOK,UNKNOWN,False,8,UNKNOWN,False,13.0,0.0,False,UNKNOWN,False,False,ROLE_RESOLUTION,role_missing_role,HIGH
B142,GT::B142::0000::TOP_MAIN,Top bars,True,11D4025,LINE,True,BAR::SYN::B142::11D4025,True,B142,True,ANN-9f09fbe4,True,LDR::D7F0B608,True,True,TOP_MAIN,TOP_MAIN,True,16,16,True,4.0,4.0,True,R13-B142-TOP_MAIN-d57c0f,True,False,NO_FAILURE,excel_semantic_match,HIGH
B142,GT::B142::0001::BOTTOM_MAIN,Bottom bars,True,11D4025,LINE,True,BAR::SYN::B142::11D4025,True,B142,True,ANN-9f09fbe4,True,LDR::D7F0B608,True,True,BOTTOM_MAIN,BOTTOM_MAIN,False,16,25,True,4.0,4.0,True,R13-B142-BOTTOM_MAIN-71cc48,True,False,DIAMETER_RESOLUTION,excel_wrong_diameter,HIGH
B142,GT::B142::0002::STIRRUP,Stirupps,True,11D4025,LINE,True,BAR::SYN::B142::11D4025,True,B142,True,ANN-d4d1251b,True,LDR::D7F0B608,True,False,STIRRUP,UNKNOWN,False,8,UNKNOWN,False,28.0,0.0,False,UNKNOWN,False,False,ROLE_RESOLUTION,role_missing_role,HIGH
B144,GT::B144::0000::TOP_MAIN,Top bars,True,11D443A,LINE,True,BAR::SYN::B144::11D443A,True,B144,True,ANN-d631ac8a,True,LDR::D3667B61,True,True,TOP_MAIN,TOP_MAIN,True,25,25,True,3.0,3.0,True,R13-B144-TOP_MAIN-290edd,True,False,NO_FAILURE,excel_semantic_match,HIGH
B144,GT::B144::0001::BOTTOM_MAIN,Bottom bars,True,11D443A,LINE,True,BAR::SYN::B144::11D443A,True,B144,True,ANN-d631ac8a,True,LDR::D3667B61,True,True,BOTTOM_MAIN,BOTTOM_MAIN,False,25,20,False,3.0,4.0,True,R13-B144-BOTTOM_MAIN-664cde,True,False,DIAMETER_RESOLUTION,excel_wrong_diameter,HIGH
B144,GT::B144::0002::STIRRUP,Stirupps,True,11D443A,LINE,True,BAR::SYN::B144::11D443A,True,B144,True,ANN-48d936a3,True,LDR::D3667B61,True,True,STIRRUP,STIRRUP,False,12,10,True,13.0,13.0,True,R13-B144-STIRRUP-d94ac9,True,False,DIAMETER_RESOLUTION,excel_wrong_diameter,HIGH
B144,GT::B144::0003::STIRRUP_HOOK,C - Hook,True,11D443A,LINE,True,BAR::SYN::B144::11D443A,True,B144,True,ANN-48d936a3,True,LDR::D3667B61,True,True,STIRRUP_HOOK,STIRRUP,False,12,10,True,13.0,13.0,True,R13-B144-STIRRUP-d94ac9,False,False,DIAMETER_RESOLUTION,diameter_wrong_diameter,HIGH
B145,GT::B145::0000::TOP_MAIN,Top bars,True,11D4C54,LINE,True,BAR::B3D5D9E1,True,B145,True,ANN-21e8dc49,True,LDR::577823CA,False,True,TOP_MAIN,TOP_MAIN,True,25,25,True,3.0,3.0,True,R13-B145-TOP_MAIN-4ed1e4,True,False,NO_FAILURE,excel_semantic_match,HIGH
B145,GT::B145::0001::BOTTOM_MAIN,Bottom bars,True,11D4C54,LINE,True,BAR::B3D5D9E1,True,B145,True,ANN-21e8dc49,True,LDR::577823CA,False,True,BOTTOM_MAIN,BOTTOM_MAIN,False,25,16,False,23.0,4.0,True,R13-B145-BOTTOM_MAIN-e48c3f,True,False,DIAMETER_RESOLUTION,excel_wrong_diameter,HIGH
B145,GT::B145::0002::STIRRUP,Stirupps,True,11D4C54,LINE,True,BAR::B3D5D9E1,True,B145,True,ANN-21e8dc49,True,LDR::577823CA,True,False,STIRRUP,UNKNOWN,False,10,UNKNOWN,False,10.0,0.0,False,UNKNOWN,False,False,ROLE_RESOLUTION,role_missing_role,HIGH
B145,GT::B145::0003::STIRRUP_HOOK,C - Hook,True,11D4C54,LINE,True,BAR::B3D5D9E1,True,B145,True,ANN-21e8dc49,True,LDR::577823CA,True,False,STIRRUP_HOOK,UNKNOWN,False,10,UNKNOWN,False,10.0,0.0,False,UNKNOWN,False,False,ROLE_RESOLUTION,role_missing_role,HIGH
B147,GT::B147::0000::TOP_MAIN,Top bars,True,11D52B3,LINE,True,BAR::SYN::B147::11D52B3,True,B147,True,ANN-b03c8351,True,LDR::4A00BF59,True,True,TOP_MAIN,TOP_MAIN,True,25,25,True,4.0,4.0,True,R13-B147-TOP_MAIN-fe6256,True,False,NO_FAILURE,excel_semantic_match,HIGH
B147,GT::B147::0001::BOTTOM_MAIN,Bottom bars,True,11D52B3,LINE,True,BAR::SYN::B147::11D52B3,True,B147,True,ANN-b03c8351,True,LDR::4A00BF59,True,True,BOTTOM_MAIN,BOTTOM_MAIN,False,25,16,True,4.0,4.0,True,R13-B147-BOTTOM_MAIN-243646,True,False,DIAMETER_RESOLUTION,excel_wrong_diameter,HIGH
B147,GT::B147::0002::STIRRUP,Stirupps,True,11D52B3,LINE,True,BAR::SYN::B147::11D52B3,True,B147,True,ANN-b03c8351,True,LDR::4A00BF59,True,False,STIRRUP,UNKNOWN,False,12,UNKNOWN,False,14.0,0.0,False,UNKNOWN,False,False,ROLE_RESOLUTION,role_missing_role,HIGH
B147,GT::B147::0003::STIRRUP_HOOK,C - Hook,True,11D52B3,LINE,True,BAR::SYN::B147::11D52B3,True,B147,True,ANN-b03c8351,True,LDR::4A00BF59,True,False,STIRRUP_HOOK,UNKNOWN,False,12,UNKNOWN,False,14.0,0.0,False,UNKNOWN,False,False,ROLE_RESOLUTION,role_missing_role,HIGH
B148,GT::B148::0000::TOP_MAIN,Top bars,True,1221A50,LINE,True,BAR::SYN::B148::1221A50,True,B148,True,ANN-1bfae9c9,True,LDR::ECF76656,True,True,TOP_MAIN,TOP_MAIN,True,20,20,True,5.0,5.0,True,R13-B148-TOP_MAIN-fa082d,True,False,NO_FAILURE,excel_semantic_match,HIGH
B148,GT::B148::0001::BOTTOM_MAIN,Bottom bars,True,1221A50,LINE,True,BAR::SYN::B148::1221A50,True,B148,True,ANN-1bfae9c9,True,LDR::ECF76656,True,True,BOTTOM_MAIN,BOTTOM_MAIN,True,20,20,False,5.0,4.0,True,R13-B148-BOTTOM_MAIN-b1130d,True,False,QUANTITY_RESOLUTION,excel_wrong_quantity,HIGH
B148,GT::B148::0002::TOP_EXTRA,Top bars - extra,True,1221A50,LINE,True,BAR::SYN::B148::1221A50,True,B148,True,ANN-1bfae9c9,True,LDR::ECF76656,True,False,TOP_EXTRA,UNKNOWN,False,20,UNKNOWN,False,3.0,0.0,False,UNKNOWN,False,False,ROLE_RESOLUTION,role_missing_role,HIGH
B148,GT::B148::0003::TOP_EXTRA,Top bars - extra,True,1221A50,LINE,True,BAR::SYN::B148::1221A50,True,B148,True,ANN-1bfae9c9,True,LDR::ECF76656,True,False,TOP_EXTRA,UNKNOWN,False,20,UNKNOWN,False,3.0,0.0,False,UNKNOWN,False,False,ROLE_RESOLUTION,role_missing_role,HIGH
B148,GT::B148::0004::BOTTOM_EXTRA,Bottom bars - extra,True,1221A50,LINE,True,BAR::SYN::B148::1221A50,True,B148,True,ANN-1bfae9c9,True,LDR::ECF76656,True,False,BOTTOM_EXTRA,UNKNOWN,False,20,UNKNOWN,False,3.0,0.0,False,UNKNOWN,False,False,ROLE_RESOLUTION,role_missing_role,HIGH
B148,GT::B148::0005::STIRRUP,Stirupps,True,1221A50,LINE,True,BAR::SYN::B148::1221A50,True,B148,True,ANN-afe2e48b,True,LDR::326E5698,True,True,STIRRUP,STIRRUP,True,10,10,False,43.0,62.0,True,R13-B148-STIRRUP-a0e6b0,True,False,QUANTITY_RESOLUTION,excel_wrong_quantity,HIGH
B148,GT::B148::0006::STIRRUP,Stirupps,True,1221A50,LINE,True,BAR::SYN::B148::1221A50,True,B148,True,ANN-afe2e48b,True,LDR::326E5698,True,True,STIRRUP,STIRRUP,False,10,12,False,17.0,62.0,True,R13-B148-STIRRUP-a0e6b0,True,False,DIAMETER_RESOLUTION,excel_wrong_diameter,HIGH
B148,GT::B148::0007::STIRRUP_HOOK,C - Hook,True,1221A50,LINE,True,BAR::SYN::B148::1221A50,True,B148,True,ANN-afe2e48b,True,LDR::326E5698,True,True,STIRRUP_HOOK,STIRRUP,True,10,10,False,43.0,62.0,True,R13-B148-STIRRUP-a0e6b0,False,False,QUANTITY_RESOLUTION,quantity_overcount,HIGH
B148,GT::B148::0008::STIRRUP_HOOK,C - Hook,True,1221A50,LINE,True,BAR::SYN::B148::1221A50,True,B148,True,ANN-afe2e48b,True,LDR::326E5698,True,True,STIRRUP_HOOK,STIRRUP,True,10,10,False,17.0,62.0,True,R13-B148-STIRRUP-a0e6b0,False,False,QUANTITY_RESOLUTION,quantity_overcount,HIGH
B148,GT::B148::0009::SPACER_BAR,Spacer bars,True,1221A50,LINE,True,BAR::SYN::B148::1221A50,True,B148,True,ANN-afe2e48b,True,LDR::326E5698,True,False,SPACER_BAR,UNKNOWN,False,25,UNKNOWN,False,9.0,0.0,False,UNKNOWN,False,False,ROLE_RESOLUTION,role_missing_role,HIGH
B149,GT::B149::0000::TOP_MAIN,Top bars,True,11D4975,LINE,True,BAR::E25B3B23,True,B149,True,ANN-798293c2,True,LDR::D591C84B,False,True,TOP_MAIN,TOP_MAIN,False,25,20,True,5.0,5.0,True,R13-B149-TOP_MAIN-7fec65,False,False,LEADER_CHAIN,leader_wrong_target,MEDIUM
B149,GT::B149::0001::BOTTOM_MAIN,Bottom bars,True,11D4975,LINE,True,BAR::E25B3B23,True,B149,True,ANN-798293c2,True,LDR::D591C84B,False,True,BOTTOM_MAIN,BOTTOM_MAIN,False,25,20,False,5.0,3.0,True,R13-B149-BOTTOM_MAIN-145f3c,False,False,LEADER_CHAIN,leader_wrong_target,MEDIUM
B149,GT::B149::0002::STIRRUP,Stirupps,True,11D4975,LINE,True,BAR::E25B3B23,True,B149,True,ANN-1018b70d,True,LDR::7A422ADC,True,True,STIRRUP,STIRRUP,True,8,8,True,18.0,18.0,True,R13-B149-STIRRUP-4d804f,False,False,VB1_INTEGRATION,not_consumed_by_vb1,MEDIUM
B149,GT::B149::0000::TOP_MAIN,Top bars,True,11D4975,LINE,True,BAR::E25B3B23,True,B149,True,ANN-1018b70d,True,LDR::7A422ADC,False,True,TOP_MAIN,TOP_MAIN,False,16,20,False,3.0,5.0,True,R13-B149-TOP_MAIN-7fec65,False,False,LEADER_CHAIN,leader_wrong_target,MEDIUM
B149,GT::B149::0001::BOTTOM_MAIN,Bottom bars,True,11D4975,LINE,True,BAR::E25B3B23,True,B149,True,ANN-1018b70d,True,LDR::7A422ADC,False,True,BOTTOM_MAIN,BOTTOM_MAIN,False,16,20,True,3.0,3.0,True,R13-B149-BOTTOM_MAIN-145f3c,False,False,LEADER_CHAIN,leader_wrong_target,MEDIUM
B149,GT::B149::0002::STIRRUP,Stirupps,True,11D4975,LINE,True,BAR::E25B3B23,True,B149,True,ANN-1018b70d,True,LDR::7A422ADC,True,True,STIRRUP,STIRRUP,True,8,8,False,17.0,18.0,True,R13-B149-STIRRUP-4d804f,False,False,QUANTITY_RESOLUTION,quantity_overcount,HIGH
B149,GT::B149::0003::STIRRUP,Stirupps,True,11D4975,LINE,True,BAR::E25B3B23,True,B149,True,ANN-1018b70d,True,LDR::7A422ADC,True,True,STIRRUP,STIRRUP,True,8,8,False,5.0,18.0,True,R13-B149-STIRRUP-4d804f,False,False,QUANTITY_RESOLUTION,quantity_overcount,HIGH
B149,GT::B149::0004::STIRRUP_HOOK,C - Hook,True,11D4975,LINE,True,BAR::E25B3B23,True,B149,True,ANN-1018b70d,True,LDR::7A422ADC,True,True,STIRRUP_HOOK,STIRRUP,True,8,8,False,17.0,18.0,True,R13-B149-STIRRUP-4d804f,False,False,QUANTITY_RESOLUTION,quantity_overcount,HIGH
B149,GT::B149::0005::STIRRUP_HOOK,C - Hook,True,11D4975,LINE,True,BAR::E25B3B23,True,B149,True,ANN-1018b70d,True,LDR::7A422ADC,True,True,STIRRUP_HOOK,STIRRUP,True,8,8,False,5.0,18.0,True,R13-B149-STIRRUP-4d804f,False,False,QUANTITY_RESOLUTION,quantity_overcount,HIGH
B15,GT::B15::0000::TOP_MAIN,Top bars,True,11C88FB,LINE,True,BAR::SYN::B15::11C88FB,True,B15,True,ANN-4e752e62,True,LDR::4A5B63BC,True,True,TOP_MAIN,TOP_MAIN,True,20,20,True,4.0,4.0,True,R13-B15-TOP_MAIN-e06a21,True,True,NO_FAILURE,excel_semantic_match,HIGH
B15,GT::B15::0001::TOP_EXTRA,Top bars-extra,True,11C88FB,LINE,True,BAR::SYN::B15::11C88FB,True,B15,True,ANN-73b173f0,True,LDR::90E69991,True,True,TOP_EXTRA,TOP_EXTRA,True,16,16,True,2.0,2.0,True,R13-B15-TOP_EXTRA-9d8151,True,False,NO_FAILURE,excel_semantic_match,HIGH
B15,GT::B15::0002::BOTTOM_MAIN,Bottom bars,True,11C88FB,LINE,True,BAR::SYN::B15::11C88FB,True,B15,True,ANN-4e752e62,True,LDR::4A5B63BC,True,True,BOTTOM_MAIN,BOTTOM_MAIN,True,20,20,False,4.0,7.0,True,R13-B15-BOTTOM_MAIN-5de83d,True,False,QUANTITY_RESOLUTION,excel_wrong_quantity,HIGH
B15,GT::B15::0003::BOTTOM_EXTRA,Bottom bars -extra,True,11C88FB,LINE,True,BAR::SYN::B15::11C88FB,True,B15,True,ANN-73b173f0,True,LDR::90E69991,True,True,BOTTOM_EXTRA,BOTTOM_EXTRA,False,12,25,False,2.0,4.0,True,R13-B15-BOTTOM_EXTRA-11e92e,True,False,DIAMETER_RESOLUTION,excel_wrong_diameter,HIGH
B15,GT::B15::0004::STIRRUP,Stirupps,True,11C88FB,LINE,True,BAR::SYN::B15::11C88FB,True,B15,True,ANN-901151f3,False,UNKNOWN,False,True,STIRRUP,STIRRUP,True,8,8,False,41.0,61.0,True,R13-B15-STIRRUP-d94827,True,False,QUANTITY_RESOLUTION,excel_wrong_quantity,HIGH
B15,GT::B15::0005::STIRRUP,Stirupps,True,11C88FB,LINE,True,BAR::SYN::B15::11C88FB,True,B15,True,ANN-901151f3,False,UNKNOWN,False,True,STIRRUP,STIRRUP,True,8,8,False,16.0,61.0,True,R13-B15-STIRRUP-d94827,False,False,LEADER_CHAIN,leader_broken_chain,MEDIUM
B15,GT::B15::0006::STIRRUP_HOOK,C - Hook,True,11C88FB,LINE,True,BAR::SYN::B15::11C88FB,True,B15,True,ANN-901151f3,False,UNKNOWN,False,True,STIRRUP_HOOK,STIRRUP,True,8,8,False,41.0,61.0,True,R13-B15-STIRRUP-d94827,False,False,LEADER_CHAIN,leader_broken_chain,MEDIUM
B15,GT::B15::0007::STIRRUP_HOOK,C - Hook,True,11C88FB,LINE,True,BAR::SYN::B15::11C88FB,True,B15,True,ANN-901151f3,False,UNKNOWN,False,True,STIRRUP_HOOK,STIRRUP,True,8,8,False,16.0,61.0,True,R13-B15-STIRRUP-d94827,False,False,LEADER_CHAIN,leader_broken_chain,MEDIUM
B15,GT::B15::0008::SPACER_BAR,Spacer bars,True,11C88FB,LINE,True,BAR::SYN::B15::11C88FB,True,B15,True,ANN-901151f3,False,UNKNOWN,False,True,SPACER_BAR,SPACER_BAR,True,25,25,False,12.0,3.0,True,R13-B15-SPACER_BAR-a82dd5,True,False,QUANTITY_RESOLUTION,excel_wrong_quantity,HIGH
B150,GT::B150::0000::TOP_MAIN,Top bars,True,11D4C56,LINE,True,BAR::SYN::B150::11D4C56,True,B150,True,ANN-392c487c,True,LDR::654B20EF,True,True,TOP_MAIN,TOP_MAIN,True,16,16,True,4.0,4.0,True,R13-B150-TOP_MAIN-98eff5,True,False,NO_FAILURE,excel_semantic_match,HIGH
B150,GT::B150::0001::BOTTOM_MAIN,Bottom bars,True,11D4C56,LINE,True,BAR::SYN::B150::11D4C56,True,B150,True,ANN-392c487c,True,LDR::654B20EF,True,True,BOTTOM_MAIN,BOTTOM_MAIN,True,16,16,False,4.0,3.0,True,R13-B150-BOTTOM_MAIN-3bb4cf,True,False,QUANTITY_RESOLUTION,excel_wrong_quantity,HIGH
B150,GT::B150::0002::STIRRUP,Stirupps,True,11D4C56,LINE,True,BAR::SYN::B150::11D4C56,True,B150,True,ANN-1357090a,True,LDR::654B20EF,True,True,STIRRUP,STIRRUP,True,8,8,False,24.0,38.0,True,R13-B150-STIRRUP-602942,True,False,QUANTITY_RESOLUTION,excel_wrong_quantity,HIGH
B152,GT::B152::0000::TOP_MAIN,Top bars,True,124756F,LINE,True,BAR::SYN::B152::124756F,True,B152,True,ANN-5c37a9e9,False,UNKNOWN,False,True,TOP_MAIN,TOP_MAIN,True,20,20,True,4.0,4.0,True,R13-B152-TOP_MAIN-a26377,True,False,NO_FAILURE,excel_semantic_match,HIGH
B152,GT::B152::0001::BOTTOM_MAIN,Bottom bars,True,124756F,LINE,True,BAR::SYN::B152::124756F,True,B152,True,ANN-5c37a9e9,False,UNKNOWN,False,True,BOTTOM_MAIN,BOTTOM_MAIN,True,20,20,False,4.0,5.0,True,R13-B152-BOTTOM_MAIN-ceac94,True,False,QUANTITY_RESOLUTION,excel_wrong_quantity,HIGH
B152,GT::B152::0002::BOTTOM_EXTRA,Bottom bars - extra,True,124756F,LINE,True,BAR::SYN::B152::124756F,True,B152,True,ANN-5c37a9e9,False,UNKNOWN,False,False,BOTTOM_EXTRA,UNKNOWN,False,16,UNKNOWN,False,4.0,0.0,False,UNKNOWN,False,False,LEADER_CHAIN,leader_broken_chain,MEDIUM
B152,GT::B152::0003::STIRRUP,Stirupps,True,124756F,LINE,True,BAR::SYN::B152::124756F,True,B152,True,ANN-5c37a9e9,False,UNKNOWN,False,True,STIRRUP,STIRRUP,True,8,8,False,41.0,60.0,True,R13-B152-STIRRUP-5a506d,True,False,QUANTITY_RESOLUTION,excel_wrong_quantity,HIGH
B152,GT::B152::0004::STIRRUP,Stirupps,True,124756F,LINE,True,BAR::SYN::B152::124756F,True,B152,True,ANN-5c37a9e9,False,UNKNOWN,False,True,STIRRUP,STIRRUP,True,8,8,False,16.0,60.0,True,R13-B152-STIRRUP-5a506d,False,False,LEADER_CHAIN,leader_broken_chain,MEDIUM
B152,GT::B152::0005::STIRRUP_HOOK,C - Hook,True,124756F,LINE,True,BAR::SYN::B152::124756F,True,B152,True,ANN-5c37a9e9,False,UNKNOWN,False,True,STIRRUP_HOOK,STIRRUP,True,8,8,False,41.0,60.0,True,R13-B152-STIRRUP-5a506d,False,False,LEADER_CHAIN,leader_broken_chain,MEDIUM
B152,GT::B152::0006::STIRRUP_HOOK,C - Hook,True,124756F,LINE,True,BAR::SYN::B152::124756F,True,B152,True,ANN-5c37a9e9,False,UNKNOWN,False,True,STIRRUP_HOOK,STIRRUP,True,8,8,False,16.0,60.0,True,R13-B152-STIRRUP-5a506d,False,False,LEADER_CHAIN,leader_broken_chain,MEDIUM
B152,GT::B152::0007::SPACER_BAR,Spacer bars,True,124756F,LINE,True,BAR::SYN::B152::124756F,True,B152,True,ANN-5c37a9e9,False,UNKNOWN,False,False,SPACER_BAR,UNKNOWN,False,25,UNKNOWN,False,5.0,0.0,False,UNKNOWN,False,False,LEADER_CHAIN,leader_broken_chain,MEDIUM
B154,GT::B154::0000::TOP_MAIN,Top bars,True,11D5045,LINE,True,BAR::SYN::B154::11D5045,True,B154,True,ANN-3f5261e9,True,LDR::247393B2,True,True,TOP_MAIN,TOP_MAIN,True,20,20,True,3.0,3.0,True,R13-B154-TOP_MAIN-93012f,True,False,NO_FAILURE,excel_semantic_match,HIGH
B154,GT::B154::0001::BOTTOM_MAIN,Bottom bars,True,11D5045,LINE,True,BAR::SYN::B154::11D5045,True,B154,True,ANN-3f5261e9,True,LDR::247393B2,True,False,BOTTOM_MAIN,UNKNOWN,False,20,UNKNOWN,False,3.0,0.0,False,UNKNOWN,False,False,ROLE_RESOLUTION,role_missing_role,HIGH
B154,GT::B154::0002::TOP_MAIN,Top bars,True,11D5045,LINE,True,BAR::SYN::B154::11D5045,True,B154,True,ANN-01ac3fb3,True,LDR::247393B2,True,True,TOP_MAIN,TOP_MAIN,False,25,20,False,2.0,3.0,True,R13-B154-TOP_MAIN-93012f,False,False,DIAMETER_RESOLUTION,diameter_wrong_diameter,HIGH
B154,GT::B154::0003::STIRRUP,Stirupps,True,11D5045,LINE,True,BAR::SYN::B154::11D5045,True,B154,True,ANN-01ac3fb3,True,LDR::247393B2,True,True,STIRRUP,STIRRUP,True,10,10,False,14.0,24.0,True,R13-B154-STIRRUP-056305,True,False,QUANTITY_RESOLUTION,excel_wrong_quantity,HIGH
B154,GT::B154::0004::STIRRUP_HOOK,C - Hook,True,11D5045,LINE,True,BAR::SYN::B154::11D5045,True,B154,True,ANN-01ac3fb3,True,LDR::247393B2,True,True,STIRRUP_HOOK,STIRRUP,True,10,10,False,14.0,24.0,True,R13-B154-STIRRUP-056305,False,False,QUANTITY_RESOLUTION,quantity_overcount,HIGH
B156,GT::B156::0000::TOP_MAIN,Top bars,True,11D5771,LINE,True,BAR::SYN::B156::11D5771,True,B156,True,ANN-1a870e4c,True,LDR::80810B8E,True,True,TOP_MAIN,TOP_MAIN,False,20,25,False,4.0,3.0,True,R13-B156-TOP_MAIN-67eb87,True,False,DIAMETER_RESOLUTION,excel_wrong_diameter,HIGH
B156,GT::B156::0001::BOTTOM_MAIN,Bottom bars,True,11D5771,LINE,True,BAR::SYN::B156::11D5771,True,B156,True,ANN-1a870e4c,True,LDR::80810B8E,True,True,BOTTOM_MAIN,BOTTOM_MAIN,True,20,20,True,4.0,4.0,True,R13-B156-BOTTOM_MAIN-f9ca57,True,False,NO_FAILURE,excel_semantic_match,HIGH
B156,GT::B156::0002::STIRRUP,Stirupps,True,11D5771,LINE,True,BAR::SYN::B156::11D5771,True,B156,True,ANN-1a870e4c,True,LDR::80810B8E,True,True,STIRRUP,STIRRUP,False,8,10,False,31.0,44.0,True,R13-B156-STIRRUP-770803,True,False,DIAMETER_RESOLUTION,excel_wrong_diameter,HIGH
B156,GT::B156::0003::STIRRUP,Stirupps,True,11D5771,LINE,True,BAR::SYN::B156::11D5771,True,B156,True,ANN-1a870e4c,True,LDR::80810B8E,True,True,STIRRUP,STIRRUP,False,8,10,False,9.0,44.0,True,R13-B156-STIRRUP-770803,False,False,DIAMETER_RESOLUTION,diameter_wrong_diameter,HIGH
B156,GT::B156::0004::STIRRUP_HOOK,C - Hook,True,11D5771,LINE,True,BAR::SYN::B156::11D5771,True,B156,True,ANN-1a870e4c,True,LDR::80810B8E,True,True,STIRRUP_HOOK,STIRRUP,False,8,10,False,31.0,44.0,True,R13-B156-STIRRUP-770803,False,False,DIAMETER_RESOLUTION,diameter_wrong_diameter,HIGH
B156,GT::B156::0005::STIRRUP_HOOK,C - Hook,True,11D5771,LINE,True,BAR::SYN::B156::11D5771,True,B156,True,ANN-1a870e4c,True,LDR::80810B8E,True,True,STIRRUP_HOOK,STIRRUP,False,8,10,False,9.0,44.0,True,R13-B156-STIRRUP-770803,False,False,DIAMETER_RESOLUTION,diameter_wrong_diameter,HIGH
B158165,GT::B158165::0000::TOP_MAIN,Top bars,False,UNKNOWN,UNKNOWN,False,UNKNOWN,False,UNKNOWN,False,UNKNOWN,False,UNKNOWN,False,False,TOP_MAIN,UNKNOWN,False,20,UNKNOWN,False,4.0,0.0,False,UNKNOWN,False,False,DXF_GEOMETRY,no_dxf_geometry_for_beam_role,MEDIUM
B158165,GT::B158165::0001::BOTTOM_MAIN,Bottom bars,False,UNKNOWN,UNKNOWN,False,UNKNOWN,False,UNKNOWN,False,UNKNOWN,False,UNKNOWN,False,False,BOTTOM_MAIN,UNKNOWN,False,20,UNKNOWN,False,4.0,0.0,False,UNKNOWN,False,False,DXF_GEOMETRY,no_dxf_geometry_for_beam_role,MEDIUM
B158165,GT::B158165::0002::STIRRUP,Stirupps,False,UNKNOWN,UNKNOWN,False,UNKNOWN,False,UNKNOWN,False,UNKNOWN,False,UNKNOWN,False,False,STIRRUP,UNKNOWN,False,10,UNKNOWN,False,20.0,0.0,False,UNKNOWN,False,False,PHYSICAL_BAR_DETECTION,no_physical_bar_or_text_primary_evidence,MEDIUM
B158165,GT::B158165::0003::STIRRUP_HOOK,C - Hook,False,UNKNOWN,UNKNOWN,False,UNKNOWN,False,UNKNOWN,False,UNKNOWN,False,UNKNOWN,False,False,STIRRUP_HOOK,UNKNOWN,False,10,UNKNOWN,False,20.0,0.0,False,UNKNOWN,False,False,PHYSICAL_BAR_DETECTION,no_physical_bar_or_text_primary_evidence,MEDIUM
B158165,GT::B158165::0004::UNKNOWN,B158A/165A,False,UNKNOWN,UNKNOWN,False,UNKNOWN,False,UNKNOWN,False,UNKNOWN,False,UNKNOWN,False,False,UNKNOWN,UNKNOWN,False,2,UNKNOWN,False,0.4,0.0,False,UNKNOWN,False,False,DXF_GEOMETRY,no_dxf_geometry_for_beam_role,MEDIUM
B158165,GT::B158165::0005::TOP_MAIN,Top bars,False,UNKNOWN,UNKNOWN,False,UNKNOWN,False,UNKNOWN,False,UNKNOWN,False,UNKNOWN,False,False,TOP_MAIN,UNKNOWN,False,20,UNKNOWN,False,4.0,0.0,False,UNKNOWN,False,False,DXF_GEOMETRY,no_dxf_geometry_for_beam_role,MEDIUM
B158165,GT::B158165::0006::BOTTOM_MAIN,Bottom bars,False,UNKNOWN,UNKNOWN,False,UNKNOWN,False,UNKNOWN,False,UNKNOWN,False,UNKNOWN,False,False,BOTTOM_MAIN,UNKNOWN,False,20,UNKNOWN,False,4.0,0.0,False,UNKNOWN,False,False,DXF_GEOMETRY,no_dxf_geometry_for_beam_role,MEDIUM
B158165,GT::B158165::0007::TOP_EXTRA,Top bars - extra,False,UNKNOWN,UNKNOWN,False,UNKNOWN,False,UNKNOWN,False,UNKNOWN,False,UNKNOWN,False,False,TOP_EXTRA,UNKNOWN,False,20,UNKNOWN,False,4.0,0.0,False,UNKNOWN,False,False,DXF_GEOMETRY,no_dxf_geometry_for_beam_role,MEDIUM
B158165,GT::B158165::0008::STIRRUP,Stirupps,False,UNKNOWN,UNKNOWN,False,UNKNOWN,False,UNKNOWN,False,UNKNOWN,False,UNKNOWN,False,False,STIRRUP,UNKNOWN,False,12,UNKNOWN,False,12.0,0.0,False,UNKNOWN,False,False,PHYSICAL_BAR_DETECTION,no_physical_bar_or_text_primary_evidence,MEDIUM
B158165,GT::B158165::0009::STIRRUP_HOOK,C - Hook,False,UNKNOWN,UNKNOWN,False,UNKNOWN,False,UNKNOWN,False,UNKNOWN,False,UNKNOWN,False,False,STIRRUP_HOOK,UNKNOWN,False,12,UNKNOWN,False,12.0,0.0,False,UNKNOWN,False,False,PHYSICAL_BAR_DETECTION,no_physical_bar_or_text_primary_evidence,MEDIUM
B159,GT::B159::0000::TOP_MAIN,Top bars,True,124754F,LINE,True,BAR::CD4248B1,True,B159,True,ANN-e0a652c7,True,LDR::61CE4DCF,True,True,TOP_MAIN,TOP_MAIN,True,20,20,True,5.0,5.0,True,R13-B159-TOP_MAIN-8abfdb,False,False,VB1_INTEGRATION,not_consumed_by_vb1,MEDIUM
B159,GT::B159::0001::BOTTOM_MAIN,Bottom bars,True,124754F,LINE,True,BAR::CD4248B1,True,B159,True,ANN-e0a652c7,True,LDR::61CE4DCF,True,False,BOTTOM_MAIN,BOTTOM_EXTRA,False,20,16,True,5.0,5.0,True,R13-B159-BOTTOM_MAIN-15defa,True,False,ROLE_RESOLUTION,excel_wrong_role,HIGH
B159,GT::B159::0002::TOP_EXTRA,Top bars - extra,True,124754F,LINE,True,BAR::CD4248B1,True,B159,True,ANN-e0a652c7,True,LDR::61CE4DCF,True,True,TOP_EXTRA,STIRRUP,True,20,12,False,3.0,66.0,True,VB1::B159::STIRRUP,True,False,QUANTITY_RESOLUTION,excel_wrong_quantity,HIGH
B159,GT::B159::0003::TOP_EXTRA,Top bars - extra,True,124754F,LINE,True,BAR::CD4248B1,True,B159,True,ANN-e0a652c7,True,LDR::61CE4DCF,True,False,TOP_EXTRA,UNKNOWN,False,20,UNKNOWN,False,3.0,0.0,False,UNKNOWN,False,False,ROLE_RESOLUTION,role_missing_role,HIGH
B159,GT::B159::0004::STIRRUP,Stirupps,True,124754F,LINE,True,BAR::CD4248B1,True,B159,True,ANN-b2d0804e,True,LDR::61CE4DCF,True,True,STIRRUP,STIRRUP,True,12,12,True,65.0,66.0,True,R13-B159-STIRRUP-d8c752,False,False,VB1_INTEGRATION,not_consumed_by_vb1,MEDIUM
B159,GT::B159::0005::STIRRUP_HOOK,C - Hook,True,124754F,LINE,True,BAR::CD4248B1,True,B159,True,ANN-b2d0804e,True,LDR::61CE4DCF,True,True,STIRRUP_HOOK,STIRRUP,True,12,12,True,65.0,66.0,True,R13-B159-STIRRUP-d8c752,False,False,VB1_INTEGRATION,not_consumed_by_vb1,MEDIUM
B159,GT::B159::0000::TOP_MAIN,Top bars,True,124754F,LINE,True,BAR::CD4248B1,True,B159,True,ANN-e0a652c7,True,LDR::61CE4DCF,True,True,TOP_MAIN,TOP_MAIN,True,20,20,True,5.0,5.0,True,R13-B159-TOP_MAIN-8abfdb,False,False,VB1_INTEGRATION,not_consumed_by_vb1,MEDIUM
B159,GT::B159::0001::TOP_EXTRA,Top bars - extra,True,124754F,LINE,True,BAR::CD4248B1,True,B159,True,ANN-e0a652c7,True,LDR::61CE4DCF,True,False,TOP_EXTRA,UNKNOWN,False,20,UNKNOWN,False,5.0,0.0,False,UNKNOWN,False,False,ROLE_RESOLUTION,role_missing_role,HIGH
B159,GT::B159::0002::STIRRUP,Stirupps,True,124754F,LINE,True,BAR::CD4248B1,True,B159,True,ANN-b2d0804e,True,LDR::61CE4DCF,True,True,STIRRUP,STIRRUP,True,12,12,False,10.0,66.0,True,R13-B159-STIRRUP-d8c752,False,False,QUANTITY_RESOLUTION,quantity_overcount,HIGH
B159,GT::B159::0003::STIRRUP_HOOK,C - Hook,True,124754F,LINE,True,BAR::CD4248B1,True,B159,True,ANN-b2d0804e,True,LDR::61CE4DCF,True,True,STIRRUP_HOOK,STIRRUP,True,12,12,False,10.0,66.0,True,R13-B159-STIRRUP-d8c752,False,False,QUANTITY_RESOLUTION,quantity_overcount,HIGH
B159,GT::B159::0000::TOP_MAIN,Top bars,True,124754F,LINE,True,BAR::CD4248B1,True,B159,True,ANN-e0a652c7,True,LDR::61CE4DCF,True,True,TOP_MAIN,TOP_MAIN,True,20,20,True,5.0,5.0,True,R13-B159-TOP_MAIN-8abfdb,False,False,VB1_INTEGRATION,not_consumed_by_vb1,MEDIUM
B159,GT::B159::0001::TOP_EXTRA,Top bars - extra,True,124754F,LINE,True,BAR::CD4248B1,True,B159,True,ANN-e0a652c7,True,LDR::61CE4DCF,True,False,TOP_EXTRA,UNKNOWN,False,16,UNKNOWN,False,5.0,0.0,False,UNKNOWN,False,False,ROLE_RESOLUTION,role_missing_role,HIGH
B159,GT::B159::0002::STIRRUP,Stirupps,True,124754F,LINE,True,BAR::CD4248B1,True,B159,True,ANN-b2d0804e,True,LDR::61CE4DCF,True,True,STIRRUP,STIRRUP,True,12,12,False,10.0,66.0,True,R13-B159-STIRRUP-d8c752,False,False,QUANTITY_RESOLUTION,quantity_overcount,HIGH
B159,GT::B159::0003::STIRRUP_HOOK,C - Hook,True,124754F,LINE,True,BAR::CD4248B1,True,B159,True,ANN-b2d0804e,True,LDR::61CE4DCF,True,True,STIRRUP_HOOK,STIRRUP,True,12,12,False,10.0,66.0,True,R13-B159-STIRRUP-d8c752,False,False,QUANTITY_RESOLUTION,quantity_overcount,HIGH
B16,GT::B16::0000::TOP_MAIN,Top bars,True,1213735,LINE,True,BAR::SYN::B16::1213735,True,B16,True,ANN-35356230,True,LDR::4039A8C7,True,True,TOP_MAIN,TOP_MAIN,True,20,20,True,4.0,4.0,True,R13-B16-TOP_MAIN-eaa805,True,False,NO_FAILURE,excel_semantic_match,HIGH
B16,GT::B16::0001::TOP_EXTRA,Top bars-extra,True,1213735,LINE,True,BAR::SYN::B16::1213735,True,B16,True,ANN-1cf3db34,True,LDR::29CF4AA9,True,True,TOP_EXTRA,TOP_EXTRA,True,16,16,True,2.0,2.0,True,R13-B16-TOP_EXTRA-36bd48,True,False,NO_FAILURE,excel_semantic_match,HIGH
B16,GT::B16::0002::TOP_EXTRA,Top bars-extra,True,1213735,LINE,True,BAR::SYN::B16::1213735,True,B16,True,ANN-35356230,True,LDR::4039A8C7,True,True,TOP_EXTRA,TOP_EXTRA,False,20,16,True,2.0,2.0,True,R13-B16-TOP_EXTRA-36bd48,True,False,DIAMETER_RESOLUTION,excel_wrong_diameter,HIGH
B16,GT::B16::0003::BOTTOM_MAIN,Bottom bars,True,1213735,LINE,True,BAR::SYN::B16::1213735,True,B16,True,ANN-35356230,True,LDR::4039A8C7,True,True,BOTTOM_MAIN,BOTTOM_MAIN,False,20,25,True,4.0,4.0,True,R13-B16-BOTTOM_MAIN-db2c61,True,False,DIAMETER_RESOLUTION,excel_wrong_diameter,HIGH
B16,GT::B16::0004::BOTTOM_EXTRA,Bottom bars -extra,True,1213735,LINE,True,BAR::SYN::B16::1213735,True,B16,True,ANN-6a79ec36,True,LDR::B76F460B,True,True,BOTTOM_EXTRA,BOTTOM_EXTRA,False,12,20,False,2.0,4.0,True,R13-B16-BOTTOM_EXTRA-5b0f02,True,False,DIAMETER_RESOLUTION,excel_wrong_diameter,HIGH
B16,GT::B16::0005::STIRRUP,Stirupps,True,1213735,LINE,True,BAR::SYN::B16::1213735,True,B16,True,ANN-68ad8e27,False,UNKNOWN,False,True,STIRRUP,STIRRUP,True,10,10,False,45.0,54.0,True,R13-B16-STIRRUP-14df49,True,False,QUANTITY_RESOLUTION,excel_wrong_quantity,HIGH
B16,GT::B16::0006::SPACER_BAR,Spacer bars,True,1213735,LINE,True,BAR::SYN::B16::1213735,True,B16,True,ANN-68ad8e27,False,UNKNOWN,False,True,SPACER_BAR,SPACER_BAR,True,25,25,False,9.0,3.0,True,R13-B16-SPACER_BAR-622a6c,True,False,QUANTITY_RESOLUTION,excel_wrong_quantity,HIGH
B161,GT::B161::0000::TOP_MAIN,Top bars,True,11D6651,LINE,True,BAR::SYN::B161::11D6651,True,B161,True,ANN-9734f438,True,LDR::C7959940,True,True,TOP_MAIN,TOP_MAIN,False,20,25,True,4.0,4.0,True,R13-B161-TOP_MAIN-b3f7e3,True,False,DIAMETER_RESOLUTION,excel_wrong_diameter,HIGH
B161,GT::B161::0001::BOTTOM_MAIN,Bottom bars,True,11D6651,LINE,True,BAR::SYN::B161::11D6651,True,B161,True,ANN-6d2a9dab,True,LDR::A483A2A0,True,True,BOTTOM_MAIN,BOTTOM_MAIN,False,25,20,False,4.0,3.0,True,R13-B161-BOTTOM_MAIN-74252f,True,False,DIAMETER_RESOLUTION,excel_wrong_diameter,HIGH
B161,GT::B161::0002::BOTTOM_EXTRA,Bottom bars - extra,True,11D6651,LINE,True,BAR::SYN::B161::11D6651,True,B161,True,ANN-6d2a9dab,True,LDR::A483A2A0,True,True,BOTTOM_EXTRA,BOTTOM_EXTRA,True,16,16,False,4.0,3.0,True,R13-B161-BOTTOM_EXTRA-429050,True,False,QUANTITY_RESOLUTION,excel_wrong_quantity,HIGH
B161,GT::B161::0003::STIRRUP,Stirupps,True,11D6651,LINE,True,BAR::SYN::B161::11D6651,True,B161,True,ANN-6d2a9dab,True,LDR::A483A2A0,True,True,STIRRUP,STIRRUP,True,8,8,True,60.0,61.0,True,R13-B161-STIRRUP-efca9b,True,False,NO_FAILURE,excel_semantic_match,HIGH
B161,GT::B161::0004::STIRRUP_HOOK,C - Hook,True,11D6651,LINE,True,BAR::SYN::B161::11D6651,True,B161,True,ANN-6d2a9dab,True,LDR::A483A2A0,True,True,STIRRUP_HOOK,STIRRUP,True,8,8,True,60.0,61.0,True,R13-B161-STIRRUP-efca9b,False,False,VB1_INTEGRATION,not_consumed_by_vb1,MEDIUM
B161,GT::B161::0005::SPACER_BAR,Spacer bars,True,11D6651,LINE,True,BAR::SYN::B161::11D6651,True,B161,True,ANN-6d2a9dab,True,LDR::A483A2A0,True,True,SPACER_BAR,SPACER_BAR,True,25,25,False,5.0,3.0,True,R13-B161-SPACER_BAR-fcd1b5,True,False,QUANTITY_RESOLUTION,excel_wrong_quantity,HIGH
B164,GT::B164::0000::TOP_MAIN,Top bars,True,11D600C,LINE,True,BAR::SYN::B164::11D600C,True,B164,True,ANN-f41aac6c,True,LDR::84E9890F,True,True,TOP_MAIN,TOP_MAIN,True,20,20,True,4.0,4.0,True,R13-B164-TOP_MAIN-bb565b,True,False,NO_FAILURE,excel_semantic_match,HIGH
B164,GT::B164::0001::BOTTOM_MAIN,Bottom bars,True,11D600C,LINE,True,BAR::SYN::B164::11D600C,True,B164,True,ANN-f41aac6c,True,LDR::84E9890F,True,False,BOTTOM_MAIN,UNKNOWN,False,20,UNKNOWN,False,4.0,0.0,False,UNKNOWN,False,False,ROLE_RESOLUTION,role_missing_role,HIGH
B164,GT::B164::0002::TOP_EXTRA,Top bars - extra,True,11D600C,LINE,True,BAR::SYN::B164::11D600C,True,B164,True,ANN-f41aac6c,True,LDR::84E9890F,True,False,TOP_EXTRA,UNKNOWN,False,16,UNKNOWN,False,4.0,0.0,False,UNKNOWN,False,False,ROLE_RESOLUTION,role_missing_role,HIGH
B164,GT::B164::0003::TOP_EXTRA,Top bars - extra,True,11D600C,LINE,True,BAR::SYN::B164::11D600C,True,B164,True,ANN-f41aac6c,True,LDR::84E9890F,True,False,TOP_EXTRA,UNKNOWN,False,16,UNKNOWN,False,4.0,0.0,False,UNKNOWN,False,False,ROLE_RESOLUTION,role_missing_role,HIGH
B164,GT::B164::0004::STIRRUP,Stirupps,True,11D600C,LINE,True,BAR::SYN::B164::11D600C,True,B164,True,ANN-c013a79b,False,UNKNOWN,False,True,STIRRUP,STIRRUP,True,10,10,False,31.0,45.0,True,R13-B164-STIRRUP-8833cd,True,False,QUANTITY_RESOLUTION,excel_wrong_quantity,HIGH
B164,GT::B164::0005::STIRRUP,Stirupps,True,11D600C,LINE,True,BAR::SYN::B164::11D600C,True,B164,True,ANN-c013a79b,False,UNKNOWN,False,True,STIRRUP,STIRRUP,True,10,10,False,9.0,45.0,True,R13-B164-STIRRUP-8833cd,False,False,LEADER_CHAIN,leader_broken_chain,MEDIUM
B164,GT::B164::0006::STIRRUP_HOOK,C - Hook,True,11D600C,LINE,True,BAR::SYN::B164::11D600C,True,B164,True,ANN-c013a79b,False,UNKNOWN,False,True,STIRRUP_HOOK,STIRRUP,True,10,10,False,31.0,45.0,True,R13-B164-STIRRUP-8833cd,False,False,LEADER_CHAIN,leader_broken_chain,MEDIUM
B164,GT::B164::0007::STIRRUP_HOOK,C - Hook,True,11D600C,LINE,True,BAR::SYN::B164::11D600C,True,B164,True,ANN-c013a79b,False,UNKNOWN,False,True,STIRRUP_HOOK,STIRRUP,True,10,10,False,9.0,45.0,True,R13-B164-STIRRUP-8833cd,False,False,LEADER_CHAIN,leader_broken_chain,MEDIUM
B164,GT::B164::0008::SPACER_BAR,Spacer bars,True,11D600C,LINE,True,BAR::SYN::B164::11D600C,True,B164,True,ANN-c013a79b,False,UNKNOWN,False,False,SPACER_BAR,UNKNOWN,False,25,UNKNOWN,False,4.0,0.0,False,UNKNOWN,False,False,LEADER_CHAIN,leader_broken_chain,MEDIUM
B165,GT::B165::0000::TOP_MAIN,Top bars,True,11D6114,LINE,True,BAR::8427CCC1,True,B165,True,ANN-1ac5e749,True,LDR::49D4ABF3,True,True,TOP_MAIN,TOP_MAIN,False,20,25,True,4.0,4.0,True,R13-B165-TOP_MAIN-e8b7b6,True,False,DIAMETER_RESOLUTION,excel_wrong_diameter,HIGH
B165,GT::B165::0001::BOTTOM_MAIN,Bottom bars,True,11D6114,LINE,True,BAR::8427CCC1,True,B165,True,ANN-1ac5e749,True,LDR::49D4ABF3,True,False,BOTTOM_MAIN,TOP_EXTRA,True,20,20,True,4.0,4.0,True,VB1::B165::TOP_EXTRA,True,False,ROLE_RESOLUTION,excel_wrong_role,HIGH
B165,GT::B165::0002::TOP_EXTRA,Top bars - extra,True,11D6114,LINE,True,BAR::8427CCC1,True,B165,True,ANN-1ac5e749,True,LDR::49D4ABF3,True,True,TOP_EXTRA,TOP_EXTRA,True,20,20,True,4.0,4.0,True,R13-B165-TOP_EXTRA-8bdae7,False,False,VB1_INTEGRATION,not_consumed_by_vb1,MEDIUM
B165,GT::B165::0003::TOP_EXTRA,Top bars - extra,True,11D6114,LINE,True,BAR::8427CCC1,True,B165,True,ANN-1ac5e749,True,LDR::49D4ABF3,True,True,TOP_EXTRA,TOP_EXTRA,True,20,20,True,4.0,4.0,True,R13-B165-TOP_EXTRA-8bdae7,False,False,VB1_INTEGRATION,not_consumed_by_vb1,MEDIUM
B165,GT::B165::0004::STIRRUP,Stirupps,True,11D6114,LINE,True,BAR::8427CCC1,True,B165,True,ANN-76629aa6,True,LDR::49D4ABF3,True,True,STIRRUP,STIRRUP,True,12,12,True,20.0,21.0,True,R13-B165-STIRRUP-97ccc5,True,True,NO_FAILURE,excel_semantic_match,HIGH
B165,GT::B165::0005::STIRRUP_HOOK,C - Hook,True,11D6114,LINE,True,BAR::8427CCC1,True,B165,True,ANN-76629aa6,True,LDR::49D4ABF3,True,True,STIRRUP_HOOK,STIRRUP,True,12,12,True,20.0,21.0,True,R13-B165-STIRRUP-97ccc5,False,False,VB1_INTEGRATION,not_consumed_by_vb1,MEDIUM
B165,GT::B165::0006::SPACER_BAR,Spacer bars,True,11D6114,LINE,True,BAR::8427CCC1,True,B165,True,ANN-76629aa6,True,LDR::49D4ABF3,True,True,SPACER_BAR,SPACER_BAR,True,25,25,False,2.0,5.0,True,R13-B165-SPACER_BAR-8de1b5,True,False,QUANTITY_RESOLUTION,excel_wrong_quantity,HIGH
B166,GT::B166::0000::TOP_MAIN,Top bars,True,12477E6,LINE,True,BAR::SYN::B166::12477E6,True,B166,True,ANN-13585bdb,True,LDR::6DFF8D6E,True,True,TOP_MAIN,TOP_MAIN,True,20,20,True,5.0,5.0,True,R13-B166-TOP_MAIN-01e009,True,False,NO_FAILURE,excel_semantic_match,HIGH
B166,GT::B166::0001::BOTTOM_MAIN,Bottom bars,True,12477E6,LINE,True,BAR::SYN::B166::12477E6,True,B166,True,ANN-13585bdb,True,LDR::6DFF8D6E,True,True,BOTTOM_MAIN,BOTTOM_MAIN,False,20,16,False,5.0,3.0,True,R13-B166-BOTTOM_MAIN-37bf40,True,False,DIAMETER_RESOLUTION,excel_wrong_diameter,HIGH
B166,GT::B166::0002::TOP_EXTRA,Top bars - extra,True,12477E6,LINE,True,BAR::SYN::B166::12477E6,True,B166,True,ANN-9ebeca00,True,LDR::0573C7F7,True,True,TOP_EXTRA,TOP_EXTRA,True,16,16,True,5.0,5.0,True,R13-B166-TOP_EXTRA-e40600,True,False,NO_FAILURE,excel_semantic_match,HIGH
B166,GT::B166::0003::TOP_EXTRA,Top bars - extra,True,12477E6,LINE,True,BAR::SYN::B166::12477E6,True,B166,True,ANN-9ebeca00,True,LDR::0573C7F7,True,True,TOP_EXTRA,TOP_EXTRA,True,16,16,True,5.0,5.0,True,R13-B166-TOP_EXTRA-e40600,True,False,NO_FAILURE,excel_semantic_match,HIGH
B166,GT::B166::0004::BOTTOM_EXTRA,Bottom bars - extra,True,12477E6,LINE,True,BAR::SYN::B166::12477E6,True,B166,True,ANN-bd8e0a12,True,LDR::B0A7C065,True,False,BOTTOM_EXTRA,TOP_EXTRA,True,16,16,True,2.0,2.0,True,VB1::B166::TOP_EXTRA,True,False,ROLE_RESOLUTION,excel_wrong_role,HIGH
B166,GT::B166::0005::STIRRUP,Stirupps,True,12477E6,LINE,True,BAR::SYN::B166::12477E6,True,B166,True,ANN-e5c68504,False,UNKNOWN,False,True,STIRRUP,STIRRUP,True,10,10,False,63.0,54.0,True,R13-B166-STIRRUP-789ce0,True,False,QUANTITY_RESOLUTION,excel_wrong_quantity,HIGH
B166,GT::B166::0006::STIRRUP_HOOK,C - Hook,True,12477E6,LINE,True,BAR::SYN::B166::12477E6,True,B166,True,ANN-e5c68504,False,UNKNOWN,False,True,STIRRUP_HOOK,STIRRUP,True,10,10,False,63.0,54.0,True,R13-B166-STIRRUP-789ce0,False,False,LEADER_CHAIN,leader_broken_chain,MEDIUM
B168,GT::B168::0000::TOP_MAIN,Top bars,True,1247963,LINE,True,BAR::C2B94E36,True,B168,True,ANN-04ee806e,True,LDR::4D021CCF,True,True,TOP_MAIN,TOP_MAIN,True,20,20,False,4.0,3.0,True,R13-B168-TOP_MAIN-8c7c25,False,False,QUANTITY_RESOLUTION,quantity_undercount,HIGH
B168,GT::B168::0001::BOTTOM_MAIN,Bottom bars,True,1247963,LINE,True,BAR::C2B94E36,True,B168,True,ANN-04ee806e,True,LDR::4D021CCF,True,False,BOTTOM_MAIN,UNKNOWN,False,20,UNKNOWN,False,4.0,0.0,False,UNKNOWN,False,False,ROLE_RESOLUTION,role_missing_role,HIGH
B168,GT::B168::0002::TOP_EXTRA,Top bars - extra,True,1247963,LINE,True,BAR::C2B94E36,True,B168,True,ANN-6786f17c,True,LDR::5C063C2A,True,False,TOP_EXTRA,UNKNOWN,False,16,UNKNOWN,False,4.0,0.0,False,UNKNOWN,False,False,ROLE_RESOLUTION,role_missing_role,HIGH
B168,GT::B168::0003::TOP_EXTRA,Top bars - extra,True,1247963,LINE,True,BAR::C2B94E36,True,B168,True,ANN-6786f17c,True,LDR::5C063C2A,True,False,TOP_EXTRA,UNKNOWN,False,16,UNKNOWN,False,4.0,0.0,False,UNKNOWN,False,False,ROLE_RESOLUTION,role_missing_role,HIGH
B168,GT::B168::0004::STIRRUP,Stirupps,True,1247963,LINE,True,BAR::C2B94E36,True,B168,True,ANN-6786f17c,True,LDR::5C063C2A,True,False,STIRRUP,UNKNOWN,False,10,UNKNOWN,False,31.0,0.0,False,UNKNOWN,False,False,ROLE_RESOLUTION,role_missing_role,HIGH
B168,GT::B168::0005::STIRRUP,Stirupps,True,1247963,LINE,True,BAR::C2B94E36,True,B168,True,ANN-6786f17c,True,LDR::5C063C2A,True,False,STIRRUP,UNKNOWN,False,10,UNKNOWN,False,9.0,0.0,False,UNKNOWN,False,False,ROLE_RESOLUTION,role_missing_role,HIGH
B168,GT::B168::0006::STIRRUP_HOOK,C - Hook,True,1247963,LINE,True,BAR::C2B94E36,True,B168,True,ANN-6786f17c,True,LDR::5C063C2A,True,False,STIRRUP_HOOK,UNKNOWN,False,10,UNKNOWN,False,31.0,0.0,False,UNKNOWN,False,False,ROLE_RESOLUTION,role_missing_role,HIGH
B168,GT::B168::0007::STIRRUP_HOOK,C - Hook,True,1247963,LINE,True,BAR::C2B94E36,True,B168,True,ANN-6786f17c,True,LDR::5C063C2A,True,False,STIRRUP_HOOK,UNKNOWN,False,10,UNKNOWN,False,9.0,0.0,False,UNKNOWN,False,False,ROLE_RESOLUTION,role_missing_role,HIGH
B168,GT::B168::0008::SPACER_BAR,Spacer bars,True,1247963,LINE,True,BAR::C2B94E36,True,B168,True,ANN-6786f17c,True,LDR::5C063C2A,True,False,SPACER_BAR,UNKNOWN,False,25,UNKNOWN,False,4.0,0.0,False,UNKNOWN,False,False,ROLE_RESOLUTION,role_missing_role,HIGH
B168,GT::B168::0000::TOP_MAIN,Top bars,True,1247963,LINE,True,BAR::C2B94E36,True,B168,True,ANN-04ee806e,True,LDR::4D021CCF,True,True,TOP_MAIN,TOP_MAIN,True,20,20,True,3.0,3.0,True,R13-B168-TOP_MAIN-8c7c25,False,False,VB1_INTEGRATION,not_consumed_by_vb1,MEDIUM
B168,GT::B168::0001::BOTTOM_MAIN,Bottom bars,True,1247963,LINE,True,BAR::C2B94E36,True,B168,True,ANN-04ee806e,True,LDR::4D021CCF,True,False,BOTTOM_MAIN,UNKNOWN,False,20,UNKNOWN,False,3.0,0.0,False,UNKNOWN,False,False,ROLE_RESOLUTION,role_missing_role,HIGH
B168,GT::B168::0002::STIRRUP,Stirupps,True,1247963,LINE,True,BAR::C2B94E36,True,B168,True,ANN-6786f17c,True,LDR::5C063C2A,True,False,STIRRUP,UNKNOWN,False,10,UNKNOWN,False,16.0,0.0,False,UNKNOWN,False,False,ROLE_RESOLUTION,role_missing_role,HIGH
B168,GT::B168::0003::STIRRUP,Stirupps,True,1247963,LINE,True,BAR::C2B94E36,True,B168,True,ANN-6786f17c,True,LDR::5C063C2A,True,False,STIRRUP,UNKNOWN,False,10,UNKNOWN,False,6.0,0.0,False,UNKNOWN,False,False,ROLE_RESOLUTION,role_missing_role,HIGH
B168,GT::B168::0004::STIRRUP_HOOK,C - Hook,True,1247963,LINE,True,BAR::C2B94E36,True,B168,True,ANN-6786f17c,True,LDR::5C063C2A,True,False,STIRRUP_HOOK,UNKNOWN,False,10,UNKNOWN,False,16.0,0.0,False,UNKNOWN,False,False,ROLE_RESOLUTION,role_missing_role,HIGH
B168,GT::B168::0005::STIRRUP_HOOK,C - Hook,True,1247963,LINE,True,BAR::C2B94E36,True,B168,True,ANN-6786f17c,True,LDR::5C063C2A,True,False,STIRRUP_HOOK,UNKNOWN,False,10,UNKNOWN,False,6.0,0.0,False,UNKNOWN,False,False,ROLE_RESOLUTION,role_missing_role,HIGH
B169,GT::B169::0000::TOP_MAIN,Top bars,True,11D6653,LINE,True,BAR::SYN::B169::11D6653,True,B169,True,ANN-ecbb3360,True,LDR::10A3D1F5,True,True,TOP_MAIN,TOP_MAIN,False,16,25,True,3.0,3.0,True,R13-B169-TOP_MAIN-bb4070,True,False,DIAMETER_RESOLUTION,excel_wrong_diameter,HIGH
B169,GT::B169::0001::BOTTOM_MAIN,Bottom bars,True,11D6653,LINE,True,BAR::SYN::B169::11D6653,True,B169,True,ANN-ecbb3360,True,LDR::10A3D1F5,True,True,BOTTOM_MAIN,BOTTOM_MAIN,True,25,25,True,3.0,3.0,True,R13-B169-BOTTOM_MAIN-db4729,True,False,NO_FAILURE,excel_semantic_match,HIGH
B169,GT::B169::0002::TOP_EXTRA,Top bars - extra,True,11D6653,LINE,True,BAR::SYN::B169::11D6653,True,B169,True,ANN-ecbb3360,True,LDR::10A3D1F5,True,False,TOP_EXTRA,BOTTOM_EXTRA,True,20,20,False,3.0,5.0,True,VB1::B169::BOTTOM_EXTRA,True,False,ROLE_RESOLUTION,partial_role,MEDIUM
B169,GT::B169::0003::TOP_EXTRA,Top bars - extra,True,11D6653,LINE,True,BAR::SYN::B169::11D6653,True,B169,True,ANN-ecbb3360,True,LDR::10A3D1F5,True,False,TOP_EXTRA,BOTTOM_EXTRA,True,20,20,False,3.0,5.0,True,VB1::B169::BOTTOM_EXTRA,True,False,ROLE_RESOLUTION,partial_role,MEDIUM
B169,GT::B169::0004::BOTTOM_EXTRA,Bottom bars - extra,True,11D6653,LINE,True,BAR::SYN::B169::11D6653,True,B169,True,ANN-ecbb3360,True,LDR::10A3D1F5,True,False,BOTTOM_EXTRA,SPACER_BAR,True,25,25,False,3.0,2.0,True,R13-B169-BOTTOM_EXTRA-f64597,True,False,ROLE_RESOLUTION,partial_role,MEDIUM
B169,GT::B169::0005::STIRRUP,Stirupps,True,11D6653,LINE,True,BAR::SYN::B169::11D6653,True,B169,True,ANN-e20fb9e9,True,LDR::5D37EAD9,True,True,STIRRUP,STIRRUP,True,10,10,False,45.0,17.0,True,R13-B169-STIRRUP-a8280f,True,False,QUANTITY_RESOLUTION,excel_wrong_quantity,HIGH
B169,GT::B169::0006::STIRRUP_HOOK,C - Hook,True,11D6653,LINE,True,BAR::SYN::B169::11D6653,True,B169,True,ANN-e20fb9e9,True,LDR::5D37EAD9,True,True,STIRRUP_HOOK,STIRRUP,False,10,12,False,45.0,17.0,True,R13-B169-STIRRUP-a8280f,True,False,DIAMETER_RESOLUTION,excel_wrong_diameter,HIGH
B169,GT::B169::0007::SPACER_BAR,Spacer bars,True,11D6653,LINE,True,BAR::SYN::B169::11D6653,True,B169,True,ANN-e20fb9e9,True,LDR::5D37EAD9,True,True,SPACER_BAR,SPACER_BAR,True,25,25,False,6.0,2.0,True,R13-B169-SPACER_BAR-2fa002,True,False,QUANTITY_RESOLUTION,excel_wrong_quantity,HIGH
B17,GT::B17::0000::TOP_MAIN,Top bars,True,12137D6,LINE,True,BAR::70076221,True,B17,True,ANN-a215e97d,True,LDR::202EDD3F,False,True,TOP_MAIN,TOP_MAIN,True,20,20,True,2.0,2.0,True,R13-B17-TOP_MAIN-857666,True,False,NO_FAILURE,excel_semantic_match,HIGH
B17,GT::B17::0001::TOP_EXTRA,Top bars-extra,True,12137D6,LINE,True,BAR::70076221,True,B17,True,ANN-a215e97d,True,LDR::202EDD3F,False,True,TOP_EXTRA,TOP_EXTRA,False,25,16,True,2.0,2.0,True,R13-B17-TOP_EXTRA-4fd4fe,True,False,DIAMETER_RESOLUTION,excel_wrong_diameter,HIGH
B17,GT::B17::0002::BOTTOM_MAIN,Bottom bars,True,12137D6,LINE,True,BAR::70076221,True,B17,True,ANN-a215e97d,True,LDR::202EDD3F,False,True,BOTTOM_MAIN,BOTTOM_MAIN,True,20,20,True,2.0,2.0,True,R13-B17-BOTTOM_MAIN-48a191,True,False,NO_FAILURE,excel_semantic_match,HIGH
B17,GT::B17::0003::BOTTOM_EXTRA,Bottom bars -extra,True,12137D6,LINE,True,BAR::70076221,True,B17,True,ANN-b8e0a143,True,LDR::C1F5BE82,False,False,BOTTOM_EXTRA,TOP_EXTRA,True,16,16,True,2.0,2.0,True,VB1::B17::TOP_EXTRA,True,False,ROLE_RESOLUTION,excel_wrong_role,HIGH
B17,GT::B17::0004::STIRRUP,Stirupps,True,12137D6,LINE,True,BAR::70076221,True,B17,True,ANN-05a41462,False,UNKNOWN,False,False,STIRRUP,UNKNOWN,False,12,UNKNOWN,False,11.0,0.0,False,UNKNOWN,False,False,LEADER_CHAIN,leader_broken_chain,MEDIUM
B17,GT::B17::0005::SPACER_BAR,Spacer bars,True,12137D6,LINE,True,BAR::70076221,True,B17,True,ANN-05a41462,False,UNKNOWN,False,True,SPACER_BAR,SPACER_BAR,True,25,25,True,3.0,3.0,True,R13-B17-SPACER_BAR-5ddf23,True,True,NO_FAILURE,excel_semantic_match,HIGH
B170,GT::B170::0000::TOP_MAIN,Top bars,True,1247A56,LINE,True,BAR::SYN::B170::1247A56,True,B170,True,ANN-05e27048,True,LDR::94AE3A4D,True,True,TOP_MAIN,TOP_MAIN,True,16,16,True,3.0,3.0,True,R13-B170-TOP_MAIN-4536b7,True,False,NO_FAILURE,excel_semantic_match,HIGH
B170,GT::B170::0001::BOTTOM_MAIN,Bottom bars,True,1247A56,LINE,True,BAR::SYN::B170::1247A56,True,B170,True,ANN-05e27048,True,LDR::94AE3A4D,True,False,BOTTOM_MAIN,UNKNOWN,False,16,UNKNOWN,False,3.0,0.0,False,UNKNOWN,False,False,ROLE_RESOLUTION,role_missing_role,HIGH
B170,GT::B170::0002::STIRRUP,Stirupps,True,1247A56,LINE,True,BAR::SYN::B170::1247A56,True,B170,True,ANN-895b6107,True,LDR::0C5459A5,True,True,STIRRUP,STIRRUP,True,10,10,False,26.0,19.0,True,R13-B170-STIRRUP-e15b53,True,False,QUANTITY_RESOLUTION,excel_wrong_quantity,HIGH
B170,GT::B170::0003::STIRRUP_HOOK,C - Hook,True,1247A56,LINE,True,BAR::SYN::B170::1247A56,True,B170,True,ANN-895b6107,True,LDR::0C5459A5,True,True,STIRRUP_HOOK,STIRRUP,True,10,10,False,26.0,19.0,True,R13-B170-STIRRUP-e15b53,False,False,QUANTITY_RESOLUTION,quantity_undercount,HIGH
B173,GT::B173::0000::TOP_MAIN,Top bars,True,11D680F,LINE,True,BAR::CB001960,True,B173,True,ANN-571456b8,True,LDR::3A62909D,False,True,TOP_MAIN,TOP_MAIN,True,16,16,True,3.0,3.0,True,R13-B173-TOP_MAIN-f120af,True,False,NO_FAILURE,excel_semantic_match,HIGH
B173,GT::B173::0001::BOTTOM_MAIN,Bottom bars,True,11D680F,LINE,True,BAR::CB001960,True,B173,True,ANN-571456b8,True,LDR::3A62909D,False,False,BOTTOM_MAIN,UNKNOWN,False,16,UNKNOWN,False,3.0,0.0,False,UNKNOWN,False,False,LEADER_CHAIN,leader_wrong_target,MEDIUM
B173,GT::B173::0002::STIRRUP,Stirupps,True,11D680F,LINE,True,BAR::CB001960,True,B173,True,ANN-3843b86d,True,LDR::3A62909D,True,True,STIRRUP,STIRRUP,True,8,8,True,25.0,26.0,True,R13-B173-STIRRUP-fe8b73,True,True,NO_FAILURE,excel_semantic_match,HIGH
B174,GT::B174::0000::TOP_MAIN,Top bars,True,11D6862,LINE,True,BAR::8C00E127,True,B174,True,ANN-17bcde29,True,LDR::15B66692,False,True,TOP_MAIN,TOP_MAIN,True,16,16,True,4.0,4.0,True,R13-B174-TOP_MAIN-57b611,True,False,NO_FAILURE,excel_semantic_match,HIGH
B174,GT::B174::0001::BOTTOM_MAIN,Bottom bars,True,11D6862,LINE,True,BAR::8C00E127,True,B174,True,ANN-17bcde29,True,LDR::15B66692,False,False,BOTTOM_MAIN,UNKNOWN,False,16,UNKNOWN,False,4.0,0.0,False,UNKNOWN,False,False,LEADER_CHAIN,leader_wrong_target,MEDIUM
B174,GT::B174::0002::STIRRUP,Stirupps,True,11D6862,LINE,True,BAR::8C00E127,True,B174,True,ANN-c9cba092,True,LDR::15B66692,True,True,STIRRUP,STIRRUP,True,8,8,False,24.0,38.0,True,R13-B174-STIRRUP-ebb36b,True,False,QUANTITY_RESOLUTION,excel_wrong_quantity,HIGH
B175,GT::B175::0000::TOP_MAIN,Top bars,True,11CDC9A,LINE,False,UNKNOWN,False,B175,True,ANN-25171e3b,True,LDR::3C751AC0,False,True,TOP_MAIN,TOP_MAIN,True,25,25,True,4.0,4.0,True,R13-B175-TOP_MAIN-c7af21,True,False,NO_FAILURE,excel_semantic_match,HIGH
B175,GT::B175::0001::BOTTOM_MAIN,Bottom bars,True,11CDC9A,LINE,False,UNKNOWN,False,B175,True,ANN-25171e3b,True,LDR::3C751AC0,False,False,BOTTOM_MAIN,UNKNOWN,False,25,UNKNOWN,False,4.0,0.0,False,UNKNOWN,False,False,PHYSICAL_BAR_DETECTION,dxf_geometry_present_but_not_detected_as_physical_bar,HIGH
B175,GT::B175::0002::STIRRUP,Stirupps,True,11CDC9A,LINE,True,TEXT_PRIMARY,True,B175,True,ANN-25171e3b,True,LDR::3C751AC0,True,True,STIRRUP,STIRRUP,False,12,2,False,14.0,24.0,True,R13-B175-STIRRUP-bb21f4,True,False,DIAMETER_RESOLUTION,excel_wrong_diameter,HIGH
B175,GT::B175::0003::STIRRUP_HOOK,C - Hook,True,11CDC9A,LINE,True,TEXT_PRIMARY,True,B175,True,ANN-25171e3b,True,LDR::3C751AC0,True,True,STIRRUP_HOOK,STIRRUP,False,12,2,False,14.0,24.0,True,R13-B175-STIRRUP-bb21f4,False,False,DIAMETER_RESOLUTION,diameter_wrong_diameter,HIGH
B176,GT::B176::0000::TOP_MAIN,Top bars,True,11D6C44,LINE,True,BAR::DE41C5B0,True,B176,True,ANN-3a8e693e,True,LDR::31F70791,True,True,TOP_MAIN,TOP_MAIN,True,20,20,True,5.0,5.0,True,R13-B176-TOP_MAIN-b3bfc7,False,False,VB1_INTEGRATION,not_consumed_by_vb1,MEDIUM
B176,GT::B176::0001::BOTTOM_MAIN,Bottom bars,True,11D6C44,LINE,True,BAR::DE41C5B0,True,B176,True,ANN-3a8e693e,True,LDR::31F70791,True,False,BOTTOM_MAIN,UNKNOWN,False,20,UNKNOWN,False,5.0,0.0,False,UNKNOWN,False,False,ROLE_RESOLUTION,role_missing_role,HIGH
B176,GT::B176::0002::BOTTOM_EXTRA,Bottom bars - extra,True,11D6C44,LINE,True,BAR::DE41C5B0,True,B176,True,ANN-3a8e693e,True,LDR::31F70791,True,False,BOTTOM_EXTRA,UNKNOWN,False,20,UNKNOWN,False,5.0,0.0,False,UNKNOWN,False,False,ROLE_RESOLUTION,role_missing_role,HIGH
B176,GT::B176::0003::STIRRUP,Stirupps,True,11D6C44,LINE,True,BAR::DE41C5B0,True,B176,True,ANN-a0bf78d4,False,UNKNOWN,False,True,STIRRUP,STIRRUP,True,10,10,False,35.0,53.0,True,R13-B176-STIRRUP-90a822,False,False,LEADER_CHAIN,leader_broken_chain,MEDIUM
B176,GT::B176::0004::STIRRUP,Stirupps,True,11D6C44,LINE,True,BAR::DE41C5B0,True,B176,True,ANN-a0bf78d4,False,UNKNOWN,False,True,STIRRUP,STIRRUP,True,10,10,False,10.0,53.0,True,R13-B176-STIRRUP-90a822,False,False,LEADER_CHAIN,leader_broken_chain,MEDIUM
B176,GT::B176::0005::STIRRUP_HOOK,C - Hook,True,11D6C44,LINE,True,BAR::DE41C5B0,True,B176,True,ANN-a0bf78d4,False,UNKNOWN,False,True,STIRRUP_HOOK,STIRRUP,True,10,10,False,35.0,53.0,True,R13-B176-STIRRUP-90a822,False,False,LEADER_CHAIN,leader_broken_chain,MEDIUM
B176,GT::B176::0006::STIRRUP_HOOK,C - Hook,True,11D6C44,LINE,True,BAR::DE41C5B0,True,B176,True,ANN-a0bf78d4,False,UNKNOWN,False,True,STIRRUP_HOOK,STIRRUP,True,10,10,False,10.0,53.0,True,R13-B176-STIRRUP-90a822,False,False,LEADER_CHAIN,leader_broken_chain,MEDIUM
B176,GT::B176::0007::SPACER_BAR,Spacer bars,True,11D6C44,LINE,True,BAR::DE41C5B0,True,B176,True,ANN-a0bf78d4,False,UNKNOWN,False,False,SPACER_BAR,UNKNOWN,False,25,UNKNOWN,False,6.0,0.0,False,UNKNOWN,False,False,LEADER_CHAIN,leader_broken_chain,MEDIUM
B176,GT::B176::0000::TOP_MAIN,Top bars,True,11D6C44,LINE,True,BAR::DE41C5B0,True,B176,True,ANN-3a8e693e,True,LDR::31F70791,True,True,TOP_MAIN,TOP_MAIN,True,20,20,True,5.0,5.0,True,R13-B176-TOP_MAIN-b3bfc7,False,False,VB1_INTEGRATION,not_consumed_by_vb1,MEDIUM
B176,GT::B176::0001::BOTTOM_MAIN,Bottom bars,True,11D6C44,LINE,True,BAR::DE41C5B0,True,B176,True,ANN-a0bf78d4,False,UNKNOWN,False,False,BOTTOM_MAIN,UNKNOWN,False,25,UNKNOWN,False,3.0,0.0,False,UNKNOWN,False,False,LEADER_CHAIN,leader_broken_chain,MEDIUM
B176,GT::B176::0002::TOP_EXTRA,Top bars - extra,True,11D6C44,LINE,True,BAR::DE41C5B0,True,B176,True,ANN-3a8e693e,True,LDR::31F70791,True,False,TOP_EXTRA,UNKNOWN,False,20,UNKNOWN,False,5.0,0.0,False,UNKNOWN,False,False,ROLE_RESOLUTION,role_missing_role,HIGH
B176,GT::B176::0003::BOTTOM_EXTRA,Bottom bars - extra,True,11D6C44,LINE,True,BAR::DE41C5B0,True,B176,True,ANN-3a8e693e,True,LDR::31F70791,True,False,BOTTOM_EXTRA,UNKNOWN,False,20,UNKNOWN,False,5.0,0.0,False,UNKNOWN,False,False,ROLE_RESOLUTION,role_missing_role,HIGH
B176,GT::B176::0004::STIRRUP,Stirupps,True,11D6C44,LINE,True,BAR::DE41C5B0,True,B176,True,ANN-a0bf78d4,False,UNKNOWN,False,True,STIRRUP,STIRRUP,False,12,10,False,16.0,53.0,True,R13-B176-STIRRUP-90a822,False,False,LEADER_CHAIN,leader_broken_chain,MEDIUM
B176,GT::B176::0005::STIRRUP_HOOK,C - Hook,True,11D6C44,LINE,True,BAR::DE41C5B0,True,B176,True,ANN-a0bf78d4,False,UNKNOWN,False,True,STIRRUP_HOOK,STIRRUP,False,12,10,False,16.0,53.0,True,R13-B176-STIRRUP-90a822,False,False,LEADER_CHAIN,leader_broken_chain,MEDIUM
B177,GT::B177::0000::TOP_MAIN,Top bars,True,11D76F5,LINE,True,BAR::SYN::B177::11D76E4,True,B177,True,ANN-cb0edd38,True,LDR::305DE4EA,False,True,TOP_MAIN,TOP_MAIN,True,16,16,True,4.0,4.0,True,R13-B177-TOP_MAIN-c40f2e,True,False,NO_FAILURE,excel_semantic_match,HIGH
B177,GT::B177::0001::BOTTOM_MAIN,Bottom bars,True,11D76F5,LINE,True,BAR::SYN::B177::11D76E4,True,B177,True,ANN-cb0edd38,True,LDR::305DE4EA,False,False,BOTTOM_MAIN,UNKNOWN,False,16,UNKNOWN,False,4.0,0.0,False,UNKNOWN,False,False,ANNOTATION_ASSOCIATION,annotation_wrong_annotation,HIGH
B177,GT::B177::0002::STIRRUP,Stirupps,True,11D76F5,LINE,True,BAR::SYN::B177::11D76E4,True,B177,True,ANN-4d11c75e,True,LDR::305DE4EA,False,False,STIRRUP,UNKNOWN,False,8,UNKNOWN,False,24.0,0.0,False,UNKNOWN,False,False,ANNOTATION_ASSOCIATION,annotation_wrong_annotation,HIGH
B178,GT::B178::0000::TOP_MAIN,Top bars,True,11D6D70,LINE,True,BAR::SYN::B178::11D6D70,True,B178,True,ANN-00c3c91d,True,LDR::5EA6E3BE,True,True,TOP_MAIN,TOP_MAIN,True,25,25,True,5.0,5.0,True,R13-B178-TOP_MAIN-6f675d,True,False,NO_FAILURE,excel_semantic_match,HIGH
B178,GT::B178::0001::BOTTOM_MAIN,Bottom bars,True,11D6D70,LINE,True,BAR::SYN::B178::11D6D70,True,B178,True,ANN-00c3c91d,True,LDR::5EA6E3BE,True,True,BOTTOM_MAIN,BOTTOM_MAIN,False,25,20,True,5.0,5.0,True,R13-B178-BOTTOM_MAIN-834109,True,False,DIAMETER_RESOLUTION,excel_wrong_diameter,HIGH
B178,GT::B178::0002::STIRRUP,Stirupps,True,11D6D70,LINE,True,BAR::SYN::B178::11D6D70,True,B178,True,ANN-41e4a18e,True,LDR::5EA6E3BE,True,False,STIRRUP,UNKNOWN,False,8,UNKNOWN,False,13.0,0.0,False,UNKNOWN,False,False,ROLE_RESOLUTION,role_missing_role,HIGH
B18,GT::B18::0000::TOP_MAIN,Top bars,True,11C8F39,LINE,True,BAR::59B0AF37,True,B18,True,ANN-5731b151,True,LDR::E476EF66,True,True,TOP_MAIN,TOP_MAIN,False,20,25,False,4.0,2.0,True,R13-B18-TOP_MAIN-f2ae2b,True,False,DIAMETER_RESOLUTION,excel_wrong_diameter,HIGH
B18,GT::B18::0001::TOP_EXTRA,Top bars-extra,True,11C8F39,LINE,True,BAR::59B0AF37,True,B18,True,ANN-5731b151,True,LDR::E476EF66,True,True,TOP_EXTRA,TOP_EXTRA,False,25,20,False,2.0,4.0,True,R13-B18-TOP_EXTRA-fb7bb9,True,False,DIAMETER_RESOLUTION,excel_wrong_diameter,HIGH
B18,GT::B18::0002::TOP_EXTRA,Top bars-extra,True,11C8F39,LINE,True,BAR::59B0AF37,True,B18,True,ANN-5731b151,True,LDR::E476EF66,True,True,TOP_EXTRA,TOP_EXTRA,False,25,16,False,2.0,4.0,True,R13-B18-TOP_EXTRA-fb7bb9,True,False,DIAMETER_RESOLUTION,excel_wrong_diameter,HIGH
B18,GT::B18::0003::BOTTOM_MAIN,Bottom bars,True,11C8F39,LINE,True,BAR::59B0AF37,True,B18,True,ANN-5731b151,True,LDR::E476EF66,True,True,BOTTOM_MAIN,BOTTOM_MAIN,True,20,20,True,4.0,4.0,True,R13-B18-BOTTOM_MAIN-bb78b5,True,False,NO_FAILURE,excel_semantic_match,HIGH
B18,GT::B18::0004::BOTTOM_EXTRA,Bottom bars -extra,True,11C8F39,LINE,True,BAR::59B0AF37,True,B18,True,ANN-3210a992,True,LDR::D9243008,True,False,BOTTOM_EXTRA,TOP_EXTRA,True,16,16,True,4.0,4.0,True,VB1::B18::TOP_EXTRA,True,False,ROLE_RESOLUTION,excel_wrong_role,HIGH
B18,GT::B18::0005::STIRRUP,Stirupps,True,11C8F39,LINE,True,BAR::59B0AF37,True,B18,True,ANN-a7a8941a,False,UNKNOWN,False,True,STIRRUP,STIRRUP,True,10,10,False,31.0,40.0,True,R13-B18-STIRRUP-015050,True,False,QUANTITY_RESOLUTION,excel_wrong_quantity,HIGH
B18,GT::B18::0006::STIRRUP,Stirupps,True,11C8F39,LINE,True,BAR::59B0AF37,True,B18,True,ANN-a7a8941a,False,UNKNOWN,False,True,STIRRUP,STIRRUP,True,10,10,False,10.0,40.0,True,R13-B18-STIRRUP-015050,False,False,LEADER_CHAIN,leader_broken_chain,MEDIUM
B18,GT::B18::0007::STIRRUP_HOOK,C - Hook,True,11C8F39,LINE,True,BAR::59B0AF37,True,B18,True,ANN-a7a8941a,False,UNKNOWN,False,True,STIRRUP_HOOK,STIRRUP,True,10,10,False,31.0,40.0,True,R13-B18-STIRRUP-015050,False,False,LEADER_CHAIN,leader_broken_chain,MEDIUM
B18,GT::B18::0008::STIRRUP_HOOK,C - Hook,True,11C8F39,LINE,True,BAR::59B0AF37,True,B18,True,ANN-a7a8941a,False,UNKNOWN,False,True,STIRRUP_HOOK,STIRRUP,True,10,10,False,10.0,40.0,True,R13-B18-STIRRUP-015050,False,False,LEADER_CHAIN,leader_broken_chain,MEDIUM
B18,GT::B18::0009::SPACER_BAR,Spacer bars,True,11C8F39,LINE,True,BAR::59B0AF37,True,B18,True,ANN-a7a8941a,False,UNKNOWN,False,True,SPACER_BAR,SPACER_BAR,True,25,25,False,6.0,2.0,True,R13-B18-SPACER_BAR-e46999,True,False,QUANTITY_RESOLUTION,excel_wrong_quantity,HIGH
B180,GT::B180::0000::TOP_MAIN,Top bars,True,11D6F3F,LINE,True,BAR::SYN::B180::11D6F3F,True,B180,True,ANN-7a5a33c9,True,LDR::CA0A4D32,True,True,TOP_MAIN,TOP_MAIN,True,25,25,True,3.0,3.0,True,R13-B180-TOP_MAIN-e31e58,True,False,NO_FAILURE,excel_semantic_match,HIGH
B180,GT::B180::0001::BOTTOM_MAIN,Bottom bars,True,11D6F3F,LINE,True,BAR::SYN::B180::11D6F3F,True,B180,True,ANN-f1bfb9f7,True,LDR::156F5CBE,True,False,BOTTOM_MAIN,TOP_EXTRA,True,20,20,True,3.0,3.0,True,VB1::B180::TOP_EXTRA,True,False,ROLE_RESOLUTION,excel_wrong_role,HIGH
B180,GT::B180::0002::STIRRUP,Stirupps,True,11D6F3F,LINE,True,BAR::SYN::B180::11D6F3F,True,B180,True,ANN-67c78cc2,False,UNKNOWN,False,True,STIRRUP,STIRRUP,True,10,10,True,20.0,20.0,True,R13-B180-STIRRUP-ff2c3f,True,False,NO_FAILURE,excel_semantic_match,HIGH
B180,GT::B180::0003::STIRRUP_HOOK,C - Hook,True,11D6F3F,LINE,True,BAR::SYN::B180::11D6F3F,True,B180,True,ANN-67c78cc2,False,UNKNOWN,False,True,STIRRUP_HOOK,STIRRUP,True,10,10,True,20.0,20.0,True,R13-B180-STIRRUP-ff2c3f,False,False,LEADER_CHAIN,leader_broken_chain,MEDIUM
B182,GT::B182::0000::TOP_MAIN,Top bars,True,11D7040,LINE,True,BAR::SYN::B182::11D7040,True,B182,True,ANN-83701bb5,True,LDR::17AACEEC,True,True,TOP_MAIN,TOP_MAIN,True,25,25,True,4.0,4.0,True,R13-B182-TOP_MAIN-ce968f,True,False,NO_FAILURE,excel_semantic_match,HIGH
B182,GT::B182::0001::BOTTOM_MAIN,Bottom bars,True,11D7040,LINE,True,BAR::SYN::B182::11D7040,True,B182,True,ANN-83701bb5,True,LDR::17AACEEC,True,True,BOTTOM_MAIN,BOTTOM_MAIN,True,25,25,False,4.0,3.0,True,R13-B182-BOTTOM_MAIN-e985a4,True,False,QUANTITY_RESOLUTION,excel_wrong_quantity,HIGH
B182,GT::B182::0002::STIRRUP,Stirupps,True,11D7040,LINE,True,BAR::SYN::B182::11D7040,True,B182,True,ANN-57bf8414,True,LDR::95311400,True,True,STIRRUP,STIRRUP,True,10,10,True,20.0,21.0,True,R13-B182-STIRRUP-5bc3fc,True,False,NO_FAILURE,excel_semantic_match,HIGH
B182,GT::B182::0003::STIRRUP_HOOK,C - Hook,True,11D7040,LINE,True,BAR::SYN::B182::11D7040,True,B182,True,ANN-57bf8414,True,LDR::95311400,True,True,STIRRUP_HOOK,STIRRUP,True,10,10,True,20.0,21.0,True,R13-B182-STIRRUP-5bc3fc,False,False,VB1_INTEGRATION,not_consumed_by_vb1,MEDIUM
B185,GT::B185::0000::TOP_MAIN,Top bars,True,11D71AF,LINE,True,BAR::SYN::B185::11D71AF,True,B185,True,ANN-6b98f674,True,LDR::24AADC76,True,True,TOP_MAIN,TOP_MAIN,False,25,20,True,5.0,5.0,True,R13-B185-TOP_MAIN-6f9cc8,True,False,DIAMETER_RESOLUTION,excel_wrong_diameter,HIGH
B185,GT::B185::0001::BOTTOM_MAIN,Bottom bars,True,11D71AF,LINE,True,BAR::SYN::B185::11D71AF,True,B185,True,ANN-6b98f674,True,LDR::24AADC76,True,True,BOTTOM_MAIN,BOTTOM_MAIN,False,20,25,False,5.0,3.0,True,R13-B185-BOTTOM_MAIN-11511e,True,False,DIAMETER_RESOLUTION,excel_wrong_diameter,HIGH
B185,GT::B185::0002::STIRRUP,Stirupps,True,11D71AF,LINE,True,BAR::SYN::B185::11D71AF,True,B185,True,ANN-e9fda83f,True,LDR::E14FC372,True,True,STIRRUP,STIRRUP,True,8,8,True,46.0,46.0,True,R13-B185-STIRRUP-bef63e,True,False,NO_FAILURE,excel_semantic_match,HIGH
B185,GT::B185::0003::STIRRUP_HOOK,C - Hook,True,11D71AF,LINE,True,BAR::SYN::B185::11D71AF,True,B185,True,ANN-e9fda83f,True,LDR::E14FC372,True,True,STIRRUP_HOOK,STIRRUP,True,8,8,True,46.0,46.0,True,R13-B185-STIRRUP-bef63e,False,False,VB1_INTEGRATION,not_consumed_by_vb1,MEDIUM
B186,GT::B186::0000::TOP_MAIN,Top bars,True,11D71CA,LINE,True,BAR::3A7BA4CF,True,B186,True,ANN-3c412c8c,True,LDR::B0FFB4D0,True,True,TOP_MAIN,TOP_MAIN,True,25,25,True,4.0,4.0,True,R13-B186-TOP_MAIN-b4e1db,True,False,NO_FAILURE,excel_semantic_match,HIGH
B186,GT::B186::0001::BOTTOM_MAIN,Bottom bars,True,11D71CA,LINE,True,BAR::3A7BA4CF,True,B186,True,ANN-3c412c8c,True,LDR::B0FFB4D0,True,True,BOTTOM_MAIN,BOTTOM_MAIN,False,25,20,True,4.0,4.0,True,R13-B186-BOTTOM_MAIN-476028,True,False,DIAMETER_RESOLUTION,excel_wrong_diameter,HIGH
B186,GT::B186::0002::STIRRUP,Stirupps,True,11D71CA,LINE,True,BAR::3A7BA4CF,True,B186,True,ANN-b70254d7,True,LDR::B0FFB4D0,True,False,STIRRUP,UNKNOWN,False,12,UNKNOWN,False,12.0,0.0,False,UNKNOWN,False,False,ROLE_RESOLUTION,role_missing_role,HIGH
B186,GT::B186::0003::STIRRUP_HOOK,C - Hook,True,11D71CA,LINE,True,BAR::3A7BA4CF,True,B186,True,ANN-b70254d7,True,LDR::B0FFB4D0,True,False,STIRRUP_HOOK,UNKNOWN,False,12,UNKNOWN,False,12.0,0.0,False,UNKNOWN,False,False,ROLE_RESOLUTION,role_missing_role,HIGH
B19,GT::B19::0000::TOP_MAIN,Top bars,True,1234487,LINE,True,BAR::SYN::B19::1234487,True,B19,True,ANN-67b39208,True,LDR::83E16CC5,True,True,TOP_MAIN,TOP_MAIN,False,20,25,False,7.0,6.0,True,R13-B19-TOP_MAIN-bc6225,True,False,DIAMETER_RESOLUTION,excel_wrong_diameter,HIGH
B19,GT::B19::0001::TOP_EXTRA,Top bars-extra,True,1234487,LINE,True,BAR::SYN::B19::1234487,True,B19,True,ANN-3f77f5f5,False,UNKNOWN,False,True,TOP_EXTRA,TOP_EXTRA,False,16,20,False,4.0,7.0,True,R13-B19-TOP_EXTRA-4cd719,True,False,DIAMETER_RESOLUTION,excel_wrong_diameter,HIGH
B19,GT::B19::0002::BOTTOM_MAIN,Bottom bars,True,1234487,LINE,True,BAR::SYN::B19::1234487,True,B19,True,ANN-67b39208,True,LDR::83E16CC5,True,True,BOTTOM_MAIN,BOTTOM_MAIN,False,20,25,False,7.0,4.0,True,R13-B19-BOTTOM_MAIN-47c832,True,False,DIAMETER_RESOLUTION,excel_wrong_diameter,HIGH
B19,GT::B19::0003::BOTTOM_EXTRA,Bottom bars -extra,True,1234487,LINE,True,BAR::SYN::B19::1234487,True,B19,True,ANN-9aa81bce,True,LDR::3A598308,True,True,BOTTOM_EXTRA,BOTTOM_EXTRA,False,25,20,False,6.0,2.0,True,R13-B19-BOTTOM_EXTRA-2923cc,True,False,DIAMETER_RESOLUTION,excel_wrong_diameter,HIGH
B19,GT::B19::0004::STIRRUP,Stirupps,True,1234487,LINE,True,BAR::SYN::B19::1234487,True,B19,True,ANN-3f77f5f5,False,UNKNOWN,False,True,STIRRUP,STIRRUP,True,10,10,False,69.0,52.0,True,R13-B19-STIRRUP-5b45c7,True,False,QUANTITY_RESOLUTION,excel_wrong_quantity,HIGH
B19,GT::B19::0005::STIRRUP,Stirupps,True,1234487,LINE,True,BAR::SYN::B19::1234487,True,B19,True,ANN-3f77f5f5,False,UNKNOWN,False,True,STIRRUP,STIRRUP,True,10,10,False,22.0,52.0,True,R13-B19-STIRRUP-5b45c7,False,False,LEADER_CHAIN,leader_broken_chain,MEDIUM
B19,GT::B19::0006::STIRRUP_HOOK,C - Hook,True,1234487,LINE,True,BAR::SYN::B19::1234487,True,B19,True,ANN-3f77f5f5,False,UNKNOWN,False,True,STIRRUP_HOOK,STIRRUP,True,10,10,False,69.0,52.0,True,R13-B19-STIRRUP-5b45c7,False,False,LEADER_CHAIN,leader_broken_chain,MEDIUM
B19,GT::B19::0007::STIRRUP_HOOK,C - Hook,True,1234487,LINE,True,BAR::SYN::B19::1234487,True,B19,True,ANN-3f77f5f5,False,UNKNOWN,False,True,STIRRUP_HOOK,STIRRUP,True,10,10,False,22.0,52.0,True,R13-B19-STIRRUP-5b45c7,False,False,LEADER_CHAIN,leader_broken_chain,MEDIUM
B19,GT::B19::0008::SPACER_BAR,Spacer bars,True,1234487,LINE,True,BAR::SYN::B19::1234487,True,B19,True,ANN-3f77f5f5,False,UNKNOWN,False,True,SPACER_BAR,SPACER_BAR,True,25,25,False,13.0,5.0,True,R13-B19-SPACER_BAR-fd3956,True,False,QUANTITY_RESOLUTION,excel_wrong_quantity,HIGH
B191,GT::B191::0000::TOP_MAIN,Top bars,True,11D76E5,LINE,True,BAR::SYN::B191::11D76E5,True,B191,True,ANN-5e259653,True,LDR::D5725A1D,True,True,TOP_MAIN,TOP_MAIN,True,20,20,True,5.0,5.0,True,R13-B191-TOP_MAIN-180cbf,True,False,NO_FAILURE,excel_semantic_match,HIGH
B191,GT::B191::0001::BOTTOM_MAIN,Bottom bars,True,11D76E5,LINE,True,BAR::SYN::B191::11D76E5,True,B191,True,ANN-5e259653,True,LDR::D5725A1D,True,True,BOTTOM_MAIN,BOTTOM_MAIN,True,20,20,False,5.0,4.0,True,R13-B191-BOTTOM_MAIN-a92287,True,False,QUANTITY_RESOLUTION,excel_wrong_quantity,HIGH
B191,GT::B191::0002::STIRRUP,Stirupps,True,11D76E5,LINE,True,BAR::SYN::B191::11D76E5,True,B191,True,ANN-5300cb06,False,UNKNOWN,False,True,STIRRUP,STIRRUP,True,10,10,False,39.0,57.0,True,R13-B191-STIRRUP-987128,True,False,QUANTITY_RESOLUTION,excel_wrong_quantity,HIGH
B191,GT::B191::0003::STIRRUP,Stirupps,True,11D76E5,LINE,True,BAR::SYN::B191::11D76E5,True,B191,True,ANN-5300cb06,False,UNKNOWN,False,True,STIRRUP,STIRRUP,True,10,10,False,11.0,57.0,True,R13-B191-STIRRUP-987128,False,False,LEADER_CHAIN,leader_broken_chain,MEDIUM
B191,GT::B191::0004::STIRRUP_HOOK,C - Hook,True,11D76E5,LINE,True,BAR::SYN::B191::11D76E5,True,B191,True,ANN-5300cb06,False,UNKNOWN,False,True,STIRRUP_HOOK,STIRRUP,True,10,10,False,39.0,57.0,True,R13-B191-STIRRUP-987128,False,False,LEADER_CHAIN,leader_broken_chain,MEDIUM
B191,GT::B191::0005::STIRRUP_HOOK,C - Hook,True,11D76E5,LINE,True,BAR::SYN::B191::11D76E5,True,B191,True,ANN-5300cb06,False,UNKNOWN,False,True,STIRRUP_HOOK,STIRRUP,True,10,10,False,11.0,57.0,True,R13-B191-STIRRUP-987128,False,False,LEADER_CHAIN,leader_broken_chain,MEDIUM
B19A,GT::B19A::0000::TOP_MAIN,Top bars,False,UNKNOWN,UNKNOWN,False,UNKNOWN,False,UNKNOWN,False,UNKNOWN,False,UNKNOWN,False,False,TOP_MAIN,UNKNOWN,False,20,UNKNOWN,False,7.0,0.0,False,UNKNOWN,False,False,DXF_GEOMETRY,no_dxf_geometry_for_beam_role,MEDIUM
B19A,GT::B19A::0001::TOP_EXTRA,Top bars-extra,False,UNKNOWN,UNKNOWN,False,UNKNOWN,False,UNKNOWN,False,UNKNOWN,False,UNKNOWN,False,False,TOP_EXTRA,UNKNOWN,False,25,UNKNOWN,False,4.0,0.0,False,UNKNOWN,False,False,DXF_GEOMETRY,no_dxf_geometry_for_beam_role,MEDIUM
B19A,GT::B19A::0002::BOTTOM_MAIN,Bottom bars,False,UNKNOWN,UNKNOWN,False,UNKNOWN,False,UNKNOWN,False,UNKNOWN,False,UNKNOWN,False,False,BOTTOM_MAIN,UNKNOWN,False,20,UNKNOWN,False,7.0,0.0,False,UNKNOWN,False,False,DXF_GEOMETRY,no_dxf_geometry_for_beam_role,MEDIUM
B19A,GT::B19A::0003::STIRRUP,Stirupps,False,UNKNOWN,UNKNOWN,False,UNKNOWN,False,UNKNOWN,False,UNKNOWN,False,UNKNOWN,False,False,STIRRUP,UNKNOWN,False,12,UNKNOWN,False,16.0,0.0,False,UNKNOWN,False,False,PHYSICAL_BAR_DETECTION,no_physical_bar_or_text_primary_evidence,MEDIUM
B19A,GT::B19A::0004::STIRRUP_HOOK,C - Hook,False,UNKNOWN,UNKNOWN,False,UNKNOWN,False,UNKNOWN,False,UNKNOWN,False,UNKNOWN,False,False,STIRRUP_HOOK,UNKNOWN,False,12,UNKNOWN,False,16.0,0.0,False,UNKNOWN,False,False,PHYSICAL_BAR_DETECTION,no_physical_bar_or_text_primary_evidence,MEDIUM
B19A,GT::B19A::0005::SPACER_BAR,Spacer bars,False,UNKNOWN,UNKNOWN,False,UNKNOWN,False,UNKNOWN,False,UNKNOWN,False,UNKNOWN,False,False,SPACER_BAR,UNKNOWN,False,25,UNKNOWN,False,3.0,0.0,False,UNKNOWN,False,False,PHYSICAL_BAR_DETECTION,no_physical_bar_or_text_primary_evidence,MEDIUM
B22,GT::B22::0000::TOP_MAIN,Top bars,True,1234489,LINE,True,BAR::SYN::B22::1234489,True,B22,True,ANN-9811c5f6,True,LDR::23D45FBD,True,True,TOP_MAIN,TOP_MAIN,True,20,20,True,4.0,4.0,True,R13-B22-TOP_MAIN-8990e1,True,True,NO_FAILURE,excel_semantic_match,HIGH
B22,GT::B22::0001::TOP_EXTRA,Top bars-extra,True,1234489,LINE,True,BAR::SYN::B22::1234489,True,B22,True,ANN-9811c5f6,True,LDR::23D45FBD,True,False,TOP_EXTRA,BOTTOM_MAIN,True,25,25,True,4.0,4.0,True,VB1::B22::BOTTOM_MAIN,True,False,ROLE_RESOLUTION,excel_wrong_role,HIGH
B22,GT::B22::0002::TOP_EXTRA,Top bars-extra,True,1234489,LINE,True,BAR::SYN::B22::1234489,True,B22,True,ANN-97a27470,False,UNKNOWN,False,False,TOP_EXTRA,UNKNOWN,False,16,UNKNOWN,False,2.0,0.0,False,UNKNOWN,False,False,LEADER_CHAIN,leader_broken_chain,MEDIUM
B22,GT::B22::0003::BOTTOM_MAIN,Bottom bars,True,1234489,LINE,True,BAR::SYN::B22::1234489,True,B22,True,ANN-9811c5f6,True,LDR::23D45FBD,True,True,BOTTOM_MAIN,BOTTOM_MAIN,False,20,25,True,4.0,4.0,True,R13-B22-BOTTOM_MAIN-7315ed,False,False,DIAMETER_RESOLUTION,diameter_wrong_diameter,HIGH
B22,GT::B22::0004::BOTTOM_EXTRA,Bottom bars -extra,True,1234489,LINE,True,BAR::SYN::B22::1234489,True,B22,True,ANN-9811c5f6,True,LDR::23D45FBD,True,False,BOTTOM_EXTRA,UNKNOWN,False,20,UNKNOWN,False,4.0,0.0,False,UNKNOWN,False,False,ROLE_RESOLUTION,role_missing_role,HIGH
B22,GT::B22::0005::STIRRUP,Stirupps,True,1234489,LINE,True,BAR::SYN::B22::1234489,True,B22,True,ANN-97a27470,False,UNKNOWN,False,True,STIRRUP,STIRRUP,True,10,10,False,51.0,75.0,True,R13-B22-STIRRUP-35b59b,True,False,QUANTITY_RESOLUTION,excel_wrong_quantity,HIGH
B22,GT::B22::0006::STIRRUP,Stirupps,True,1234489,LINE,True,BAR::SYN::B22::1234489,True,B22,True,ANN-97a27470,False,UNKNOWN,False,True,STIRRUP,STIRRUP,True,10,10,False,20.0,75.0,True,R13-B22-STIRRUP-35b59b,False,False,LEADER_CHAIN,leader_broken_chain,MEDIUM
B22,GT::B22::0007::STIRRUP_HOOK,C - Hook,True,1234489,LINE,True,BAR::SYN::B22::1234489,True,B22,True,ANN-97a27470,False,UNKNOWN,False,True,STIRRUP_HOOK,STIRRUP,True,10,10,False,51.0,75.0,True,R13-B22-STIRRUP-35b59b,False,False,LEADER_CHAIN,leader_broken_chain,MEDIUM
B22,GT::B22::0008::STIRRUP_HOOK,C - Hook,True,1234489,LINE,True,BAR::SYN::B22::1234489,True,B22,True,ANN-97a27470,False,UNKNOWN,False,True,STIRRUP_HOOK,STIRRUP,True,10,10,False,20.0,75.0,True,R13-B22-STIRRUP-35b59b,False,False,LEADER_CHAIN,leader_broken_chain,MEDIUM
B22,GT::B22::0009::SPACER_BAR,Spacer bars,True,1234489,LINE,True,BAR::SYN::B22::1234489,True,B22,True,ANN-97a27470,False,UNKNOWN,False,False,SPACER_BAR,UNKNOWN,False,25,UNKNOWN,False,10.0,0.0,False,UNKNOWN,False,False,LEADER_CHAIN,leader_broken_chain,MEDIUM
B23,GT::B23::0000::TOP_MAIN,Top bars,True,1234480,LINE,True,BAR::SYN::B23::1234480,True,B23,True,ANN-fbb93fb6,True,LDR::FB2F6FF7,True,True,TOP_MAIN,TOP_MAIN,True,20,20,True,4.0,4.0,True,R13-B23-TOP_MAIN-6971ad,True,False,NO_FAILURE,excel_semantic_match,HIGH
B23,GT::B23::0001::TOP_EXTRA,Top bars-extra,True,1234480,LINE,True,BAR::SYN::B23::1234480,True,B23,True,ANN-fbb93fb6,True,LDR::FB2F6FF7,True,False,TOP_EXTRA,UNKNOWN,False,20,UNKNOWN,False,2.0,0.0,False,UNKNOWN,False,False,ROLE_RESOLUTION,role_missing_role,HIGH
B23,GT::B23::0002::BOTTOM_MAIN,Bottom bars,True,1234480,LINE,True,BAR::SYN::B23::1234480,True,B23,True,ANN-fbb93fb6,True,LDR::FB2F6FF7,True,False,BOTTOM_MAIN,UNKNOWN,False,20,UNKNOWN,False,4.0,0.0,False,UNKNOWN,False,False,ROLE_RESOLUTION,role_missing_role,HIGH
B23,GT::B23::0003::STIRRUP,Stirupps,True,1234480,LINE,True,BAR::SYN::B23::1234480,True,B23,True,ANN-9b61b0cf,False,UNKNOWN,False,True,STIRRUP,STIRRUP,True,8,8,False,29.0,35.0,True,R13-B23-STIRRUP-6d5261,True,False,QUANTITY_RESOLUTION,excel_wrong_quantity,HIGH
B23,GT::B23::0004::STIRRUP,Stirupps,True,1234480,LINE,True,BAR::SYN::B23::1234480,True,B23,True,ANN-9b61b0cf,False,UNKNOWN,False,True,STIRRUP,STIRRUP,True,8,8,False,11.0,35.0,True,R13-B23-STIRRUP-6d5261,False,False,LEADER_CHAIN,leader_broken_chain,MEDIUM
B23,GT::B23::0005::STIRRUP_HOOK,C - Hook,True,1234480,LINE,True,BAR::SYN::B23::1234480,True,B23,True,ANN-9b61b0cf,False,UNKNOWN,False,True,STIRRUP_HOOK,STIRRUP,True,8,8,False,29.0,35.0,True,R13-B23-STIRRUP-6d5261,False,False,LEADER_CHAIN,leader_broken_chain,MEDIUM
B23,GT::B23::0006::STIRRUP_HOOK,C - Hook,True,1234480,LINE,True,BAR::SYN::B23::1234480,True,B23,True,ANN-9b61b0cf,False,UNKNOWN,False,True,STIRRUP_HOOK,STIRRUP,True,8,8,False,11.0,35.0,True,R13-B23-STIRRUP-6d5261,False,False,LEADER_CHAIN,leader_broken_chain,MEDIUM
B23,GT::B23::0007::SPACER_BAR,Spacer bars,True,1234480,LINE,True,BAR::SYN::B23::1234480,True,B23,True,ANN-9b61b0cf,False,UNKNOWN,False,False,SPACER_BAR,UNKNOWN,False,25,UNKNOWN,False,4.0,0.0,False,UNKNOWN,False,False,LEADER_CHAIN,leader_broken_chain,MEDIUM
B24,GT::B24::0000::TOP_MAIN,Top bars,False,UNKNOWN,UNKNOWN,False,UNKNOWN,False,UNKNOWN,False,UNKNOWN,False,UNKNOWN,False,False,TOP_MAIN,UNKNOWN,False,20,UNKNOWN,False,7.0,0.0,False,UNKNOWN,False,False,DXF_GEOMETRY,no_dxf_geometry_for_beam_role,MEDIUM
B24,GT::B24::0001::TOP_EXTRA,Top bars-extra,False,UNKNOWN,UNKNOWN,False,UNKNOWN,False,UNKNOWN,False,UNKNOWN,False,UNKNOWN,False,False,TOP_EXTRA,UNKNOWN,False,20,UNKNOWN,False,3.0,0.0,False,UNKNOWN,False,False,DXF_GEOMETRY,no_dxf_geometry_for_beam_role,MEDIUM
B24,GT::B24::0002::BOTTOM_MAIN,Bottom bars,False,UNKNOWN,UNKNOWN,False,UNKNOWN,False,UNKNOWN,False,UNKNOWN,False,UNKNOWN,False,False,BOTTOM_MAIN,UNKNOWN,False,25,UNKNOWN,False,7.0,0.0,False,UNKNOWN,False,False,DXF_GEOMETRY,no_dxf_geometry_for_beam_role,MEDIUM
B24,GT::B24::0003::BOTTOM_EXTRA,Bottom bars -extra,False,UNKNOWN,UNKNOWN,False,UNKNOWN,False,UNKNOWN,False,UNKNOWN,False,UNKNOWN,False,False,BOTTOM_EXTRA,UNKNOWN,False,20,UNKNOWN,False,7.0,0.0,False,UNKNOWN,False,False,DXF_GEOMETRY,no_dxf_geometry_for_beam_role,MEDIUM
B24,GT::B24::0004::STIRRUP,Stirupps,False,UNKNOWN,UNKNOWN,False,UNKNOWN,False,UNKNOWN,False,UNKNOWN,False,UNKNOWN,False,False,STIRRUP,UNKNOWN,False,10,UNKNOWN,False,67.0,0.0,False,UNKNOWN,False,False,PHYSICAL_BAR_DETECTION,no_physical_bar_or_text_primary_evidence,MEDIUM
B24,GT::B24::0005::STIRRUP,Stirupps,False,UNKNOWN,UNKNOWN,False,UNKNOWN,False,UNKNOWN,False,UNKNOWN,False,UNKNOWN,False,False,STIRRUP,UNKNOWN,False,10,UNKNOWN,False,22.0,0.0,False,UNKNOWN,False,False,PHYSICAL_BAR_DETECTION,no_physical_bar_or_text_primary_evidence,MEDIUM
B24,GT::B24::0006::STIRRUP_HOOK,C - Hook,False,UNKNOWN,UNKNOWN,False,UNKNOWN,False,UNKNOWN,False,UNKNOWN,False,UNKNOWN,False,False,STIRRUP_HOOK,UNKNOWN,False,10,UNKNOWN,False,67.0,0.0,False,UNKNOWN,False,False,PHYSICAL_BAR_DETECTION,no_physical_bar_or_text_primary_evidence,MEDIUM
B24,GT::B24::0007::STIRRUP_HOOK,C - Hook,False,UNKNOWN,UNKNOWN,False,UNKNOWN,False,UNKNOWN,False,UNKNOWN,False,UNKNOWN,False,False,STIRRUP_HOOK,UNKNOWN,False,10,UNKNOWN,False,22.0,0.0,False,UNKNOWN,False,False,PHYSICAL_BAR_DETECTION,no_physical_bar_or_text_primary_evidence,MEDIUM
B24,GT::B24::0008::SPACER_BAR,Spacer bars,False,UNKNOWN,UNKNOWN,False,UNKNOWN,False,UNKNOWN,False,UNKNOWN,False,UNKNOWN,False,False,SPACER_BAR,UNKNOWN,False,25,UNKNOWN,False,12.0,0.0,False,UNKNOWN,False,False,PHYSICAL_BAR_DETECTION,no_physical_bar_or_text_primary_evidence,MEDIUM
B24A,GT::B24A::0000::TOP_MAIN,Top bars,False,UNKNOWN,UNKNOWN,False,UNKNOWN,False,UNKNOWN,False,UNKNOWN,False,UNKNOWN,False,False,TOP_MAIN,UNKNOWN,False,20,UNKNOWN,False,7.0,0.0,False,UNKNOWN,False,False,DXF_GEOMETRY,no_dxf_geometry_for_beam_role,MEDIUM
B24A,GT::B24A::0001::TOP_EXTRA,Top bars-extra,False,UNKNOWN,UNKNOWN,False,UNKNOWN,False,UNKNOWN,False,UNKNOWN,False,UNKNOWN,False,False,TOP_EXTRA,UNKNOWN,False,25,UNKNOWN,False,4.0,0.0,False,UNKNOWN,False,False,DXF_GEOMETRY,no_dxf_geometry_for_beam_role,MEDIUM
B24A,GT::B24A::0002::TOP_EXTRA,Top bars-extra,False,UNKNOWN,UNKNOWN,False,UNKNOWN,False,UNKNOWN,False,UNKNOWN,False,UNKNOWN,False,False,TOP_EXTRA,UNKNOWN,False,25,UNKNOWN,False,4.0,0.0,False,UNKNOWN,False,False,DXF_GEOMETRY,no_dxf_geometry_for_beam_role,MEDIUM
B24A,GT::B24A::0003::BOTTOM_MAIN,Bottom bars,False,UNKNOWN,UNKNOWN,False,UNKNOWN,False,UNKNOWN,False,UNKNOWN,False,UNKNOWN,False,False,BOTTOM_MAIN,UNKNOWN,False,25,UNKNOWN,False,7.0,0.0,False,UNKNOWN,False,False,DXF_GEOMETRY,no_dxf_geometry_for_beam_role,MEDIUM
B24A,GT::B24A::0004::BOTTOM_MAIN,Bottom bars,False,UNKNOWN,UNKNOWN,False,UNKNOWN,False,UNKNOWN,False,UNKNOWN,False,UNKNOWN,False,False,BOTTOM_MAIN,UNKNOWN,False,20,UNKNOWN,False,2.0,0.0,False,UNKNOWN,False,False,DXF_GEOMETRY,no_dxf_geometry_for_beam_role,MEDIUM
B24A,GT::B24A::0005::STIRRUP,Stirupps,False,UNKNOWN,UNKNOWN,False,UNKNOWN,False,UNKNOWN,False,UNKNOWN,False,UNKNOWN,False,False,STIRRUP,UNKNOWN,False,12,UNKNOWN,False,16.0,0.0,False,UNKNOWN,False,False,PHYSICAL_BAR_DETECTION,no_physical_bar_or_text_primary_evidence,MEDIUM
B24A,GT::B24A::0006::STIRRUP_HOOK,C - Hook,False,UNKNOWN,UNKNOWN,False,UNKNOWN,False,UNKNOWN,False,UNKNOWN,False,UNKNOWN,False,False,STIRRUP_HOOK,UNKNOWN,False,12,UNKNOWN,False,16.0,0.0,False,UNKNOWN,False,False,PHYSICAL_BAR_DETECTION,no_physical_bar_or_text_primary_evidence,MEDIUM
B24A,GT::B24A::0007::SPACER_BAR,Spacer bars,False,UNKNOWN,UNKNOWN,False,UNKNOWN,False,UNKNOWN,False,UNKNOWN,False,UNKNOWN,False,False,SPACER_BAR,UNKNOWN,False,25,UNKNOWN,False,3.0,0.0,False,UNKNOWN,False,False,PHYSICAL_BAR_DETECTION,no_physical_bar_or_text_primary_evidence,MEDIUM
B25,GT::B25::0000::TOP_MAIN,Top bars,False,UNKNOWN,UNKNOWN,False,UNKNOWN,False,UNKNOWN,False,UNKNOWN,False,UNKNOWN,False,False,TOP_MAIN,UNKNOWN,False,25,UNKNOWN,False,4.0,0.0,False,UNKNOWN,False,False,DXF_GEOMETRY,no_dxf_geometry_for_beam_role,MEDIUM
B25,GT::B25::0001::TOP_EXTRA,Top bars-extra,False,UNKNOWN,UNKNOWN,False,UNKNOWN,False,UNKNOWN,False,UNKNOWN,False,UNKNOWN,False,False,TOP_EXTRA,UNKNOWN,False,25,UNKNOWN,False,4.0,0.0,False,UNKNOWN,False,False,DXF_GEOMETRY,no_dxf_geometry_for_beam_role,MEDIUM
B25,GT::B25::0002::TOP_EXTRA,Top bars-extra,False,UNKNOWN,UNKNOWN,False,UNKNOWN,False,UNKNOWN,False,UNKNOWN,False,UNKNOWN,False,False,TOP_EXTRA,UNKNOWN,False,25,UNKNOWN,False,4.0,0.0,False,UNKNOWN,False,False,DXF_GEOMETRY,no_dxf_geometry_for_beam_role,MEDIUM
B25,GT::B25::0003::BOTTOM_MAIN,Bottom bars,False,UNKNOWN,UNKNOWN,False,UNKNOWN,False,UNKNOWN,False,UNKNOWN,False,UNKNOWN,False,False,BOTTOM_MAIN,UNKNOWN,False,20,UNKNOWN,False,4.0,0.0,False,UNKNOWN,False,False,DXF_GEOMETRY,no_dxf_geometry_for_beam_role,MEDIUM
B25,GT::B25::0004::BOTTOM_EXTRA,Bottom bars -extra,False,UNKNOWN,UNKNOWN,False,UNKNOWN,False,UNKNOWN,False,UNKNOWN,False,UNKNOWN,False,False,BOTTOM_EXTRA,UNKNOWN,False,25,UNKNOWN,False,4.0,0.0,False,UNKNOWN,False,False,DXF_GEOMETRY,no_dxf_geometry_for_beam_role,MEDIUM
B25,GT::B25::0005::STIRRUP,Stirupps,False,UNKNOWN,UNKNOWN,False,UNKNOWN,False,UNKNOWN,False,UNKNOWN,False,UNKNOWN,False,False,STIRRUP,UNKNOWN,False,12,UNKNOWN,False,51.0,0.0,False,UNKNOWN,False,False,PHYSICAL_BAR_DETECTION,no_physical_bar_or_text_primary_evidence,MEDIUM
B25,GT::B25::0006::STIRRUP,Stirupps,False,UNKNOWN,UNKNOWN,False,UNKNOWN,False,UNKNOWN,False,UNKNOWN,False,UNKNOWN,False,False,STIRRUP,UNKNOWN,False,12,UNKNOWN,False,17.0,0.0,False,UNKNOWN,False,False,PHYSICAL_BAR_DETECTION,no_physical_bar_or_text_primary_evidence,MEDIUM
B25,GT::B25::0007::STIRRUP_HOOK,C - Hook,False,UNKNOWN,UNKNOWN,False,UNKNOWN,False,UNKNOWN,False,UNKNOWN,False,UNKNOWN,False,False,STIRRUP_HOOK,UNKNOWN,False,12,UNKNOWN,False,51.0,0.0,False,UNKNOWN,False,False,PHYSICAL_BAR_DETECTION,no_physical_bar_or_text_primary_evidence,MEDIUM
B25,GT::B25::0008::STIRRUP_HOOK,C - Hook,False,UNKNOWN,UNKNOWN,False,UNKNOWN,False,UNKNOWN,False,UNKNOWN,False,UNKNOWN,False,False,STIRRUP_HOOK,UNKNOWN,False,12,UNKNOWN,False,17.0,0.0,False,UNKNOWN,False,False,PHYSICAL_BAR_DETECTION,no_physical_bar_or_text_primary_evidence,MEDIUM
B25,GT::B25::0009::SPACER_BAR,Spacer bars,False,UNKNOWN,UNKNOWN,False,UNKNOWN,False,UNKNOWN,False,UNKNOWN,False,UNKNOWN,False,False,SPACER_BAR,UNKNOWN,False,25,UNKNOWN,False,13.0,0.0,False,UNKNOWN,False,False,PHYSICAL_BAR_DETECTION,no_physical_bar_or_text_primary_evidence,MEDIUM
B26,GT::B26::0000::TOP_MAIN,Top bars,False,UNKNOWN,UNKNOWN,False,UNKNOWN,False,UNKNOWN,False,UNKNOWN,False,UNKNOWN,False,False,TOP_MAIN,UNKNOWN,False,20,UNKNOWN,False,6.0,0.0,False,UNKNOWN,False,False,DXF_GEOMETRY,no_dxf_geometry_for_beam_role,MEDIUM
B26,GT::B26::0001::TOP_EXTRA,Top bars-extra,False,UNKNOWN,UNKNOWN,False,UNKNOWN,False,UNKNOWN,False,UNKNOWN,False,UNKNOWN,False,False,TOP_EXTRA,UNKNOWN,False,20,UNKNOWN,False,4.0,0.0,False,UNKNOWN,False,False,DXF_GEOMETRY,no_dxf_geometry_for_beam_role,MEDIUM
B26,GT::B26::0002::TOP_EXTRA,Top bars-extra,False,UNKNOWN,UNKNOWN,False,UNKNOWN,False,UNKNOWN,False,UNKNOWN,False,UNKNOWN,False,False,TOP_EXTRA,UNKNOWN,False,25,UNKNOWN,False,4.0,0.0,False,UNKNOWN,False,False,DXF_GEOMETRY,no_dxf_geometry_for_beam_role,MEDIUM
B26,GT::B26::0003::BOTTOM_MAIN,Bottom bars,False,UNKNOWN,UNKNOWN,False,UNKNOWN,False,UNKNOWN,False,UNKNOWN,False,UNKNOWN,False,False,BOTTOM_MAIN,UNKNOWN,False,20,UNKNOWN,False,6.0,0.0,False,UNKNOWN,False,False,DXF_GEOMETRY,no_dxf_geometry_for_beam_role,MEDIUM
B26,GT::B26::0004::BOTTOM_EXTRA,Bottom bars -extra,False,UNKNOWN,UNKNOWN,False,UNKNOWN,False,UNKNOWN,False,UNKNOWN,False,UNKNOWN,False,False,BOTTOM_EXTRA,UNKNOWN,False,20,UNKNOWN,False,4.0,0.0,False,UNKNOWN,False,False,DXF_GEOMETRY,no_dxf_geometry_for_beam_role,MEDIUM
B26,GT::B26::0005::STIRRUP,Stirupps,False,UNKNOWN,UNKNOWN,False,UNKNOWN,False,UNKNOWN,False,UNKNOWN,False,UNKNOWN,False,False,STIRRUP,UNKNOWN,False,10,UNKNOWN,False,59.0,0.0,False,UNKNOWN,False,False,PHYSICAL_BAR_DETECTION,no_physical_bar_or_text_primary_evidence,MEDIUM
B26,GT::B26::0006::STIRRUP,Stirupps,False,UNKNOWN,UNKNOWN,False,UNKNOWN,False,UNKNOWN,False,UNKNOWN,False,UNKNOWN,False,False,STIRRUP,UNKNOWN,False,10,UNKNOWN,False,20.0,0.0,False,UNKNOWN,False,False,PHYSICAL_BAR_DETECTION,no_physical_bar_or_text_primary_evidence,MEDIUM
B26,GT::B26::0007::STIRRUP_HOOK,C - Hook,False,UNKNOWN,UNKNOWN,False,UNKNOWN,False,UNKNOWN,False,UNKNOWN,False,UNKNOWN,False,False,STIRRUP_HOOK,UNKNOWN,False,10,UNKNOWN,False,59.0,0.0,False,UNKNOWN,False,False,PHYSICAL_BAR_DETECTION,no_physical_bar_or_text_primary_evidence,MEDIUM
B26,GT::B26::0008::STIRRUP_HOOK,C - Hook,False,UNKNOWN,UNKNOWN,False,UNKNOWN,False,UNKNOWN,False,UNKNOWN,False,UNKNOWN,False,False,STIRRUP_HOOK,UNKNOWN,False,10,UNKNOWN,False,20.0,0.0,False,UNKNOWN,False,False,PHYSICAL_BAR_DETECTION,no_physical_bar_or_text_primary_evidence,MEDIUM
B26,GT::B26::0009::SPACER_BAR,Spacer bars,False,UNKNOWN,UNKNOWN,False,UNKNOWN,False,UNKNOWN,False,UNKNOWN,False,UNKNOWN,False,False,SPACER_BAR,UNKNOWN,False,25,UNKNOWN,False,11.0,0.0,False,UNKNOWN,False,False,PHYSICAL_BAR_DETECTION,no_physical_bar_or_text_primary_evidence,MEDIUM
B27,GT::B27::0000::TOP_MAIN,Top bars,True,11C88F2,LINE,False,UNKNOWN,False,UNKNOWN,False,UNKNOWN,False,UNKNOWN,False,False,TOP_MAIN,UNKNOWN,False,25,UNKNOWN,False,4.0,0.0,False,UNKNOWN,False,False,PHYSICAL_BAR_DETECTION,dxf_geometry_present_but_not_detected_as_physical_bar,HIGH
B27,GT::B27::0001::TOP_EXTRA,Top bars-extra,True,11C88F2,LINE,False,UNKNOWN,False,UNKNOWN,False,UNKNOWN,False,UNKNOWN,False,False,TOP_EXTRA,UNKNOWN,False,25,UNKNOWN,False,4.0,0.0,False,UNKNOWN,False,False,PHYSICAL_BAR_DETECTION,dxf_geometry_present_but_not_detected_as_physical_bar,HIGH
B27,GT::B27::0002::TOP_EXTRA,Top bars-extra,True,11C88F2,LINE,False,UNKNOWN,False,UNKNOWN,False,UNKNOWN,False,UNKNOWN,False,False,TOP_EXTRA,UNKNOWN,False,25,UNKNOWN,False,4.0,0.0,False,UNKNOWN,False,False,PHYSICAL_BAR_DETECTION,dxf_geometry_present_but_not_detected_as_physical_bar,HIGH
B27,GT::B27::0003::BOTTOM_MAIN,Bottom bars,True,11C88F2,LINE,False,UNKNOWN,False,UNKNOWN,False,UNKNOWN,False,UNKNOWN,False,False,BOTTOM_MAIN,UNKNOWN,False,25,UNKNOWN,False,4.0,0.0,False,UNKNOWN,False,False,PHYSICAL_BAR_DETECTION,dxf_geometry_present_but_not_detected_as_physical_bar,HIGH
B27,GT::B27::0004::BOTTOM_EXTRA,Bottom bars -extra,True,11C88F2,LINE,False,UNKNOWN,False,UNKNOWN,False,UNKNOWN,False,UNKNOWN,False,False,BOTTOM_EXTRA,UNKNOWN,False,20,UNKNOWN,False,2.0,0.0,False,UNKNOWN,False,False,PHYSICAL_BAR_DETECTION,dxf_geometry_present_but_not_detected_as_physical_bar,HIGH
B27,GT::B27::0005::STIRRUP,Stirupps,True,11C88F2,LINE,False,UNKNOWN,False,UNKNOWN,False,UNKNOWN,False,UNKNOWN,False,False,STIRRUP,UNKNOWN,False,10,UNKNOWN,False,49.0,0.0,False,UNKNOWN,False,False,PHYSICAL_BAR_DETECTION,dxf_geometry_present_but_not_detected_as_physical_bar,MEDIUM
B27,GT::B27::0006::STIRRUP,Stirupps,True,11C88F2,LINE,False,UNKNOWN,False,UNKNOWN,False,UNKNOWN,False,UNKNOWN,False,False,STIRRUP,UNKNOWN,False,10,UNKNOWN,False,16.0,0.0,False,UNKNOWN,False,False,PHYSICAL_BAR_DETECTION,dxf_geometry_present_but_not_detected_as_physical_bar,MEDIUM
B27,GT::B27::0007::STIRRUP_HOOK,C - Hook,True,11C88F2,LINE,False,UNKNOWN,False,UNKNOWN,False,UNKNOWN,False,UNKNOWN,False,False,STIRRUP_HOOK,UNKNOWN,False,10,UNKNOWN,False,49.0,0.0,False,UNKNOWN,False,False,PHYSICAL_BAR_DETECTION,dxf_geometry_present_but_not_detected_as_physical_bar,MEDIUM
B27,GT::B27::0008::STIRRUP_HOOK,C - Hook,True,11C88F2,LINE,False,UNKNOWN,False,UNKNOWN,False,UNKNOWN,False,UNKNOWN,False,False,STIRRUP_HOOK,UNKNOWN,False,10,UNKNOWN,False,16.0,0.0,False,UNKNOWN,False,False,PHYSICAL_BAR_DETECTION,dxf_geometry_present_but_not_detected_as_physical_bar,MEDIUM
B27,GT::B27::0009::SPACER_BAR,Spacer bars,True,11C88F2,LINE,False,UNKNOWN,False,UNKNOWN,False,UNKNOWN,False,UNKNOWN,False,False,SPACER_BAR,UNKNOWN,False,25,UNKNOWN,False,6.0,0.0,False,UNKNOWN,False,False,PHYSICAL_BAR_DETECTION,dxf_geometry_present_but_not_detected_as_physical_bar,MEDIUM
B28,GT::B28::0000::TOP_MAIN,Top bars,True,11C88F2,LINE,False,UNKNOWN,False,UNKNOWN,False,UNKNOWN,False,UNKNOWN,False,False,TOP_MAIN,UNKNOWN,False,25,UNKNOWN,False,4.0,0.0,False,UNKNOWN,False,False,PHYSICAL_BAR_DETECTION,dxf_geometry_present_but_not_detected_as_physical_bar,HIGH
B28,GT::B28::0001::TOP_EXTRA,Top bars-extra,True,11C88F2,LINE,False,UNKNOWN,False,UNKNOWN,False,UNKNOWN,False,UNKNOWN,False,False,TOP_EXTRA,UNKNOWN,False,25,UNKNOWN,False,4.0,0.0,False,UNKNOWN,False,False,PHYSICAL_BAR_DETECTION,dxf_geometry_present_but_not_detected_as_physical_bar,HIGH
B28,GT::B28::0002::BOTTOM_MAIN,Bottom bars,True,11C88F2,LINE,False,UNKNOWN,False,UNKNOWN,False,UNKNOWN,False,UNKNOWN,False,False,BOTTOM_MAIN,UNKNOWN,False,25,UNKNOWN,False,4.0,0.0,False,UNKNOWN,False,False,PHYSICAL_BAR_DETECTION,dxf_geometry_present_but_not_detected_as_physical_bar,HIGH
B28,GT::B28::0003::BOTTOM_EXTRA,Bottom bars -extra,True,11C88F2,LINE,False,UNKNOWN,False,UNKNOWN,False,UNKNOWN,False,UNKNOWN,False,False,BOTTOM_EXTRA,UNKNOWN,False,20,UNKNOWN,False,2.0,0.0,False,UNKNOWN,False,False,PHYSICAL_BAR_DETECTION,dxf_geometry_present_but_not_detected_as_physical_bar,HIGH
B28,GT::B28::0004::STIRRUP,Stirupps,True,11C88F2,LINE,False,UNKNOWN,False,UNKNOWN,False,UNKNOWN,False,UNKNOWN,False,False,STIRRUP,UNKNOWN,False,10,UNKNOWN,False,73.0,0.0,False,UNKNOWN,False,False,PHYSICAL_BAR_DETECTION,dxf_geometry_present_but_not_detected_as_physical_bar,MEDIUM
B28,GT::B28::0005::STIRRUP,Stirupps,True,11C88F2,LINE,False,UNKNOWN,False,UNKNOWN,False,UNKNOWN,False,UNKNOWN,False,False,STIRRUP,UNKNOWN,False,10,UNKNOWN,False,24.0,0.0,False,UNKNOWN,False,False,PHYSICAL_BAR_DETECTION,dxf_geometry_present_but_not_detected_as_physical_bar,MEDIUM
B28,GT::B28::0006::STIRRUP_HOOK,C - Hook,True,11C88F2,LINE,False,UNKNOWN,False,UNKNOWN,False,UNKNOWN,False,UNKNOWN,False,False,STIRRUP_HOOK,UNKNOWN,False,10,UNKNOWN,False,73.0,0.0,False,UNKNOWN,False,False,PHYSICAL_BAR_DETECTION,dxf_geometry_present_but_not_detected_as_physical_bar,MEDIUM
B28,GT::B28::0007::STIRRUP_HOOK,C - Hook,True,11C88F2,LINE,False,UNKNOWN,False,UNKNOWN,False,UNKNOWN,False,UNKNOWN,False,False,STIRRUP_HOOK,UNKNOWN,False,10,UNKNOWN,False,24.0,0.0,False,UNKNOWN,False,False,PHYSICAL_BAR_DETECTION,dxf_geometry_present_but_not_detected_as_physical_bar,MEDIUM
B28,GT::B28::0008::SPACER_BAR,Spacer bars,True,11C88F2,LINE,False,UNKNOWN,False,UNKNOWN,False,UNKNOWN,False,UNKNOWN,False,False,SPACER_BAR,UNKNOWN,False,25,UNKNOWN,False,7.0,0.0,False,UNKNOWN,False,False,PHYSICAL_BAR_DETECTION,dxf_geometry_present_but_not_detected_as_physical_bar,MEDIUM
B29,GT::B29::0000::TOP_MAIN,Top bars,True,1241225,LINE,True,BAR::SYN::B29::1241225,True,B29,True,ANN-d5609c23,True,LDR::58F9C249,True,True,TOP_MAIN,TOP_MAIN,True,25,25,True,4.0,4.0,True,R13-B29-TOP_MAIN-6a73ae,True,False,NO_FAILURE,excel_semantic_match,HIGH
B29,GT::B29::0001::TOP_EXTRA,Top bars-extra,True,1241225,LINE,True,BAR::SYN::B29::1241225,True,B29,True,ANN-d5609c23,True,LDR::58F9C249,True,True,TOP_EXTRA,TOP_EXTRA,False,25,20,True,4.0,4.0,True,R13-B29-TOP_EXTRA-fdf9c6,True,False,DIAMETER_RESOLUTION,excel_wrong_diameter,HIGH
B29,GT::B29::0002::BOTTOM_MAIN,Bottom bars,True,1241225,LINE,True,BAR::SYN::B29::1241225,True,B29,True,ANN-d5609c23,True,LDR::58F9C249,True,False,BOTTOM_MAIN,SPACER_BAR,True,25,25,False,4.0,2.0,True,VB1::B29::SPACER_BAR,True,False,ROLE_RESOLUTION,partial_role,MEDIUM
B29,GT::B29::0003::BOTTOM_EXTRA,Bottom bars -extra,True,1241225,LINE,True,BAR::SYN::B29::1241225,True,B29,True,ANN-3428aa15,True,LDR::F05FF82C,True,False,BOTTOM_EXTRA,TOP_EXTRA,True,20,20,True,4.0,4.0,True,VB1::B29::TOP_EXTRA,True,False,ROLE_RESOLUTION,excel_wrong_role,HIGH
B29,GT::B29::0004::STIRRUP,Stirupps,True,1241225,LINE,True,BAR::SYN::B29::1241225,True,B29,True,ANN-15af619b,False,UNKNOWN,False,True,STIRRUP,STIRRUP,True,12,12,False,47.0,35.0,True,R13-B29-STIRRUP-cdc35b,True,False,QUANTITY_RESOLUTION,excel_wrong_quantity,HIGH
B29,GT::B29::0005::STIRRUP_HOOK,C - Hook,True,1241225,LINE,True,BAR::SYN::B29::1241225,True,B29,True,ANN-15af619b,False,UNKNOWN,False,True,STIRRUP_HOOK,STIRRUP,False,12,10,False,47.0,35.0,True,R13-B29-STIRRUP-cdc35b,True,False,DIAMETER_RESOLUTION,excel_wrong_diameter,HIGH
B29,GT::B29::0006::SPACER_BAR,Spacer bars,True,1241225,LINE,True,BAR::SYN::B29::1241225,True,B29,True,ANN-15af619b,False,UNKNOWN,False,True,SPACER_BAR,SPACER_BAR,True,25,25,False,15.0,2.0,True,R13-B29-SPACER_BAR-7f6930,True,False,QUANTITY_RESOLUTION,excel_wrong_quantity,HIGH
B30,GT::B30::0000::TOP_MAIN,Top bars,False,UNKNOWN,UNKNOWN,False,UNKNOWN,False,UNKNOWN,False,UNKNOWN,False,UNKNOWN,False,False,TOP_MAIN,UNKNOWN,False,20,UNKNOWN,False,4.0,0.0,False,UNKNOWN,False,False,DXF_GEOMETRY,no_dxf_geometry_for_beam_role,MEDIUM
B30,GT::B30::0001::TOP_EXTRA,Top bars-extra,False,UNKNOWN,UNKNOWN,False,UNKNOWN,False,UNKNOWN,False,UNKNOWN,False,UNKNOWN,False,False,TOP_EXTRA,UNKNOWN,False,25,UNKNOWN,False,4.0,0.0,False,UNKNOWN,False,False,DXF_GEOMETRY,no_dxf_geometry_for_beam_role,MEDIUM
B30,GT::B30::0002::BOTTOM_MAIN,Bottom bars,False,UNKNOWN,UNKNOWN,False,UNKNOWN,False,UNKNOWN,False,UNKNOWN,False,UNKNOWN,False,False,BOTTOM_MAIN,UNKNOWN,False,20,UNKNOWN,False,4.0,0.0,False,UNKNOWN,False,False,DXF_GEOMETRY,no_dxf_geometry_for_beam_role,MEDIUM
B30,GT::B30::0003::BOTTOM_EXTRA,Bottom bars -extra,False,UNKNOWN,UNKNOWN,False,UNKNOWN,False,UNKNOWN,False,UNKNOWN,False,UNKNOWN,False,False,BOTTOM_EXTRA,UNKNOWN,False,20,UNKNOWN,False,2.0,0.0,False,UNKNOWN,False,False,DXF_GEOMETRY,no_dxf_geometry_for_beam_role,MEDIUM
B30,GT::B30::0004::STIRRUP,Stirupps,False,UNKNOWN,UNKNOWN,False,UNKNOWN,False,UNKNOWN,False,UNKNOWN,False,UNKNOWN,False,False,STIRRUP,UNKNOWN,False,12,UNKNOWN,False,45.0,0.0,False,UNKNOWN,False,False,PHYSICAL_BAR_DETECTION,no_physical_bar_or_text_primary_evidence,MEDIUM
B30,GT::B30::0005::STIRRUP_HOOK,C - Hook,False,UNKNOWN,UNKNOWN,False,UNKNOWN,False,UNKNOWN,False,UNKNOWN,False,UNKNOWN,False,False,STIRRUP_HOOK,UNKNOWN,False,12,UNKNOWN,False,45.0,0.0,False,UNKNOWN,False,False,PHYSICAL_BAR_DETECTION,no_physical_bar_or_text_primary_evidence,MEDIUM
B30,GT::B30::0006::SPACER_BAR,Spacer bars,False,UNKNOWN,UNKNOWN,False,UNKNOWN,False,UNKNOWN,False,UNKNOWN,False,UNKNOWN,False,False,SPACER_BAR,UNKNOWN,False,25,UNKNOWN,False,3.0,0.0,False,UNKNOWN,False,False,PHYSICAL_BAR_DETECTION,no_physical_bar_or_text_primary_evidence,MEDIUM
B31,GT::B31::0000::TOP_MAIN,Top bars,False,UNKNOWN,UNKNOWN,False,UNKNOWN,False,UNKNOWN,False,UNKNOWN,False,UNKNOWN,False,False,TOP_MAIN,UNKNOWN,False,20,UNKNOWN,False,4.0,0.0,False,UNKNOWN,False,False,DXF_GEOMETRY,no_dxf_geometry_for_beam_role,MEDIUM
B31,GT::B31::0001::TOP_MAIN,Top bars,False,UNKNOWN,UNKNOWN,False,UNKNOWN,False,UNKNOWN,False,UNKNOWN,False,UNKNOWN,False,False,TOP_MAIN,UNKNOWN,False,20,UNKNOWN,False,4.0,0.0,False,UNKNOWN,False,False,DXF_GEOMETRY,no_dxf_geometry_for_beam_role,MEDIUM
B31,GT::B31::0002::TOP_EXTRA,Top bars-extra,False,UNKNOWN,UNKNOWN,False,UNKNOWN,False,UNKNOWN,False,UNKNOWN,False,UNKNOWN,False,False,TOP_EXTRA,UNKNOWN,False,25,UNKNOWN,False,4.0,0.0,False,UNKNOWN,False,False,DXF_GEOMETRY,no_dxf_geometry_for_beam_role,MEDIUM
B31,GT::B31::0003::BOTTOM_MAIN,Bottom bars,False,UNKNOWN,UNKNOWN,False,UNKNOWN,False,UNKNOWN,False,UNKNOWN,False,UNKNOWN,False,False,BOTTOM_MAIN,UNKNOWN,False,25,UNKNOWN,False,4.0,0.0,False,UNKNOWN,False,False,DXF_GEOMETRY,no_dxf_geometry_for_beam_role,MEDIUM
B31,GT::B31::0004::BOTTOM_EXTRA,Bottom bars -extra,False,UNKNOWN,UNKNOWN,False,UNKNOWN,False,UNKNOWN,False,UNKNOWN,False,UNKNOWN,False,False,BOTTOM_EXTRA,UNKNOWN,False,16,UNKNOWN,False,4.0,0.0,False,UNKNOWN,False,False,DXF_GEOMETRY,no_dxf_geometry_for_beam_role,MEDIUM
B31,GT::B31::0005::STIRRUP,Stirupps,False,UNKNOWN,UNKNOWN,False,UNKNOWN,False,UNKNOWN,False,UNKNOWN,False,UNKNOWN,False,False,STIRRUP,UNKNOWN,False,12,UNKNOWN,False,34.0,0.0,False,UNKNOWN,False,False,PHYSICAL_BAR_DETECTION,no_physical_bar_or_text_primary_evidence,MEDIUM
B31,GT::B31::0006::STIRRUP,Stirupps,False,UNKNOWN,UNKNOWN,False,UNKNOWN,False,UNKNOWN,False,UNKNOWN,False,UNKNOWN,False,False,STIRRUP,UNKNOWN,False,12,UNKNOWN,False,15.0,0.0,False,UNKNOWN,False,False,PHYSICAL_BAR_DETECTION,no_physical_bar_or_text_primary_evidence,MEDIUM
B31,GT::B31::0007::STIRRUP_HOOK,C - Hook,False,UNKNOWN,UNKNOWN,False,UNKNOWN,False,UNKNOWN,False,UNKNOWN,False,UNKNOWN,False,False,STIRRUP_HOOK,UNKNOWN,False,12,UNKNOWN,False,34.0,0.0,False,UNKNOWN,False,False,PHYSICAL_BAR_DETECTION,no_physical_bar_or_text_primary_evidence,MEDIUM
B31,GT::B31::0008::STIRRUP_HOOK,C - Hook,False,UNKNOWN,UNKNOWN,False,UNKNOWN,False,UNKNOWN,False,UNKNOWN,False,UNKNOWN,False,False,STIRRUP_HOOK,UNKNOWN,False,12,UNKNOWN,False,15.0,0.0,False,UNKNOWN,False,False,PHYSICAL_BAR_DETECTION,no_physical_bar_or_text_primary_evidence,MEDIUM
B31,GT::B31::0009::SPACER_BAR,Spacer bars,False,UNKNOWN,UNKNOWN,False,UNKNOWN,False,UNKNOWN,False,UNKNOWN,False,UNKNOWN,False,False,SPACER_BAR,UNKNOWN,False,25,UNKNOWN,False,7.0,0.0,False,UNKNOWN,False,False,PHYSICAL_BAR_DETECTION,no_physical_bar_or_text_primary_evidence,MEDIUM
B32,GT::B32::0000::TOP_MAIN,Top bars,False,UNKNOWN,UNKNOWN,False,UNKNOWN,False,UNKNOWN,False,UNKNOWN,False,UNKNOWN,False,False,TOP_MAIN,UNKNOWN,False,20,UNKNOWN,False,4.0,0.0,False,UNKNOWN,False,False,DXF_GEOMETRY,no_dxf_geometry_for_beam_role,MEDIUM
B32,GT::B32::0001::TOP_MAIN,Top bars,False,UNKNOWN,UNKNOWN,False,UNKNOWN,False,UNKNOWN,False,UNKNOWN,False,UNKNOWN,False,False,TOP_MAIN,UNKNOWN,False,20,UNKNOWN,False,4.0,0.0,False,UNKNOWN,False,False,DXF_GEOMETRY,no_dxf_geometry_for_beam_role,MEDIUM
B32,GT::B32::0002::TOP_EXTRA,Top bars-extra,False,UNKNOWN,UNKNOWN,False,UNKNOWN,False,UNKNOWN,False,UNKNOWN,False,UNKNOWN,False,False,TOP_EXTRA,UNKNOWN,False,20,UNKNOWN,False,4.0,0.0,False,UNKNOWN,False,False,DXF_GEOMETRY,no_dxf_geometry_for_beam_role,MEDIUM
B32,GT::B32::0003::BOTTOM_MAIN,Bottom bars,False,UNKNOWN,UNKNOWN,False,UNKNOWN,False,UNKNOWN,False,UNKNOWN,False,UNKNOWN,False,False,BOTTOM_MAIN,UNKNOWN,False,20,UNKNOWN,False,4.0,0.0,False,UNKNOWN,False,False,DXF_GEOMETRY,no_dxf_geometry_for_beam_role,MEDIUM
B32,GT::B32::0004::BOTTOM_EXTRA,Bottom bars -extra,False,UNKNOWN,UNKNOWN,False,UNKNOWN,False,UNKNOWN,False,UNKNOWN,False,UNKNOWN,False,False,BOTTOM_EXTRA,UNKNOWN,False,16,UNKNOWN,False,4.0,0.0,False,UNKNOWN,False,False,DXF_GEOMETRY,no_dxf_geometry_for_beam_role,MEDIUM
B32,GT::B32::0005::STIRRUP,Stirupps,False,UNKNOWN,UNKNOWN,False,UNKNOWN,False,UNKNOWN,False,UNKNOWN,False,UNKNOWN,False,False,STIRRUP,UNKNOWN,False,12,UNKNOWN,False,45.0,0.0,False,UNKNOWN,False,False,PHYSICAL_BAR_DETECTION,no_physical_bar_or_text_primary_evidence,MEDIUM
B32,GT::B32::0006::STIRRUP,Stirupps,False,UNKNOWN,UNKNOWN,False,UNKNOWN,False,UNKNOWN,False,UNKNOWN,False,UNKNOWN,False,False,STIRRUP,UNKNOWN,False,12,UNKNOWN,False,15.0,0.0,False,UNKNOWN,False,False,PHYSICAL_BAR_DETECTION,no_physical_bar_or_text_primary_evidence,MEDIUM
B32,GT::B32::0007::STIRRUP_HOOK,C - Hook,False,UNKNOWN,UNKNOWN,False,UNKNOWN,False,UNKNOWN,False,UNKNOWN,False,UNKNOWN,False,False,STIRRUP_HOOK,UNKNOWN,False,12,UNKNOWN,False,45.0,0.0,False,UNKNOWN,False,False,PHYSICAL_BAR_DETECTION,no_physical_bar_or_text_primary_evidence,MEDIUM
B32,GT::B32::0008::STIRRUP_HOOK,C - Hook,False,UNKNOWN,UNKNOWN,False,UNKNOWN,False,UNKNOWN,False,UNKNOWN,False,UNKNOWN,False,False,STIRRUP_HOOK,UNKNOWN,False,12,UNKNOWN,False,15.0,0.0,False,UNKNOWN,False,False,PHYSICAL_BAR_DETECTION,no_physical_bar_or_text_primary_evidence,MEDIUM
B32,GT::B32::0009::SPACER_BAR,Spacer bars,False,UNKNOWN,UNKNOWN,False,UNKNOWN,False,UNKNOWN,False,UNKNOWN,False,UNKNOWN,False,False,SPACER_BAR,UNKNOWN,False,25,UNKNOWN,False,6.0,0.0,False,UNKNOWN,False,False,PHYSICAL_BAR_DETECTION,no_physical_bar_or_text_primary_evidence,MEDIUM
B33,GT::B33::0000::TOP_MAIN,Top bars,False,UNKNOWN,UNKNOWN,False,UNKNOWN,False,UNKNOWN,False,UNKNOWN,False,UNKNOWN,False,False,TOP_MAIN,UNKNOWN,False,20,UNKNOWN,False,4.0,0.0,False,UNKNOWN,False,False,DXF_GEOMETRY,no_dxf_geometry_for_beam_role,MEDIUM
B33,GT::B33::0001::TOP_EXTRA,Top bars-extra,False,UNKNOWN,UNKNOWN,False,UNKNOWN,False,UNKNOWN,False,UNKNOWN,False,UNKNOWN,False,False,TOP_EXTRA,UNKNOWN,False,20,UNKNOWN,False,4.0,0.0,False,UNKNOWN,False,False,DXF_GEOMETRY,no_dxf_geometry_for_beam_role,MEDIUM
B33,GT::B33::0002::BOTTOM_MAIN,Bottom bars,False,UNKNOWN,UNKNOWN,False,UNKNOWN,False,UNKNOWN,False,UNKNOWN,False,UNKNOWN,False,False,BOTTOM_MAIN,UNKNOWN,False,20,UNKNOWN,False,4.0,0.0,False,UNKNOWN,False,False,DXF_GEOMETRY,no_dxf_geometry_for_beam_role,MEDIUM
B33,GT::B33::0003::BOTTOM_EXTRA,Bottom bars -extra,False,UNKNOWN,UNKNOWN,False,UNKNOWN,False,UNKNOWN,False,UNKNOWN,False,UNKNOWN,False,False,BOTTOM_EXTRA,UNKNOWN,False,16,UNKNOWN,False,2.0,0.0,False,UNKNOWN,False,False,DXF_GEOMETRY,no_dxf_geometry_for_beam_role,MEDIUM
B33,GT::B33::0004::STIRRUP,Stirupps,False,UNKNOWN,UNKNOWN,False,UNKNOWN,False,UNKNOWN,False,UNKNOWN,False,UNKNOWN,False,False,STIRRUP,UNKNOWN,False,10,UNKNOWN,False,45.0,0.0,False,UNKNOWN,False,False,PHYSICAL_BAR_DETECTION,no_physical_bar_or_text_primary_evidence,MEDIUM
B33,GT::B33::0005::STIRRUP,Stirupps,False,UNKNOWN,UNKNOWN,False,UNKNOWN,False,UNKNOWN,False,UNKNOWN,False,UNKNOWN,False,False,STIRRUP,UNKNOWN,False,10,UNKNOWN,False,15.0,0.0,False,UNKNOWN,False,False,PHYSICAL_BAR_DETECTION,no_physical_bar_or_text_primary_evidence,MEDIUM
B33,GT::B33::0006::STIRRUP_HOOK,C - Hook,False,UNKNOWN,UNKNOWN,False,UNKNOWN,False,UNKNOWN,False,UNKNOWN,False,UNKNOWN,False,False,STIRRUP_HOOK,UNKNOWN,False,10,UNKNOWN,False,45.0,0.0,False,UNKNOWN,False,False,PHYSICAL_BAR_DETECTION,no_physical_bar_or_text_primary_evidence,MEDIUM
B33,GT::B33::0007::STIRRUP_HOOK,C - Hook,False,UNKNOWN,UNKNOWN,False,UNKNOWN,False,UNKNOWN,False,UNKNOWN,False,UNKNOWN,False,False,STIRRUP_HOOK,UNKNOWN,False,10,UNKNOWN,False,15.0,0.0,False,UNKNOWN,False,False,PHYSICAL_BAR_DETECTION,no_physical_bar_or_text_primary_evidence,MEDIUM
B33,GT::B33::0008::SPACER_BAR,Spacer bars,False,UNKNOWN,UNKNOWN,False,UNKNOWN,False,UNKNOWN,False,UNKNOWN,False,UNKNOWN,False,False,SPACER_BAR,UNKNOWN,False,25,UNKNOWN,False,9.0,0.0,False,UNKNOWN,False,False,PHYSICAL_BAR_DETECTION,no_physical_bar_or_text_primary_evidence,MEDIUM
B34,GT::B34::0000::TOP_MAIN,Top bars,False,UNKNOWN,UNKNOWN,False,UNKNOWN,False,UNKNOWN,False,UNKNOWN,False,UNKNOWN,False,False,TOP_MAIN,UNKNOWN,False,20,UNKNOWN,False,4.0,0.0,False,UNKNOWN,False,False,DXF_GEOMETRY,no_dxf_geometry_for_beam_role,MEDIUM
B34,GT::B34::0001::TOP_EXTRA,Top bars-extra,False,UNKNOWN,UNKNOWN,False,UNKNOWN,False,UNKNOWN,False,UNKNOWN,False,UNKNOWN,False,False,TOP_EXTRA,UNKNOWN,False,20,UNKNOWN,False,4.0,0.0,False,UNKNOWN,False,False,DXF_GEOMETRY,no_dxf_geometry_for_beam_role,MEDIUM
B34,GT::B34::0002::BOTTOM_MAIN,Bottom bars,False,UNKNOWN,UNKNOWN,False,UNKNOWN,False,UNKNOWN,False,UNKNOWN,False,UNKNOWN,False,False,BOTTOM_MAIN,UNKNOWN,False,20,UNKNOWN,False,4.0,0.0,False,UNKNOWN,False,False,DXF_GEOMETRY,no_dxf_geometry_for_beam_role,MEDIUM
B34,GT::B34::0003::STIRRUP,Stirupps,False,UNKNOWN,UNKNOWN,False,UNKNOWN,False,UNKNOWN,False,UNKNOWN,False,UNKNOWN,False,False,STIRRUP,UNKNOWN,False,8,UNKNOWN,False,31.0,0.0,False,UNKNOWN,False,False,PHYSICAL_BAR_DETECTION,no_physical_bar_or_text_primary_evidence,MEDIUM
B34,GT::B34::0004::STIRRUP_HOOK,C - Hook,False,UNKNOWN,UNKNOWN,False,UNKNOWN,False,UNKNOWN,False,UNKNOWN,False,UNKNOWN,False,False,STIRRUP_HOOK,UNKNOWN,False,8,UNKNOWN,False,31.0,0.0,False,UNKNOWN,False,False,PHYSICAL_BAR_DETECTION,no_physical_bar_or_text_primary_evidence,MEDIUM
B34,GT::B34::0005::SPACER_BAR,Spacer bars,False,UNKNOWN,UNKNOWN,False,UNKNOWN,False,UNKNOWN,False,UNKNOWN,False,UNKNOWN,False,False,SPACER_BAR,UNKNOWN,False,25,UNKNOWN,False,2.0,0.0,False,UNKNOWN,False,False,PHYSICAL_BAR_DETECTION,no_physical_bar_or_text_primary_evidence,MEDIUM
B35,GT::B35::0000::TOP_MAIN,Top bars,False,UNKNOWN,UNKNOWN,False,UNKNOWN,False,UNKNOWN,False,UNKNOWN,False,UNKNOWN,False,False,TOP_MAIN,UNKNOWN,False,20,UNKNOWN,False,4.0,0.0,False,UNKNOWN,False,False,DXF_GEOMETRY,no_dxf_geometry_for_beam_role,MEDIUM
B35,GT::B35::0001::TOP_EXTRA,Top bars-extra,False,UNKNOWN,UNKNOWN,False,UNKNOWN,False,UNKNOWN,False,UNKNOWN,False,UNKNOWN,False,False,TOP_EXTRA,UNKNOWN,False,20,UNKNOWN,False,4.0,0.0,False,UNKNOWN,False,False,DXF_GEOMETRY,no_dxf_geometry_for_beam_role,MEDIUM
B35,GT::B35::0002::BOTTOM_MAIN,Bottom bars,False,UNKNOWN,UNKNOWN,False,UNKNOWN,False,UNKNOWN,False,UNKNOWN,False,UNKNOWN,False,False,BOTTOM_MAIN,UNKNOWN,False,20,UNKNOWN,False,4.0,0.0,False,UNKNOWN,False,False,DXF_GEOMETRY,no_dxf_geometry_for_beam_role,MEDIUM
B35,GT::B35::0003::STIRRUP,Stirupps,False,UNKNOWN,UNKNOWN,False,UNKNOWN,False,UNKNOWN,False,UNKNOWN,False,UNKNOWN,False,False,STIRRUP,UNKNOWN,False,10,UNKNOWN,False,7.0,0.0,False,UNKNOWN,False,False,PHYSICAL_BAR_DETECTION,no_physical_bar_or_text_primary_evidence,MEDIUM
B35,GT::B35::0004::STIRRUP,Stirupps,False,UNKNOWN,UNKNOWN,False,UNKNOWN,False,UNKNOWN,False,UNKNOWN,False,UNKNOWN,False,False,STIRRUP,UNKNOWN,False,10,UNKNOWN,False,2.0,0.0,False,UNKNOWN,False,False,PHYSICAL_BAR_DETECTION,no_physical_bar_or_text_primary_evidence,MEDIUM
B35,GT::B35::0005::STIRRUP_HOOK,C - Hook,False,UNKNOWN,UNKNOWN,False,UNKNOWN,False,UNKNOWN,False,UNKNOWN,False,UNKNOWN,False,False,STIRRUP_HOOK,UNKNOWN,False,10,UNKNOWN,False,7.0,0.0,False,UNKNOWN,False,False,PHYSICAL_BAR_DETECTION,no_physical_bar_or_text_primary_evidence,MEDIUM
B35,GT::B35::0006::STIRRUP_HOOK,C - Hook,False,UNKNOWN,UNKNOWN,False,UNKNOWN,False,UNKNOWN,False,UNKNOWN,False,UNKNOWN,False,False,STIRRUP_HOOK,UNKNOWN,False,10,UNKNOWN,False,2.0,0.0,False,UNKNOWN,False,False,PHYSICAL_BAR_DETECTION,no_physical_bar_or_text_primary_evidence,MEDIUM
B35,GT::B35::0007::SPACER_BAR,Spacer bars,False,UNKNOWN,UNKNOWN,False,UNKNOWN,False,UNKNOWN,False,UNKNOWN,False,UNKNOWN,False,False,SPACER_BAR,UNKNOWN,False,25,UNKNOWN,False,4.0,0.0,False,UNKNOWN,False,False,PHYSICAL_BAR_DETECTION,no_physical_bar_or_text_primary_evidence,MEDIUM
B36,GT::B36::0000::TOP_MAIN,Top bars,False,UNKNOWN,UNKNOWN,False,UNKNOWN,False,UNKNOWN,False,UNKNOWN,False,UNKNOWN,False,False,TOP_MAIN,UNKNOWN,False,20,UNKNOWN,False,4.0,0.0,False,UNKNOWN,False,False,DXF_GEOMETRY,no_dxf_geometry_for_beam_role,MEDIUM
B36,GT::B36::0001::TOP_EXTRA,Top bars-extra,False,UNKNOWN,UNKNOWN,False,UNKNOWN,False,UNKNOWN,False,UNKNOWN,False,UNKNOWN,False,False,TOP_EXTRA,UNKNOWN,False,20,UNKNOWN,False,4.0,0.0,False,UNKNOWN,False,False,DXF_GEOMETRY,no_dxf_geometry_for_beam_role,MEDIUM
B36,GT::B36::0002::BOTTOM_MAIN,Bottom bars,False,UNKNOWN,UNKNOWN,False,UNKNOWN,False,UNKNOWN,False,UNKNOWN,False,UNKNOWN,False,False,BOTTOM_MAIN,UNKNOWN,False,20,UNKNOWN,False,4.0,0.0,False,UNKNOWN,False,False,DXF_GEOMETRY,no_dxf_geometry_for_beam_role,MEDIUM
B36,GT::B36::0003::STIRRUP,Stirupps,False,UNKNOWN,UNKNOWN,False,UNKNOWN,False,UNKNOWN,False,UNKNOWN,False,UNKNOWN,False,False,STIRRUP,UNKNOWN,False,8,UNKNOWN,False,31.0,0.0,False,UNKNOWN,False,False,PHYSICAL_BAR_DETECTION,no_physical_bar_or_text_primary_evidence,MEDIUM
B36,GT::B36::0004::STIRRUP_HOOK,C - Hook,False,UNKNOWN,UNKNOWN,False,UNKNOWN,False,UNKNOWN,False,UNKNOWN,False,UNKNOWN,False,False,STIRRUP_HOOK,UNKNOWN,False,8,UNKNOWN,False,31.0,0.0,False,UNKNOWN,False,False,PHYSICAL_BAR_DETECTION,no_physical_bar_or_text_primary_evidence,MEDIUM
B36,GT::B36::0005::SPACER_BAR,Spacer bars,False,UNKNOWN,UNKNOWN,False,UNKNOWN,False,UNKNOWN,False,UNKNOWN,False,UNKNOWN,False,False,SPACER_BAR,UNKNOWN,False,25,UNKNOWN,False,2.0,0.0,False,UNKNOWN,False,False,PHYSICAL_BAR_DETECTION,no_physical_bar_or_text_primary_evidence,MEDIUM
B37,GT::B37::0000::TOP_MAIN,Top bars,False,UNKNOWN,UNKNOWN,False,UNKNOWN,False,UNKNOWN,False,UNKNOWN,False,UNKNOWN,False,False,TOP_MAIN,UNKNOWN,False,20,UNKNOWN,False,4.0,0.0,False,UNKNOWN,False,False,DXF_GEOMETRY,no_dxf_geometry_for_beam_role,MEDIUM
B37,GT::B37::0001::TOP_EXTRA,Top bars-extra,False,UNKNOWN,UNKNOWN,False,UNKNOWN,False,UNKNOWN,False,UNKNOWN,False,UNKNOWN,False,False,TOP_EXTRA,UNKNOWN,False,20,UNKNOWN,False,4.0,0.0,False,UNKNOWN,False,False,DXF_GEOMETRY,no_dxf_geometry_for_beam_role,MEDIUM
B37,GT::B37::0002::BOTTOM_MAIN,Bottom bars,False,UNKNOWN,UNKNOWN,False,UNKNOWN,False,UNKNOWN,False,UNKNOWN,False,UNKNOWN,False,False,BOTTOM_MAIN,UNKNOWN,False,20,UNKNOWN,False,4.0,0.0,False,UNKNOWN,False,False,DXF_GEOMETRY,no_dxf_geometry_for_beam_role,MEDIUM
B37,GT::B37::0003::BOTTOM_EXTRA,Bottom bars -extra,False,UNKNOWN,UNKNOWN,False,UNKNOWN,False,UNKNOWN,False,UNKNOWN,False,UNKNOWN,False,False,BOTTOM_EXTRA,UNKNOWN,False,16,UNKNOWN,False,2.0,0.0,False,UNKNOWN,False,False,DXF_GEOMETRY,no_dxf_geometry_for_beam_role,MEDIUM
B37,GT::B37::0004::STIRRUP,Stirupps,False,UNKNOWN,UNKNOWN,False,UNKNOWN,False,UNKNOWN,False,UNKNOWN,False,UNKNOWN,False,False,STIRRUP,UNKNOWN,False,10,UNKNOWN,False,45.0,0.0,False,UNKNOWN,False,False,PHYSICAL_BAR_DETECTION,no_physical_bar_or_text_primary_evidence,MEDIUM
B37,GT::B37::0005::STIRRUP,Stirupps,False,UNKNOWN,UNKNOWN,False,UNKNOWN,False,UNKNOWN,False,UNKNOWN,False,UNKNOWN,False,False,STIRRUP,UNKNOWN,False,10,UNKNOWN,False,15.0,0.0,False,UNKNOWN,False,False,PHYSICAL_BAR_DETECTION,no_physical_bar_or_text_primary_evidence,MEDIUM
B37,GT::B37::0006::STIRRUP_HOOK,C - Hook,False,UNKNOWN,UNKNOWN,False,UNKNOWN,False,UNKNOWN,False,UNKNOWN,False,UNKNOWN,False,False,STIRRUP_HOOK,UNKNOWN,False,10,UNKNOWN,False,45.0,0.0,False,UNKNOWN,False,False,PHYSICAL_BAR_DETECTION,no_physical_bar_or_text_primary_evidence,MEDIUM
B37,GT::B37::0007::STIRRUP_HOOK,C - Hook,False,UNKNOWN,UNKNOWN,False,UNKNOWN,False,UNKNOWN,False,UNKNOWN,False,UNKNOWN,False,False,STIRRUP_HOOK,UNKNOWN,False,10,UNKNOWN,False,15.0,0.0,False,UNKNOWN,False,False,PHYSICAL_BAR_DETECTION,no_physical_bar_or_text_primary_evidence,MEDIUM
B37,GT::B37::0008::SPACER_BAR,Spacer bars,False,UNKNOWN,UNKNOWN,False,UNKNOWN,False,UNKNOWN,False,UNKNOWN,False,UNKNOWN,False,False,SPACER_BAR,UNKNOWN,False,25,UNKNOWN,False,9.0,0.0,False,UNKNOWN,False,False,PHYSICAL_BAR_DETECTION,no_physical_bar_or_text_primary_evidence,MEDIUM
B38,GT::B38::0000::TOP_MAIN,Top bars,False,UNKNOWN,UNKNOWN,False,UNKNOWN,False,UNKNOWN,False,UNKNOWN,False,UNKNOWN,False,False,TOP_MAIN,UNKNOWN,False,20,UNKNOWN,False,4.0,0.0,False,UNKNOWN,False,False,DXF_GEOMETRY,no_dxf_geometry_for_beam_role,MEDIUM
B38,GT::B38::0001::TOP_EXTRA,Top bars-extra,False,UNKNOWN,UNKNOWN,False,UNKNOWN,False,UNKNOWN,False,UNKNOWN,False,UNKNOWN,False,False,TOP_EXTRA,UNKNOWN,False,16,UNKNOWN,False,4.0,0.0,False,UNKNOWN,False,False,DXF_GEOMETRY,no_dxf_geometry_for_beam_role,MEDIUM
B38,GT::B38::0002::BOTTOM_MAIN,Bottom bars,False,UNKNOWN,UNKNOWN,False,UNKNOWN,False,UNKNOWN,False,UNKNOWN,False,UNKNOWN,False,False,BOTTOM_MAIN,UNKNOWN,False,20,UNKNOWN,False,4.0,0.0,False,UNKNOWN,False,False,DXF_GEOMETRY,no_dxf_geometry_for_beam_role,MEDIUM
B38,GT::B38::0003::BOTTOM_EXTRA,Bottom bars -extra,False,UNKNOWN,UNKNOWN,False,UNKNOWN,False,UNKNOWN,False,UNKNOWN,False,UNKNOWN,False,False,BOTTOM_EXTRA,UNKNOWN,False,16,UNKNOWN,False,2.0,0.0,False,UNKNOWN,False,False,DXF_GEOMETRY,no_dxf_geometry_for_beam_role,MEDIUM
B38,GT::B38::0004::STIRRUP,Stirupps,False,UNKNOWN,UNKNOWN,False,UNKNOWN,False,UNKNOWN,False,UNKNOWN,False,UNKNOWN,False,False,STIRRUP,UNKNOWN,False,10,UNKNOWN,False,45.0,0.0,False,UNKNOWN,False,False,PHYSICAL_BAR_DETECTION,no_physical_bar_or_text_primary_evidence,MEDIUM
B38,GT::B38::0005::STIRRUP,Stirupps,False,UNKNOWN,UNKNOWN,False,UNKNOWN,False,UNKNOWN,False,UNKNOWN,False,UNKNOWN,False,False,STIRRUP,UNKNOWN,False,10,UNKNOWN,False,15.0,0.0,False,UNKNOWN,False,False,PHYSICAL_BAR_DETECTION,no_physical_bar_or_text_primary_evidence,MEDIUM
B38,GT::B38::0006::STIRRUP_HOOK,C - Hook,False,UNKNOWN,UNKNOWN,False,UNKNOWN,False,UNKNOWN,False,UNKNOWN,False,UNKNOWN,False,False,STIRRUP_HOOK,UNKNOWN,False,10,UNKNOWN,False,45.0,0.0,False,UNKNOWN,False,False,PHYSICAL_BAR_DETECTION,no_physical_bar_or_text_primary_evidence,MEDIUM
B38,GT::B38::0007::STIRRUP_HOOK,C - Hook,False,UNKNOWN,UNKNOWN,False,UNKNOWN,False,UNKNOWN,False,UNKNOWN,False,UNKNOWN,False,False,STIRRUP_HOOK,UNKNOWN,False,10,UNKNOWN,False,15.0,0.0,False,UNKNOWN,False,False,PHYSICAL_BAR_DETECTION,no_physical_bar_or_text_primary_evidence,MEDIUM
B38,GT::B38::0008::SPACER_BAR,Spacer bars,False,UNKNOWN,UNKNOWN,False,UNKNOWN,False,UNKNOWN,False,UNKNOWN,False,UNKNOWN,False,False,SPACER_BAR,UNKNOWN,False,25,UNKNOWN,False,11.0,0.0,False,UNKNOWN,False,False,PHYSICAL_BAR_DETECTION,no_physical_bar_or_text_primary_evidence,MEDIUM
B39,GT::B39::0000::TOP_MAIN,Top bars,False,UNKNOWN,UNKNOWN,False,UNKNOWN,False,UNKNOWN,False,UNKNOWN,False,UNKNOWN,False,False,TOP_MAIN,UNKNOWN,False,20,UNKNOWN,False,4.0,0.0,False,UNKNOWN,False,False,DXF_GEOMETRY,no_dxf_geometry_for_beam_role,MEDIUM
B39,GT::B39::0001::TOP_EXTRA,Top bars-extra,False,UNKNOWN,UNKNOWN,False,UNKNOWN,False,UNKNOWN,False,UNKNOWN,False,UNKNOWN,False,False,TOP_EXTRA,UNKNOWN,False,16,UNKNOWN,False,4.0,0.0,False,UNKNOWN,False,False,DXF_GEOMETRY,no_dxf_geometry_for_beam_role,MEDIUM
B39,GT::B39::0002::BOTTOM_MAIN,Bottom bars,False,UNKNOWN,UNKNOWN,False,UNKNOWN,False,UNKNOWN,False,UNKNOWN,False,UNKNOWN,False,False,BOTTOM_MAIN,UNKNOWN,False,20,UNKNOWN,False,4.0,0.0,False,UNKNOWN,False,False,DXF_GEOMETRY,no_dxf_geometry_for_beam_role,MEDIUM
B39,GT::B39::0003::STIRRUP,Stirupps,False,UNKNOWN,UNKNOWN,False,UNKNOWN,False,UNKNOWN,False,UNKNOWN,False,UNKNOWN,False,False,STIRRUP,UNKNOWN,False,10,UNKNOWN,False,33.0,0.0,False,UNKNOWN,False,False,PHYSICAL_BAR_DETECTION,no_physical_bar_or_text_primary_evidence,MEDIUM
B39,GT::B39::0004::STIRRUP,Stirupps,False,UNKNOWN,UNKNOWN,False,UNKNOWN,False,UNKNOWN,False,UNKNOWN,False,UNKNOWN,False,False,STIRRUP,UNKNOWN,False,10,UNKNOWN,False,11.0,0.0,False,UNKNOWN,False,False,PHYSICAL_BAR_DETECTION,no_physical_bar_or_text_primary_evidence,MEDIUM
B39,GT::B39::0005::STIRRUP_HOOK,C - Hook,False,UNKNOWN,UNKNOWN,False,UNKNOWN,False,UNKNOWN,False,UNKNOWN,False,UNKNOWN,False,False,STIRRUP_HOOK,UNKNOWN,False,10,UNKNOWN,False,33.0,0.0,False,UNKNOWN,False,False,PHYSICAL_BAR_DETECTION,no_physical_bar_or_text_primary_evidence,MEDIUM
B39,GT::B39::0006::STIRRUP_HOOK,C - Hook,False,UNKNOWN,UNKNOWN,False,UNKNOWN,False,UNKNOWN,False,UNKNOWN,False,UNKNOWN,False,False,STIRRUP_HOOK,UNKNOWN,False,10,UNKNOWN,False,11.0,0.0,False,UNKNOWN,False,False,PHYSICAL_BAR_DETECTION,no_physical_bar_or_text_primary_evidence,MEDIUM
B39,GT::B39::0007::SPACER_BAR,Spacer bars,False,UNKNOWN,UNKNOWN,False,UNKNOWN,False,UNKNOWN,False,UNKNOWN,False,UNKNOWN,False,False,SPACER_BAR,UNKNOWN,False,25,UNKNOWN,False,2.0,0.0,False,UNKNOWN,False,False,PHYSICAL_BAR_DETECTION,no_physical_bar_or_text_primary_evidence,MEDIUM
B42,GT::B42::0000::TOP_MAIN,Top bars,True,11CC822,LINE,True,BAR::SYN::B42::11CC822,True,B42,True,ANN-90856c4f,True,LDR::98CDF140,True,True,TOP_MAIN,TOP_MAIN,True,20,20,True,4.0,4.0,True,R13-B42-TOP_MAIN-2b0de5,True,False,NO_FAILURE,excel_semantic_match,HIGH
B42,GT::B42::0001::TOP_EXTRA,Top bars-extra,True,11CC822,LINE,True,BAR::SYN::B42::11CC822,True,B42,True,ANN-12f50883,True,LDR::98CDF140,True,True,TOP_EXTRA,TOP_EXTRA,True,16,16,True,2.0,2.0,True,R13-B42-TOP_EXTRA-440771,True,False,NO_FAILURE,excel_semantic_match,HIGH
B42,GT::B42::0002::BOTTOM_MAIN,Bottom bars,True,11CC822,LINE,True,BAR::SYN::B42::11CC822,True,B42,True,ANN-90856c4f,True,LDR::98CDF140,True,True,BOTTOM_MAIN,BOTTOM_MAIN,True,20,20,False,4.0,3.0,True,R13-B42-BOTTOM_MAIN-0fd11e,True,False,QUANTITY_RESOLUTION,excel_wrong_quantity,HIGH
B42,GT::B42::0003::STIRRUP,Stirupps,True,11CC822,LINE,True,BAR::SYN::B42::11CC822,True,B42,True,ANN-12f50883,True,LDR::98CDF140,True,True,STIRRUP,STIRRUP,True,8,8,False,43.0,63.0,True,R13-B42-STIRRUP-74e56f,True,False,QUANTITY_RESOLUTION,excel_wrong_quantity,HIGH
B42,GT::B42::0004::STIRRUP,Stirupps,True,11CC822,LINE,True,BAR::SYN::B42::11CC822,True,B42,True,ANN-12f50883,True,LDR::98CDF140,True,True,STIRRUP,STIRRUP,True,8,8,False,14.0,63.0,True,R13-B42-STIRRUP-74e56f,False,False,QUANTITY_RESOLUTION,quantity_overcount,HIGH
B42,GT::B42::0005::STIRRUP_HOOK,C - Hook,True,11CC822,LINE,True,BAR::SYN::B42::11CC822,True,B42,True,ANN-12f50883,True,LDR::98CDF140,True,True,STIRRUP_HOOK,STIRRUP,True,8,8,False,43.0,63.0,True,R13-B42-STIRRUP-74e56f,False,False,QUANTITY_RESOLUTION,quantity_overcount,HIGH
B42,GT::B42::0006::STIRRUP_HOOK,C - Hook,True,11CC822,LINE,True,BAR::SYN::B42::11CC822,True,B42,True,ANN-12f50883,True,LDR::98CDF140,True,True,STIRRUP_HOOK,STIRRUP,True,8,8,False,14.0,63.0,True,R13-B42-STIRRUP-74e56f,False,False,QUANTITY_RESOLUTION,quantity_overcount,HIGH
B42,GT::B42::0007::SPACER_BAR,Spacer bars,True,11CC822,LINE,True,BAR::SYN::B42::11CC822,True,B42,True,ANN-12f50883,True,LDR::98CDF140,True,True,SPACER_BAR,SPACER_BAR,True,25,25,True,4.0,4.0,True,R13-B42-SPACER_BAR-368207,True,True,NO_FAILURE,excel_semantic_match,HIGH
B42A,GT::B42A::0000::TOP_MAIN,Top bars,True,1230CC6,LINE,True,BAR::SYN::B42A::1230CC6,True,B42A,True,ANN-6ec5785a,True,LDR::A3948F50,True,True,TOP_MAIN,TOP_MAIN,True,16,16,True,4.0,4.0,True,R13-B42A-TOP_MAIN-b27de1,True,False,NO_FAILURE,excel_semantic_match,HIGH
B42A,GT::B42A::0001::BOTTOM_MAIN,Bottom bars,True,1230CC6,LINE,True,BAR::SYN::B42A::1230CC6,True,B42A,True,ANN-6ec5785a,True,LDR::A3948F50,True,False,BOTTOM_MAIN,UNKNOWN,False,16,UNKNOWN,False,4.0,0.0,False,UNKNOWN,False,False,ROLE_RESOLUTION,role_missing_role,HIGH
B42A,GT::B42A::0002::STIRRUP,Stirupps,True,1230CC6,LINE,True,BAR::SYN::B42A::1230CC6,True,B42A,True,ANN-7e4138a4,True,LDR::045424D9,True,True,STIRRUP,STIRRUP,True,8,8,False,45.0,5.0,True,R13-B42A-STIRRUP-adfccd,True,False,QUANTITY_RESOLUTION,excel_wrong_quantity,HIGH
B42A,GT::B42A::0003::STIRRUP_HOOK,C - Hook,True,1230CC6,LINE,True,BAR::SYN::B42A::1230CC6,True,B42A,True,ANN-7e4138a4,True,LDR::045424D9,True,True,STIRRUP_HOOK,STIRRUP,True,8,8,False,45.0,5.0,True,R13-B42A-STIRRUP-adfccd,False,False,QUANTITY_RESOLUTION,quantity_undercount,HIGH
B45,GT::B45::0000::TOP_MAIN,Top bars,True,11CCBA5,LINE,True,BAR::SYN::B45::11CCBA5,True,B45,True,ANN-860f17d8,True,LDR::198A93DC,True,True,TOP_MAIN,TOP_MAIN,True,25,25,True,3.0,3.0,True,R13-B45-TOP_MAIN-d5fbb2,True,False,NO_FAILURE,excel_semantic_match,HIGH
B45,GT::B45::0001::BOTTOM_MAIN,Bottom bars,True,11CCBA5,LINE,True,BAR::SYN::B45::11CCBA5,True,B45,True,ANN-860f17d8,True,LDR::198A93DC,True,False,BOTTOM_MAIN,UNKNOWN,False,25,UNKNOWN,False,3.0,0.0,False,UNKNOWN,False,False,ROLE_RESOLUTION,role_missing_role,HIGH
B45,GT::B45::0002::STIRRUP,Stirupps,True,11CCBA5,LINE,True,BAR::SYN::B45::11CCBA5,True,B45,True,ANN-e179cf90,True,LDR::AC6F7486,True,True,STIRRUP,STIRRUP,True,10,10,True,28.0,29.0,True,R13-B45-STIRRUP-02442c,True,True,NO_FAILURE,excel_semantic_match,HIGH
B45,GT::B45::0003::STIRRUP_HOOK,C - Hook,True,11CCBA5,LINE,True,BAR::SYN::B45::11CCBA5,True,B45,True,ANN-e179cf90,True,LDR::AC6F7486,True,True,STIRRUP_HOOK,STIRRUP,True,10,10,True,28.0,29.0,True,R13-B45-STIRRUP-02442c,False,False,VB1_INTEGRATION,not_consumed_by_vb1,MEDIUM
B46,GT::B46::0000::TOP_MAIN,Top bars,True,11CCD91,LINE,True,BAR::SYN::B46::11CCD91,True,B46,True,ANN-0be8ed3a,True,LDR::E549EBD6,True,True,TOP_MAIN,TOP_MAIN,True,20,20,True,4.0,4.0,True,R13-B46-TOP_MAIN-8e8439,True,False,NO_FAILURE,excel_semantic_match,HIGH
B46,GT::B46::0001::BOTTOM_MAIN,Bottom bars,True,11CCD91,LINE,True,BAR::SYN::B46::11CCD91,True,B46,True,ANN-0be8ed3a,True,LDR::E549EBD6,True,True,BOTTOM_MAIN,BOTTOM_MAIN,True,20,20,True,4.0,4.0,True,R13-B46-BOTTOM_MAIN-76d658,True,False,NO_FAILURE,excel_semantic_match,HIGH
B46,GT::B46::0002::STIRRUP,Stirupps,True,11CCD91,LINE,True,BAR::SYN::B46::11CCD91,True,B46,True,ANN-a09ab748,True,LDR::E549EBD6,True,False,STIRRUP,UNKNOWN,False,10,UNKNOWN,False,11.0,0.0,False,UNKNOWN,False,False,ROLE_RESOLUTION,role_missing_role,HIGH
B46,GT::B46::0003::STIRRUP,Stirupps,True,11CCD91,LINE,True,BAR::SYN::B46::11CCD91,True,B46,True,ANN-a09ab748,True,LDR::E549EBD6,True,False,STIRRUP,UNKNOWN,False,10,UNKNOWN,False,5.0,0.0,False,UNKNOWN,False,False,ROLE_RESOLUTION,role_missing_role,HIGH
B46,GT::B46::0004::STIRRUP_HOOK,C - Hook,True,11CCD91,LINE,True,BAR::SYN::B46::11CCD91,True,B46,True,ANN-a09ab748,True,LDR::E549EBD6,True,False,STIRRUP_HOOK,UNKNOWN,False,10,UNKNOWN,False,11.0,0.0,False,UNKNOWN,False,False,ROLE_RESOLUTION,role_missing_role,HIGH
B46,GT::B46::0005::STIRRUP_HOOK,C - Hook,True,11CCD91,LINE,True,BAR::SYN::B46::11CCD91,True,B46,True,ANN-a09ab748,True,LDR::E549EBD6,True,False,STIRRUP_HOOK,UNKNOWN,False,10,UNKNOWN,False,5.0,0.0,False,UNKNOWN,False,False,ROLE_RESOLUTION,role_missing_role,HIGH
B47,GT::B47::0000::TOP_MAIN,Top bars,True,11CCE3A,LINE,True,BAR::SYN::B47::11CCE3A,True,B47,True,ANN-3dffb98f,True,LDR::7F56FFAB,True,True,TOP_MAIN,TOP_MAIN,True,20,20,True,4.0,4.0,True,R13-B47-TOP_MAIN-23282f,True,False,NO_FAILURE,excel_semantic_match,HIGH
B47,GT::B47::0001::BOTTOM_MAIN,Bottom bars,True,11CCE3A,LINE,True,BAR::SYN::B47::11CCE3A,True,B47,True,ANN-3dffb98f,True,LDR::7F56FFAB,True,True,BOTTOM_MAIN,BOTTOM_MAIN,False,20,25,True,4.0,4.0,True,R13-B47-BOTTOM_MAIN-9b6c17,True,False,DIAMETER_RESOLUTION,excel_wrong_diameter,HIGH
B47,GT::B47::0002::STIRRUP,Stirupps,True,11CCE3A,LINE,True,BAR::SYN::B47::11CCE3A,True,B47,True,ANN-f268d884,True,LDR::7F56FFAB,True,False,STIRRUP,UNKNOWN,False,10,UNKNOWN,False,11.0,0.0,False,UNKNOWN,False,False,ROLE_RESOLUTION,role_missing_role,HIGH
B47,GT::B47::0003::STIRRUP,Stirupps,True,11CCE3A,LINE,True,BAR::SYN::B47::11CCE3A,True,B47,True,ANN-f268d884,True,LDR::7F56FFAB,True,False,STIRRUP,UNKNOWN,False,10,UNKNOWN,False,5.0,0.0,False,UNKNOWN,False,False,ROLE_RESOLUTION,role_missing_role,HIGH
B47,GT::B47::0004::STIRRUP_HOOK,C - Hook,True,11CCE3A,LINE,True,BAR::SYN::B47::11CCE3A,True,B47,True,ANN-f268d884,True,LDR::7F56FFAB,True,False,STIRRUP_HOOK,UNKNOWN,False,10,UNKNOWN,False,11.0,0.0,False,UNKNOWN,False,False,ROLE_RESOLUTION,role_missing_role,HIGH
B47,GT::B47::0005::STIRRUP_HOOK,C - Hook,True,11CCE3A,LINE,True,BAR::SYN::B47::11CCE3A,True,B47,True,ANN-f268d884,True,LDR::7F56FFAB,True,False,STIRRUP_HOOK,UNKNOWN,False,10,UNKNOWN,False,5.0,0.0,False,UNKNOWN,False,False,ROLE_RESOLUTION,role_missing_role,HIGH
B48,GT::B48::0000::TOP_MAIN,Top bars,True,11CCEAC,LINE,True,BAR::SYN::B48::11CCEAC,True,B48,True,ANN-0fd355e6,True,LDR::3D7FCFFE,True,True,TOP_MAIN,TOP_MAIN,True,25,25,True,3.0,3.0,True,R13-B48-TOP_MAIN-e8eb7f,True,False,NO_FAILURE,excel_semantic_match,HIGH
B48,GT::B48::0001::BOTTOM_MAIN,Bottom bars,True,11CCEAC,LINE,True,BAR::SYN::B48::11CCEAC,True,B48,True,ANN-0fd355e6,True,LDR::3D7FCFFE,True,True,BOTTOM_MAIN,BOTTOM_MAIN,False,25,20,False,3.0,5.0,True,R13-B48-BOTTOM_MAIN-f2d0bb,True,False,DIAMETER_RESOLUTION,excel_wrong_diameter,HIGH
B48,GT::B48::0002::STIRRUP,Stirupps,True,11CCEAC,LINE,True,BAR::SYN::B48::11CCEAC,True,B48,True,ANN-1baa1882,True,LDR::3D7FCFFE,True,True,STIRRUP,STIRRUP,True,10,10,True,28.0,29.0,True,R13-B48-STIRRUP-ba2c5f,True,True,NO_FAILURE,excel_semantic_match,HIGH
B48,GT::B48::0003::STIRRUP_HOOK,C - Hook,True,11CCEAC,LINE,True,BAR::SYN::B48::11CCEAC,True,B48,True,ANN-1baa1882,True,LDR::3D7FCFFE,True,True,STIRRUP_HOOK,STIRRUP,True,10,10,True,28.0,29.0,True,R13-B48-STIRRUP-ba2c5f,False,False,VB1_INTEGRATION,not_consumed_by_vb1,MEDIUM
B51,GT::B51::0000::TOP_MAIN,Top bars,True,11CCEAC,LINE,True,BAR::2F88873E,True,B51,True,ANN-34a39aec,True,LDR::6A613764,True,True,TOP_MAIN,TOP_MAIN,True,25,25,True,2.0,2.0,True,R13-B51-TOP_MAIN-e51f66,True,False,NO_FAILURE,excel_semantic_match,HIGH
B51,GT::B51::0001::BOTTOM_MAIN,Bottom bars,True,11CCEAC,LINE,True,BAR::2F88873E,True,B51,True,ANN-34a39aec,True,LDR::6A613764,True,False,BOTTOM_MAIN,UNKNOWN,False,25,UNKNOWN,False,2.0,0.0,False,UNKNOWN,False,False,ROLE_RESOLUTION,role_missing_role,HIGH
B51,GT::B51::0002::STIRRUP,Stirupps,True,11CCEAC,LINE,True,BAR::2F88873E,True,B51,True,ANN-8700d0bc,True,LDR::F9C15A81,True,True,STIRRUP,STIRRUP,True,12,12,False,17.0,16.0,True,R13-B51-STIRRUP-aefe72,True,False,QUANTITY_RESOLUTION,excel_wrong_quantity,HIGH
B52,GT::B52::0000::TOP_MAIN,Top bars,True,11CD1B7,LINE,True,BAR::838FCDAF,True,B52,True,ANN-d5ccf308,True,LDR::CFA9607A,False,True,TOP_MAIN,TOP_MAIN,True,25,25,True,2.0,2.0,True,R13-B52-TOP_MAIN-8f8eb7,True,False,NO_FAILURE,excel_semantic_match,HIGH
B52,GT::B52::0001::BOTTOM_MAIN,Bottom bars,True,11CD1B7,LINE,True,BAR::838FCDAF,True,B52,True,ANN-d5ccf308,True,LDR::CFA9607A,False,True,BOTTOM_MAIN,BOTTOM_MAIN,False,25,20,False,2.0,5.0,True,R13-B52-BOTTOM_MAIN-2e7676,True,False,DIAMETER_RESOLUTION,excel_wrong_diameter,HIGH
B52,GT::B52::0002::STIRRUP,Stirupps,True,11CD1B7,LINE,True,BAR::838FCDAF,True,B52,True,ANN-1097a989,True,LDR::CFA9607A,True,False,STIRRUP,UNKNOWN,False,12,UNKNOWN,False,17.0,0.0,False,UNKNOWN,False,False,ROLE_RESOLUTION,role_missing_role,HIGH
B55,GT::B55::0000::TOP_MAIN,Top bars,True,11CD8A7,LINE,True,BAR::SYN::B55::11CD8A7,True,B55,True,ANN-ca36a400,True,LDR::66A6DD46,True,True,TOP_MAIN,TOP_MAIN,True,20,20,True,5.0,5.0,True,R13-B55-TOP_MAIN-7cf140,True,True,NO_FAILURE,excel_semantic_match,HIGH
B55,GT::B55::0001::TOP_EXTRA,Top bars -extra,True,11CD8A7,LINE,True,BAR::SYN::B55::11CD8A7,True,B55,True,ANN-8a1fa182,True,LDR::9877245D,True,False,TOP_EXTRA,BOTTOM_MAIN,True,16,16,False,3.0,5.0,True,VB1::B55::BOTTOM_MAIN,True,False,ROLE_RESOLUTION,partial_role,MEDIUM
B55,GT::B55::0002::BOTTOM_MAIN,Bottom bars,True,11CD8A7,LINE,True,BAR::SYN::B55::11CD8A7,True,B55,True,ANN-ca36a400,True,LDR::66A6DD46,True,True,BOTTOM_MAIN,BOTTOM_MAIN,False,20,16,True,5.0,5.0,True,R13-B55-BOTTOM_MAIN-df8ef6,False,False,DIAMETER_RESOLUTION,diameter_wrong_diameter,HIGH
B55,GT::B55::0003::STIRRUP,Stirupps,True,11CD8A7,LINE,True,BAR::SYN::B55::11CD8A7,True,B55,True,ANN-ca36a400,True,LDR::66A6DD46,True,True,STIRRUP,STIRRUP,True,8,8,True,49.0,50.0,True,R13-B55-STIRRUP-80698b,True,False,NO_FAILURE,excel_semantic_match,HIGH
B55,GT::B55::0004::STIRRUP_HOOK,C - Hook,True,11CD8A7,LINE,True,BAR::SYN::B55::11CD8A7,True,B55,True,ANN-ca36a400,True,LDR::66A6DD46,True,True,STIRRUP_HOOK,STIRRUP,True,8,8,True,49.0,50.0,True,R13-B55-STIRRUP-80698b,False,False,VB1_INTEGRATION,not_consumed_by_vb1,MEDIUM
B55,GT::B55::0005::SPACER_BAR,Spacer bars,True,11CD8A7,LINE,True,BAR::SYN::B55::11CD8A7,True,B55,True,ANN-8a1fa182,True,LDR::9877245D,True,True,SPACER_BAR,SPACER_BAR,True,25,25,False,2.0,3.0,True,R13-B55-SPACER_BAR-2774b1,True,False,QUANTITY_RESOLUTION,excel_wrong_quantity,HIGH
B56,GT::B56::0000::TOP_MAIN,Top bars,True,122B412,LINE,True,BAR::SYN::B56::122B412,True,B56,True,ANN-16e202e7,True,LDR::95EE6003,True,True,TOP_MAIN,TOP_MAIN,True,20,20,True,5.0,5.0,True,R13-B56-TOP_MAIN-b5a638,True,False,NO_FAILURE,excel_semantic_match,HIGH
B56,GT::B56::0001::BOTTOM_MAIN,Bottom bars,True,122B412,LINE,True,BAR::SYN::B56::122B412,True,B56,True,ANN-16e202e7,True,LDR::95EE6003,True,True,BOTTOM_MAIN,BOTTOM_MAIN,False,20,16,True,5.0,5.0,True,R13-B56-BOTTOM_MAIN-663716,True,False,DIAMETER_RESOLUTION,excel_wrong_diameter,HIGH
B56,GT::B56::0002::STIRRUP,Stirupps,True,122B412,LINE,True,BAR::SYN::B56::122B412,True,B56,True,ANN-591f399d,True,LDR::95EE6003,True,True,STIRRUP,STIRRUP,True,8,8,False,45.0,66.0,True,R13-B56-STIRRUP-16cd30,True,False,QUANTITY_RESOLUTION,excel_wrong_quantity,HIGH
B56,GT::B56::0003::STIRRUP,Stirupps,True,122B412,LINE,True,BAR::SYN::B56::122B412,True,B56,True,ANN-591f399d,True,LDR::95EE6003,True,True,STIRRUP,STIRRUP,True,8,8,False,17.0,66.0,True,R13-B56-STIRRUP-16cd30,False,False,QUANTITY_RESOLUTION,quantity_overcount,HIGH
B56,GT::B56::0004::STIRRUP_HOOK,C - Hook,True,122B412,LINE,True,BAR::SYN::B56::122B412,True,B56,True,ANN-591f399d,True,LDR::95EE6003,True,True,STIRRUP_HOOK,STIRRUP,True,8,8,False,45.0,66.0,True,R13-B56-STIRRUP-16cd30,False,False,QUANTITY_RESOLUTION,quantity_overcount,HIGH
B56,GT::B56::0005::STIRRUP_HOOK,C - Hook,True,122B412,LINE,True,BAR::SYN::B56::122B412,True,B56,True,ANN-591f399d,True,LDR::95EE6003,True,True,STIRRUP_HOOK,STIRRUP,True,8,8,False,17.0,66.0,True,R13-B56-STIRRUP-16cd30,False,False,QUANTITY_RESOLUTION,quantity_overcount,HIGH
B57,GT::B57::0000::TOP_MAIN,Top bars,True,11CD376,LINE,True,BAR::SYN::B57::11CD376,True,B57,True,ANN-970f1e8b,True,LDR::2247AAC8,True,True,TOP_MAIN,TOP_MAIN,True,20,20,True,5.0,5.0,True,R13-B57-TOP_MAIN-da24a8,True,False,NO_FAILURE,excel_semantic_match,HIGH
B57,GT::B57::0001::BOTTOM_MAIN,Bottom bars,True,11CD376,LINE,True,BAR::SYN::B57::11CD376,True,B57,True,ANN-970f1e8b,True,LDR::2247AAC8,True,True,BOTTOM_MAIN,BOTTOM_MAIN,False,20,16,True,5.0,5.0,True,R13-B57-BOTTOM_MAIN-e4d884,True,False,DIAMETER_RESOLUTION,excel_wrong_diameter,HIGH
B57,GT::B57::0002::STIRRUP,Stirupps,True,11CD376,LINE,True,BAR::SYN::B57::11CD376,True,B57,True,ANN-1805932d,True,LDR::2247AAC8,True,True,STIRRUP,STIRRUP,True,10,10,False,21.0,29.0,True,R13-B57-STIRRUP-47a6ce,True,False,QUANTITY_RESOLUTION,excel_wrong_quantity,HIGH
B57,GT::B57::0003::STIRRUP,Stirupps,True,11CD376,LINE,True,BAR::SYN::B57::11CD376,True,B57,True,ANN-1805932d,True,LDR::2247AAC8,True,True,STIRRUP,STIRRUP,True,10,10,False,6.0,29.0,True,R13-B57-STIRRUP-47a6ce,False,False,QUANTITY_RESOLUTION,quantity_overcount,HIGH
B57,GT::B57::0004::STIRRUP_HOOK,C - Hook,True,11CD376,LINE,True,BAR::SYN::B57::11CD376,True,B57,True,ANN-1805932d,True,LDR::2247AAC8,True,True,STIRRUP_HOOK,STIRRUP,True,10,10,False,21.0,29.0,True,R13-B57-STIRRUP-47a6ce,False,False,QUANTITY_RESOLUTION,quantity_overcount,HIGH
B57,GT::B57::0005::STIRRUP_HOOK,C - Hook,True,11CD376,LINE,True,BAR::SYN::B57::11CD376,True,B57,True,ANN-1805932d,True,LDR::2247AAC8,True,True,STIRRUP_HOOK,STIRRUP,True,10,10,False,6.0,29.0,True,R13-B57-STIRRUP-47a6ce,False,False,QUANTITY_RESOLUTION,quantity_overcount,HIGH
B58,GT::B58::0000::TOP_MAIN,Top bars,True,11CD378,LINE,True,BAR::SYN::B58::11CD378,True,B58,True,ANN-1e82f1a6,True,LDR::1BD582B9,True,True,TOP_MAIN,TOP_MAIN,True,20,20,True,3.0,3.0,True,R13-B58-TOP_MAIN-468a9b,True,False,NO_FAILURE,excel_semantic_match,HIGH
B58,GT::B58::0001::BOTTOM_MAIN,Bottom bars,True,11CD378,LINE,True,BAR::SYN::B58::11CD378,True,B58,True,ANN-1e82f1a6,True,LDR::1BD582B9,True,False,BOTTOM_MAIN,UNKNOWN,False,20,UNKNOWN,False,3.0,0.0,False,UNKNOWN,False,False,ROLE_RESOLUTION,role_missing_role,HIGH
B58,GT::B58::0002::STIRRUP,Stirupps,True,11CD378,LINE,True,BAR::SYN::B58::11CD378,True,B58,True,ANN-a0c82bbe,True,LDR::1BD582B9,True,False,STIRRUP,UNKNOWN,False,12,UNKNOWN,False,14.0,0.0,False,UNKNOWN,False,False,ROLE_RESOLUTION,role_missing_role,HIGH
B58,GT::B58::0003::STIRRUP_HOOK,C - Hook,True,11CD378,LINE,True,BAR::SYN::B58::11CD378,True,B58,True,ANN-a0c82bbe,True,LDR::1BD582B9,True,False,STIRRUP_HOOK,UNKNOWN,False,12,UNKNOWN,False,14.0,0.0,False,UNKNOWN,False,False,ROLE_RESOLUTION,role_missing_role,HIGH
B59,GT::B59::0000::TOP_MAIN,Top bars,True,1245644,LINE,True,BAR::B8A73027,True,B59,True,ANN-1b902b6f,False,UNKNOWN,False,True,TOP_MAIN,TOP_MAIN,True,20,20,True,3.0,3.0,True,R13-B59-TOP_MAIN-665787,True,False,NO_FAILURE,excel_semantic_match,HIGH
B59,GT::B59::0001::BOTTOM_MAIN,Bottom bars,True,1245644,LINE,True,BAR::B8A73027,True,B59,True,ANN-1b902b6f,False,UNKNOWN,False,False,BOTTOM_MAIN,UNKNOWN,False,20,UNKNOWN,False,3.0,0.0,False,UNKNOWN,False,False,LEADER_CHAIN,leader_broken_chain,MEDIUM
B59,GT::B59::0002::BOTTOM_EXTRA,Bottom bars-extra,True,1245644,LINE,True,BAR::B8A73027,True,B59,True,ANN-1b902b6f,False,UNKNOWN,False,False,BOTTOM_EXTRA,UNKNOWN,False,20,UNKNOWN,False,3.0,0.0,False,UNKNOWN,False,False,LEADER_CHAIN,leader_broken_chain,MEDIUM
B59,GT::B59::0003::STIRRUP,Stirupps,True,1245644,LINE,True,BAR::B8A73027,True,B59,True,ANN-5c42e85c,True,LDR::EC348315,True,False,STIRRUP,UNKNOWN,False,10,UNKNOWN,False,25.0,0.0,False,UNKNOWN,False,False,ROLE_RESOLUTION,role_missing_role,HIGH
B59,GT::B59::0004::STIRRUP_HOOK,C - Hook,True,1245644,LINE,True,BAR::B8A73027,True,B59,True,ANN-5c42e85c,True,LDR::EC348315,True,False,STIRRUP_HOOK,UNKNOWN,False,10,UNKNOWN,False,25.0,0.0,False,UNKNOWN,False,False,ROLE_RESOLUTION,role_missing_role,HIGH
B59,GT::B59::0005::SPACER_BAR,Spacer bars,True,1245644,LINE,True,BAR::B8A73027,True,B59,True,ANN-5c42e85c,True,LDR::EC348315,True,False,SPACER_BAR,UNKNOWN,False,25,UNKNOWN,False,3.0,0.0,False,UNKNOWN,False,False,ROLE_RESOLUTION,role_missing_role,HIGH
B60,GT::B60::0000::TOP_MAIN,Top bars,True,11CD712,LINE,True,BAR::SYN::B60::11CD712,True,B60,True,ANN-7087d925,True,LDR::BD2A352C,True,True,TOP_MAIN,TOP_MAIN,False,20,25,True,3.0,3.0,True,R13-B60-TOP_MAIN-e184e5,True,False,DIAMETER_RESOLUTION,excel_wrong_diameter,HIGH
B60,GT::B60::0001::TOP_EXTRA,Top bars -extra,True,11CD712,LINE,True,BAR::SYN::B60::11CD712,True,B60,True,ANN-f1183889,True,LDR::FCE248AA,True,True,TOP_EXTRA,TOP_EXTRA,False,25,20,True,3.0,3.0,True,R13-B60-TOP_EXTRA-2c3382,True,False,DIAMETER_RESOLUTION,excel_wrong_diameter,HIGH
B60,GT::B60::0002::BOTTOM_MAIN,Bottom bars,True,11CD712,LINE,True,BAR::SYN::B60::11CD712,True,B60,True,ANN-7087d925,True,LDR::BD2A352C,True,True,BOTTOM_MAIN,BOTTOM_MAIN,True,20,20,False,3.0,5.0,True,R13-B60-BOTTOM_MAIN-bba493,True,False,QUANTITY_RESOLUTION,excel_wrong_quantity,HIGH
B60,GT::B60::0003::BOTTOM_EXTRA,Bottom bars-extra,True,11CD712,LINE,True,BAR::SYN::B60::11CD712,True,B60,True,ANN-7087d925,True,LDR::BD2A352C,True,False,BOTTOM_EXTRA,TOP_EXTRA,True,20,20,True,3.0,3.0,True,VB1::B60::TOP_EXTRA,True,False,ROLE_RESOLUTION,excel_wrong_role,HIGH
B60,GT::B60::0004::STIRRUP,Stirupps,True,11CD712,LINE,True,BAR::SYN::B60::11CD712,True,B60,True,ANN-e26a27bf,True,LDR::BD2A352C,True,True,STIRRUP,STIRRUP,True,8,8,True,23.0,22.0,True,R13-B60-STIRRUP-8b613f,True,False,NO_FAILURE,excel_semantic_match,HIGH
B60,GT::B60::0005::STIRRUP_HOOK,C - Hook,True,11CD712,LINE,True,BAR::SYN::B60::11CD712,True,B60,True,ANN-e26a27bf,True,LDR::BD2A352C,True,True,STIRRUP_HOOK,STIRRUP,True,8,8,True,23.0,22.0,True,R13-B60-STIRRUP-8b613f,False,False,VB1_INTEGRATION,not_consumed_by_vb1,MEDIUM
B60,GT::B60::0006::SPACER_BAR,Spacer bars,True,11CD712,LINE,True,BAR::SYN::B60::11CD712,True,B60,True,ANN-f1183889,True,LDR::FCE248AA,True,True,SPACER_BAR,SPACER_BAR,True,25,25,False,3.0,4.0,True,R13-B60-SPACER_BAR-95f3ea,True,False,QUANTITY_RESOLUTION,excel_wrong_quantity,HIGH
B61,GT::B61::0000::TOP_MAIN,Top bars,True,124906B,LINE,True,BAR::DB5AB3D0,True,B61,True,ANN-3fccd798,True,LDR::F046FCB3,False,True,TOP_MAIN,TOP_MAIN,False,20,25,True,3.0,3.0,True,R13-B61-TOP_MAIN-eed4eb,True,False,DIAMETER_RESOLUTION,excel_wrong_diameter,HIGH
B61,GT::B61::0001::TOP_EXTRA,Top bars -extra,True,124906B,LINE,True,BAR::DB5AB3D0,True,B61,True,ANN-3fccd798,True,LDR::F046FCB3,False,True,TOP_EXTRA,TOP_EXTRA,False,25,20,True,3.0,3.0,True,R13-B61-TOP_EXTRA-4f4eed,True,False,DIAMETER_RESOLUTION,excel_wrong_diameter,HIGH
B61,GT::B61::0002::BOTTOM_MAIN,Bottom bars,True,124906B,LINE,True,BAR::DB5AB3D0,True,B61,True,ANN-3fccd798,True,LDR::F046FCB3,False,True,BOTTOM_MAIN,BOTTOM_MAIN,True,20,20,True,3.0,3.0,True,R13-B61-BOTTOM_MAIN-ef15b1,True,False,NO_FAILURE,excel_semantic_match,HIGH
B61,GT::B61::0003::BOTTOM_EXTRA,Bottom bars-extra,True,124906B,LINE,True,BAR::DB5AB3D0,True,B61,True,ANN-3fccd798,True,LDR::F046FCB3,False,False,BOTTOM_EXTRA,TOP_EXTRA,True,20,20,True,3.0,3.0,True,VB1::B61::TOP_EXTRA,True,False,ROLE_RESOLUTION,excel_wrong_role,HIGH
B61,GT::B61::0004::STIRRUP,Stirupps,True,124906B,LINE,True,BAR::DB5AB3D0,True,B61,True,ANN-4eee59cd,True,LDR::F046FCB3,True,True,STIRRUP,STIRRUP,True,8,8,True,23.0,22.0,True,R13-B61-STIRRUP-b3dfe1,True,False,NO_FAILURE,excel_semantic_match,HIGH
B61,GT::B61::0005::STIRRUP_HOOK,C - Hook,True,124906B,LINE,True,BAR::DB5AB3D0,True,B61,True,ANN-4eee59cd,True,LDR::F046FCB3,True,True,STIRRUP_HOOK,STIRRUP,True,8,8,True,23.0,22.0,True,R13-B61-STIRRUP-b3dfe1,False,False,VB1_INTEGRATION,not_consumed_by_vb1,MEDIUM
B61,GT::B61::0006::SPACER_BAR,Spacer bars,True,124906B,LINE,True,BAR::DB5AB3D0,True,B61,True,ANN-4eee59cd,True,LDR::F046FCB3,True,True,SPACER_BAR,SPACER_BAR,True,25,25,False,3.0,4.0,True,R13-B61-SPACER_BAR-473ac8,True,False,QUANTITY_RESOLUTION,excel_wrong_quantity,HIGH
B61A,GT::B61A::0000::TOP_MAIN,Top bars,False,UNKNOWN,UNKNOWN,False,UNKNOWN,False,UNKNOWN,False,UNKNOWN,False,UNKNOWN,False,False,TOP_MAIN,UNKNOWN,False,20,UNKNOWN,False,3.0,0.0,False,UNKNOWN,False,False,DXF_GEOMETRY,no_dxf_geometry_for_beam_role,MEDIUM
B61A,GT::B61A::0001::TOP_EXTRA,Top bars -extra,False,UNKNOWN,UNKNOWN,False,UNKNOWN,False,UNKNOWN,False,UNKNOWN,False,UNKNOWN,False,False,TOP_EXTRA,UNKNOWN,False,25,UNKNOWN,False,3.0,0.0,False,UNKNOWN,False,False,DXF_GEOMETRY,no_dxf_geometry_for_beam_role,MEDIUM
B61A,GT::B61A::0002::BOTTOM_MAIN,Bottom bars,False,UNKNOWN,UNKNOWN,False,UNKNOWN,False,UNKNOWN,False,UNKNOWN,False,UNKNOWN,False,False,BOTTOM_MAIN,UNKNOWN,False,20,UNKNOWN,False,3.0,0.0,False,UNKNOWN,False,False,DXF_GEOMETRY,no_dxf_geometry_for_beam_role,MEDIUM
B61A,GT::B61A::0003::BOTTOM_EXTRA,Bottom bars-extra,False,UNKNOWN,UNKNOWN,False,UNKNOWN,False,UNKNOWN,False,UNKNOWN,False,UNKNOWN,False,False,BOTTOM_EXTRA,UNKNOWN,False,20,UNKNOWN,False,3.0,0.0,False,UNKNOWN,False,False,DXF_GEOMETRY,no_dxf_geometry_for_beam_role,MEDIUM
B61A,GT::B61A::0004::STIRRUP,Stirupps,False,UNKNOWN,UNKNOWN,False,UNKNOWN,False,UNKNOWN,False,UNKNOWN,False,UNKNOWN,False,False,STIRRUP,UNKNOWN,False,10,UNKNOWN,False,25.0,0.0,False,UNKNOWN,False,False,PHYSICAL_BAR_DETECTION,no_physical_bar_or_text_primary_evidence,MEDIUM
B61A,GT::B61A::0005::STIRRUP_HOOK,C - Hook,False,UNKNOWN,UNKNOWN,False,UNKNOWN,False,UNKNOWN,False,UNKNOWN,False,UNKNOWN,False,False,STIRRUP_HOOK,UNKNOWN,False,10,UNKNOWN,False,25.0,0.0,False,UNKNOWN,False,False,PHYSICAL_BAR_DETECTION,no_physical_bar_or_text_primary_evidence,MEDIUM
B61A,GT::B61A::0006::SPACER_BAR,Spacer bars,False,UNKNOWN,UNKNOWN,False,UNKNOWN,False,UNKNOWN,False,UNKNOWN,False,UNKNOWN,False,False,SPACER_BAR,UNKNOWN,False,25,UNKNOWN,False,4.0,0.0,False,UNKNOWN,False,False,PHYSICAL_BAR_DETECTION,no_physical_bar_or_text_primary_evidence,MEDIUM
B63,GT::B63::0000::TOP_MAIN,Top bars,True,11CEFFC,LINE,True,BAR::SYN::B63::11CEFFC,True,B63,True,ANN-58aa9073,True,LDR::84E0A9CA,True,True,TOP_MAIN,TOP_MAIN,False,16,20,True,3.0,3.0,True,R13-B63-TOP_MAIN-6ec416,True,False,DIAMETER_RESOLUTION,excel_wrong_diameter,HIGH
B63,GT::B63::0001::TOP_EXTRA,Top bars -extra,True,11CEFFC,LINE,True,BAR::SYN::B63::11CEFFC,True,B63,True,ANN-58aa9073,True,LDR::84E0A9CA,True,True,TOP_EXTRA,TOP_EXTRA,True,16,16,False,2.0,3.0,True,R13-B63-TOP_EXTRA-a2c649,True,False,QUANTITY_RESOLUTION,excel_wrong_quantity,HIGH
B63,GT::B63::0002::BOTTOM_MAIN,Bottom bars,True,11CEFFC,LINE,True,BAR::SYN::B63::11CEFFC,True,B63,True,ANN-58aa9073,True,LDR::84E0A9CA,True,True,BOTTOM_MAIN,BOTTOM_MAIN,False,20,16,True,3.0,3.0,True,R13-B63-BOTTOM_MAIN-a79ad9,True,False,DIAMETER_RESOLUTION,excel_wrong_diameter,HIGH
B63,GT::B63::0003::STIRRUP,Stirupps,True,11CEFFC,LINE,True,BAR::SYN::B63::11CEFFC,True,B63,True,ANN-58aa9073,True,LDR::84E0A9CA,True,False,STIRRUP,UNKNOWN,False,10,UNKNOWN,False,10.0,0.0,False,UNKNOWN,False,False,ROLE_RESOLUTION,role_missing_role,HIGH
B63,GT::B63::0004::STIRRUP,Stirupps,True,11CEFFC,LINE,True,BAR::SYN::B63::11CEFFC,True,B63,True,ANN-58aa9073,True,LDR::84E0A9CA,True,False,STIRRUP,UNKNOWN,False,10,UNKNOWN,False,5.0,0.0,False,UNKNOWN,False,False,ROLE_RESOLUTION,role_missing_role,HIGH
B63,GT::B63::0005::STIRRUP_HOOK,C - Hook,True,11CEFFC,LINE,True,BAR::SYN::B63::11CEFFC,True,B63,True,ANN-58aa9073,True,LDR::84E0A9CA,True,False,STIRRUP_HOOK,UNKNOWN,False,10,UNKNOWN,False,10.0,0.0,False,UNKNOWN,False,False,ROLE_RESOLUTION,role_missing_role,HIGH
B63,GT::B63::0006::STIRRUP_HOOK,C - Hook,True,11CEFFC,LINE,True,BAR::SYN::B63::11CEFFC,True,B63,True,ANN-58aa9073,True,LDR::84E0A9CA,True,False,STIRRUP_HOOK,UNKNOWN,False,10,UNKNOWN,False,5.0,0.0,False,UNKNOWN,False,False,ROLE_RESOLUTION,role_missing_role,HIGH
B63,GT::B63::0007::SPACER_BAR,Spacer bars,True,11CEFFC,LINE,True,BAR::SYN::B63::11CEFFC,True,B63,True,ANN-58aa9073,True,LDR::84E0A9CA,True,True,SPACER_BAR,SPACER_BAR,True,25,25,False,3.0,2.0,True,R13-B63-SPACER_BAR-b3bdb6,True,False,QUANTITY_RESOLUTION,excel_wrong_quantity,HIGH
B64,GT::B64::0000::TOP_MAIN,Top bars,True,11CD8A7,LINE,True,BAR::SYN::B64::11CD8A7,True,B64,True,ANN-3d1eff37,True,LDR::B7E996C1,True,True,TOP_MAIN,TOP_MAIN,False,16,20,True,5.0,5.0,True,R13-B64-TOP_MAIN-092c01,True,False,DIAMETER_RESOLUTION,excel_wrong_diameter,HIGH
B64,GT::B64::0001::TOP_EXTRA,Top bars -extra,True,11CD8A7,LINE,True,BAR::SYN::B64::11CD8A7,True,B64,True,ANN-81d60aa8,True,LDR::B7E996C1,True,False,TOP_EXTRA,BOTTOM_MAIN,True,16,16,False,2.0,3.0,True,VB1::B64::BOTTOM_MAIN,True,False,ROLE_RESOLUTION,partial_role,MEDIUM
B64,GT::B64::0002::BOTTOM_MAIN,Bottom bars,True,11CD8A7,LINE,True,BAR::SYN::B64::11CD8A7,True,B64,True,ANN-3d1eff37,True,LDR::B7E996C1,True,True,BOTTOM_MAIN,BOTTOM_MAIN,False,20,16,False,5.0,3.0,True,R13-B64-BOTTOM_MAIN-56c8f2,False,False,DIAMETER_RESOLUTION,diameter_wrong_diameter,HIGH
B64,GT::B64::0003::STIRRUP,Stirupps,True,11CD8A7,LINE,True,BAR::SYN::B64::11CD8A7,True,B64,True,ANN-81d60aa8,True,LDR::B7E996C1,True,True,STIRRUP,STIRRUP,True,8,8,True,28.0,29.0,True,R13-B64-STIRRUP-9b0820,True,True,NO_FAILURE,excel_semantic_match,HIGH
B64,GT::B64::0004::STIRRUP_HOOK,C - Hook,True,11CD8A7,LINE,True,BAR::SYN::B64::11CD8A7,True,B64,True,ANN-81d60aa8,True,LDR::B7E996C1,True,True,STIRRUP_HOOK,STIRRUP,True,8,8,True,28.0,29.0,True,R13-B64-STIRRUP-9b0820,False,False,VB1_INTEGRATION,not_consumed_by_vb1,MEDIUM
B64,GT::B64::0005::SPACER_BAR,Spacer bars,True,11CD8A7,LINE,True,BAR::SYN::B64::11CD8A7,True,B64,True,ANN-81d60aa8,True,LDR::B7E996C1,True,False,SPACER_BAR,UNKNOWN,False,25,UNKNOWN,False,1.0,0.0,False,UNKNOWN,False,False,ROLE_RESOLUTION,role_missing_role,HIGH
B65,GT::B65::0000::TOP_MAIN,Top bars,True,122BB38,LINE,True,BAR::SYN::B65::122BB38,True,B65,True,ANN-4030c60e,True,LDR::84D23FE1,True,True,TOP_MAIN,TOP_MAIN,False,16,20,True,5.0,5.0,True,R13-B65-TOP_MAIN-71bcae,True,False,DIAMETER_RESOLUTION,excel_wrong_diameter,HIGH
B65,GT::B65::0001::TOP_EXTRA,Top bars - extra,True,122BB38,LINE,True,BAR::SYN::B65::122BB38,True,B65,True,ANN-026fe9de,True,LDR::84D23FE1,True,False,TOP_EXTRA,UNKNOWN,False,16,UNKNOWN,False,2.0,0.0,False,UNKNOWN,False,False,ROLE_RESOLUTION,role_missing_role,HIGH
B65,GT::B65::0002::BOTTOM_MAIN,Bottom bars,True,122BB38,LINE,True,BAR::SYN::B65::122BB38,True,B65,True,ANN-4030c60e,True,LDR::84D23FE1,True,True,BOTTOM_MAIN,BOTTOM_MAIN,False,20,25,False,5.0,4.0,True,R13-B65-BOTTOM_MAIN-de0fa6,True,False,DIAMETER_RESOLUTION,excel_wrong_diameter,HIGH
B65,GT::B65::0003::STIRRUP,Stirupps,True,122BB38,LINE,True,BAR::SYN::B65::122BB38,True,B65,True,ANN-026fe9de,True,LDR::84D23FE1,True,True,STIRRUP,STIRRUP,True,8,8,False,45.0,66.0,True,R13-B65-STIRRUP-491523,True,False,QUANTITY_RESOLUTION,excel_wrong_quantity,HIGH
B65,GT::B65::0004::STIRRUP,Stirupps,True,122BB38,LINE,True,BAR::SYN::B65::122BB38,True,B65,True,ANN-026fe9de,True,LDR::84D23FE1,True,True,STIRRUP,STIRRUP,True,8,8,False,12.0,66.0,True,R13-B65-STIRRUP-491523,False,False,QUANTITY_RESOLUTION,quantity_overcount,HIGH
B65,GT::B65::0005::STIRRUP_HOOK,C - Hook,True,122BB38,LINE,True,BAR::SYN::B65::122BB38,True,B65,True,ANN-026fe9de,True,LDR::84D23FE1,True,True,STIRRUP_HOOK,STIRRUP,True,8,8,False,45.0,66.0,True,R13-B65-STIRRUP-491523,False,False,QUANTITY_RESOLUTION,quantity_overcount,HIGH
B65,GT::B65::0006::STIRRUP_HOOK,C - Hook,True,122BB38,LINE,True,BAR::SYN::B65::122BB38,True,B65,True,ANN-026fe9de,True,LDR::84D23FE1,True,True,STIRRUP_HOOK,STIRRUP,True,8,8,False,12.0,66.0,True,R13-B65-STIRRUP-491523,False,False,QUANTITY_RESOLUTION,quantity_overcount,HIGH
B65,GT::B65::0007::SPACER_BAR,Spacer bars,True,122BB38,LINE,True,BAR::SYN::B65::122BB38,True,B65,True,ANN-026fe9de,True,LDR::84D23FE1,True,False,SPACER_BAR,UNKNOWN,False,25,UNKNOWN,False,2.0,0.0,False,UNKNOWN,False,False,ROLE_RESOLUTION,role_missing_role,HIGH
B66,GT::B66::0000::TOP_MAIN,Top bars,True,11CD8A7,LINE,True,BAR::SYN::B66::11CD8A7,True,B66,True,ANN-6cfb6ebe,True,LDR::D4B75F09,True,True,TOP_MAIN,TOP_MAIN,False,16,20,True,5.0,5.0,True,R13-B66-TOP_MAIN-3ad435,True,False,DIAMETER_RESOLUTION,excel_wrong_diameter,HIGH
B66,GT::B66::0001::BOTTOM_MAIN,Bottom bars,True,11CD8A7,LINE,True,BAR::SYN::B66::11CD8A7,True,B66,True,ANN-6cfb6ebe,True,LDR::D4B75F09,True,True,BOTTOM_MAIN,BOTTOM_MAIN,False,20,25,False,5.0,4.0,True,R13-B66-BOTTOM_MAIN-59fb84,True,False,DIAMETER_RESOLUTION,excel_wrong_diameter,HIGH
B66,GT::B66::0002::STIRRUP,Stirupps,True,11CD8A7,LINE,True,BAR::SYN::B66::11CD8A7,True,B66,True,ANN-830f2ae1,True,LDR::D4B75F09,True,True,STIRRUP,STIRRUP,True,8,8,False,33.0,50.0,True,R13-B66-STIRRUP-22b1d5,True,False,QUANTITY_RESOLUTION,excel_wrong_quantity,HIGH
B66,GT::B66::0003::STIRRUP,Stirupps,True,11CD8A7,LINE,True,BAR::SYN::B66::11CD8A7,True,B66,True,ANN-830f2ae1,True,LDR::D4B75F09,True,True,STIRRUP,STIRRUP,True,8,8,False,13.0,50.0,True,R13-B66-STIRRUP-22b1d5,False,False,QUANTITY_RESOLUTION,quantity_overcount,HIGH
B66,GT::B66::0004::STIRRUP_HOOK,C - Hook,True,11CD8A7,LINE,True,BAR::SYN::B66::11CD8A7,True,B66,True,ANN-830f2ae1,True,LDR::D4B75F09,True,True,STIRRUP_HOOK,STIRRUP,True,8,8,False,33.0,50.0,True,R13-B66-STIRRUP-22b1d5,False,False,QUANTITY_RESOLUTION,quantity_overcount,HIGH
B66,GT::B66::0005::STIRRUP_HOOK,C - Hook,True,11CD8A7,LINE,True,BAR::SYN::B66::11CD8A7,True,B66,True,ANN-830f2ae1,True,LDR::D4B75F09,True,True,STIRRUP_HOOK,STIRRUP,True,8,8,False,13.0,50.0,True,R13-B66-STIRRUP-22b1d5,False,False,QUANTITY_RESOLUTION,quantity_overcount,HIGH
B68,GT::B68::0000::TOP_MAIN,Top bars,True,1246335,LINE,True,BAR::6546734E,True,B68,True,ANN-d6331e4e,True,LDR::1F32BBE6,False,True,TOP_MAIN,TOP_MAIN,False,16,20,True,4.0,4.0,True,R13-B68-TOP_MAIN-44536e,True,False,DIAMETER_RESOLUTION,excel_wrong_diameter,HIGH
B68,GT::B68::0001::BOTTOM_MAIN,Bottom bars,True,1246335,LINE,True,BAR::6546734E,True,B68,True,ANN-4fdae5ed,True,LDR::913D0671,False,False,BOTTOM_MAIN,UNKNOWN,False,20,UNKNOWN,False,4.0,0.0,False,UNKNOWN,False,False,LEADER_CHAIN,leader_wrong_target,MEDIUM
B68,GT::B68::0002::TOP_EXTRA,Top bars - extra,True,1246335,LINE,True,BAR::6546734E,True,B68,True,ANN-4fdae5ed,True,LDR::913D0671,False,True,TOP_EXTRA,TOP_EXTRA,False,20,16,True,4.0,4.0,True,R13-B68-TOP_EXTRA-9c50cd,True,False,DIAMETER_RESOLUTION,excel_wrong_diameter,HIGH
B68,GT::B68::0003::STIRRUP,Stirupps,True,1246335,LINE,True,BAR::6546734E,True,B68,True,ANN-a149c849,True,LDR::913D0671,True,True,STIRRUP,STIRRUP,True,8,8,False,21.0,27.0,True,R13-B68-STIRRUP-ebb8b4,True,False,QUANTITY_RESOLUTION,excel_wrong_quantity,HIGH
B68,GT::B68::0004::STIRRUP,Stirupps,True,1246335,LINE,True,BAR::6546734E,True,B68,True,ANN-a149c849,True,LDR::913D0671,True,True,STIRRUP,STIRRUP,True,8,8,False,3.0,27.0,True,R13-B68-STIRRUP-ebb8b4,False,False,QUANTITY_RESOLUTION,quantity_overcount,HIGH
B68,GT::B68::0005::STIRRUP_HOOK,C - Hook,True,1246335,LINE,True,BAR::6546734E,True,B68,True,ANN-a149c849,True,LDR::913D0671,True,True,STIRRUP_HOOK,STIRRUP,True,8,8,False,21.0,27.0,True,R13-B68-STIRRUP-ebb8b4,False,False,QUANTITY_RESOLUTION,quantity_overcount,HIGH
B68,GT::B68::0006::STIRRUP_HOOK,C - Hook,True,1246335,LINE,True,BAR::6546734E,True,B68,True,ANN-a149c849,True,LDR::913D0671,True,True,STIRRUP_HOOK,STIRRUP,True,8,8,False,3.0,27.0,True,R13-B68-STIRRUP-ebb8b4,False,False,QUANTITY_RESOLUTION,quantity_overcount,HIGH
B68,GT::B68::0007::SPACER_BAR,Spacer bars,True,1246335,LINE,True,BAR::6546734E,True,B68,True,ANN-a149c849,True,LDR::913D0671,True,True,SPACER_BAR,SPACER_BAR,True,25,25,False,1.0,2.0,True,R13-B68-SPACER_BAR-938ab1,True,False,QUANTITY_RESOLUTION,excel_wrong_quantity,HIGH
B68A,GT::B68A::0000::TOP_MAIN,Top bars,True,11CDC9D,LINE,True,BAR::SYN::B68A::11CDC9D,True,B68A,True,ANN-4bf9c9ce,True,LDR::FAD5917E,True,True,TOP_MAIN,TOP_MAIN,False,16,20,True,4.0,4.0,True,R13-B68A-TOP_MAIN-59c1f8,True,False,DIAMETER_RESOLUTION,excel_wrong_diameter,HIGH
B68A,GT::B68A::0001::BOTTOM_MAIN,Bottom bars,True,11CDC9D,LINE,True,BAR::SYN::B68A::11CDC9D,True,B68A,True,ANN-b52ce7fb,True,LDR::FBC6BCD0,True,True,BOTTOM_MAIN,BOTTOM_MAIN,True,20,20,False,4.0,6.0,True,R13-B68A-BOTTOM_MAIN-224c0d,True,False,QUANTITY_RESOLUTION,excel_wrong_quantity,HIGH
B68A,GT::B68A::0002::TOP_EXTRA,Top bars - extra,True,11CDC9D,LINE,True,BAR::SYN::B68A::11CDC9D,True,B68A,True,ANN-b52ce7fb,True,LDR::FBC6BCD0,True,True,TOP_EXTRA,TOP_EXTRA,False,20,16,True,4.0,4.0,True,R13-B68A-TOP_EXTRA-3130c6,True,False,DIAMETER_RESOLUTION,excel_wrong_diameter,HIGH
B68A,GT::B68A::0003::TOP_EXTRA,Top bars - extra,True,11CDC9D,LINE,True,BAR::SYN::B68A::11CDC9D,True,B68A,True,ANN-b52ce7fb,True,LDR::FBC6BCD0,True,True,TOP_EXTRA,TOP_EXTRA,False,20,16,True,4.0,4.0,True,R13-B68A-TOP_EXTRA-3130c6,True,False,DIAMETER_RESOLUTION,excel_wrong_diameter,HIGH
B68A,GT::B68A::0004::STIRRUP,Stirupps,True,11CDC9D,LINE,True,BAR::SYN::B68A::11CDC9D,True,B68A,True,ANN-38ec2f0f,True,LDR::FBC6BCD0,True,True,STIRRUP,STIRRUP,True,10,10,False,51.0,74.0,True,R13-B68A-STIRRUP-6e16dc,True,False,QUANTITY_RESOLUTION,excel_wrong_quantity,HIGH
B68A,GT::B68A::0005::STIRRUP,Stirupps,True,11CDC9D,LINE,True,BAR::SYN::B68A::11CDC9D,True,B68A,True,ANN-38ec2f0f,True,LDR::FBC6BCD0,True,True,STIRRUP,STIRRUP,False,10,8,False,16.0,74.0,True,R13-B68A-STIRRUP-6e16dc,True,False,DIAMETER_RESOLUTION,excel_wrong_diameter,HIGH
B68A,GT::B68A::0006::STIRRUP_HOOK,C - Hook,True,11CDC9D,LINE,True,BAR::SYN::B68A::11CDC9D,True,B68A,True,ANN-38ec2f0f,True,LDR::FBC6BCD0,True,True,STIRRUP_HOOK,STIRRUP,True,10,10,False,51.0,74.0,True,R13-B68A-STIRRUP-6e16dc,False,False,QUANTITY_RESOLUTION,quantity_overcount,HIGH
B68A,GT::B68A::0007::STIRRUP_HOOK,C - Hook,True,11CDC9D,LINE,True,BAR::SYN::B68A::11CDC9D,True,B68A,True,ANN-38ec2f0f,True,LDR::FBC6BCD0,True,True,STIRRUP_HOOK,STIRRUP,True,10,10,False,16.0,74.0,True,R13-B68A-STIRRUP-6e16dc,False,False,QUANTITY_RESOLUTION,quantity_overcount,HIGH
B68A,GT::B68A::0008::SPACER_BAR,Spacer bars,True,11CDC9D,LINE,True,BAR::SYN::B68A::11CDC9D,True,B68A,True,ANN-38ec2f0f,True,LDR::FBC6BCD0,True,True,SPACER_BAR,SPACER_BAR,True,25,25,False,4.0,3.0,True,R13-B68A-SPACER_BAR-ed9af6,True,False,QUANTITY_RESOLUTION,excel_wrong_quantity,HIGH
B69,GT::B69::0000::TOP_MAIN,Top bars,True,11CDDFF,LINE,True,BAR::SYN::B69::11CDDFF,True,B69,True,ANN-63aaed34,True,LDR::190EE0EC,True,True,TOP_MAIN,TOP_MAIN,True,20,20,True,4.0,4.0,True,R13-B69-TOP_MAIN-248ff3,True,False,NO_FAILURE,excel_semantic_match,HIGH
B69,GT::B69::0001::BOTTOM_MAIN,Bottom bars,True,11CDDFF,LINE,True,BAR::SYN::B69::11CDDFF,True,B69,True,ANN-63aaed34,True,LDR::190EE0EC,True,True,BOTTOM_MAIN,BOTTOM_MAIN,False,20,25,True,4.0,4.0,True,R13-B69-BOTTOM_MAIN-2269cb,True,False,DIAMETER_RESOLUTION,excel_wrong_diameter,HIGH
B69,GT::B69::0002::BOTTOM_EXTRA,Bottom bars - extra,True,11CDDFF,LINE,True,BAR::SYN::B69::11CDDFF,True,B69,True,ANN-4ebfc424,True,LDR::D9A80512,True,False,BOTTOM_EXTRA,TOP_EXTRA,True,16,16,True,2.0,2.0,True,VB1::B69::TOP_EXTRA,True,False,ROLE_RESOLUTION,excel_wrong_role,HIGH
B69,GT::B69::0003::STIRRUP,Stirupps,True,11CDDFF,LINE,True,BAR::SYN::B69::11CDDFF,True,B69,True,ANN-f232eb4f,True,LDR::190EE0EC,True,True,STIRRUP,STIRRUP,True,8,8,False,43.0,63.0,True,R13-B69-STIRRUP-d3d901,True,False,QUANTITY_RESOLUTION,excel_wrong_quantity,HIGH
B69,GT::B69::0004::STIRRUP,Stirupps,True,11CDDFF,LINE,True,BAR::SYN::B69::11CDDFF,True,B69,True,ANN-f232eb4f,True,LDR::190EE0EC,True,True,STIRRUP,STIRRUP,True,8,8,False,12.0,63.0,True,R13-B69-STIRRUP-d3d901,False,False,QUANTITY_RESOLUTION,quantity_overcount,HIGH
B69,GT::B69::0005::STIRRUP_HOOK,C - Hook,True,11CDDFF,LINE,True,BAR::SYN::B69::11CDDFF,True,B69,True,ANN-f232eb4f,True,LDR::190EE0EC,True,True,STIRRUP_HOOK,STIRRUP,True,8,8,False,43.0,63.0,True,R13-B69-STIRRUP-d3d901,False,False,QUANTITY_RESOLUTION,quantity_overcount,HIGH
B69,GT::B69::0006::STIRRUP_HOOK,C - Hook,True,11CDDFF,LINE,True,BAR::SYN::B69::11CDDFF,True,B69,True,ANN-f232eb4f,True,LDR::190EE0EC,True,True,STIRRUP_HOOK,STIRRUP,True,8,8,False,12.0,63.0,True,R13-B69-STIRRUP-d3d901,False,False,QUANTITY_RESOLUTION,quantity_overcount,HIGH
B69,GT::B69::0007::SPACER_BAR,Spacer bars,True,11CDDFF,LINE,True,BAR::SYN::B69::11CDDFF,True,B69,True,ANN-f232eb4f,True,LDR::190EE0EC,True,True,SPACER_BAR,SPACER_BAR,True,25,25,False,5.0,3.0,True,R13-B69-SPACER_BAR-11fa62,True,False,QUANTITY_RESOLUTION,excel_wrong_quantity,HIGH
B70,GT::B70::0000::TOP_MAIN,Top bars,True,12465C2,LINE,True,BAR::08EC6B41,True,B70,True,ANN-2f9f6718,True,LDR::76BDBF29,False,True,TOP_MAIN,TOP_MAIN,False,16,20,True,4.0,4.0,True,R13-B70-TOP_MAIN-da5888,True,False,DIAMETER_RESOLUTION,excel_wrong_diameter,HIGH
B70,GT::B70::0001::BOTTOM_MAIN,Bottom bars,True,12465C2,LINE,True,BAR::08EC6B41,True,B70,True,ANN-2f9f6718,True,LDR::76BDBF29,False,True,BOTTOM_MAIN,BOTTOM_MAIN,False,20,25,True,4.0,4.0,True,R13-B70-BOTTOM_MAIN-4087b3,True,False,DIAMETER_RESOLUTION,excel_wrong_diameter,HIGH
B70,GT::B70::0002::TOP_EXTRA,Top bars - extra,True,12465C2,LINE,True,BAR::08EC6B41,True,B70,True,ANN-2f9f6718,True,LDR::76BDBF29,False,True,TOP_EXTRA,TOP_EXTRA,False,20,16,True,4.0,4.0,True,R13-B70-TOP_EXTRA-f39a3d,True,False,DIAMETER_RESOLUTION,excel_wrong_diameter,HIGH
B70,GT::B70::0003::STIRRUP,Stirupps,True,12465C2,LINE,True,BAR::08EC6B41,True,B70,True,ANN-2f9f6718,True,LDR::76BDBF29,True,True,STIRRUP,STIRRUP,True,8,8,False,21.0,25.0,True,R13-B70-STIRRUP-b704d3,True,False,QUANTITY_RESOLUTION,excel_wrong_quantity,HIGH
B70,GT::B70::0004::STIRRUP,Stirupps,True,12465C2,LINE,True,BAR::08EC6B41,True,B70,True,ANN-2f9f6718,True,LDR::76BDBF29,True,True,STIRRUP,STIRRUP,True,8,8,False,3.0,25.0,True,R13-B70-STIRRUP-b704d3,False,False,QUANTITY_RESOLUTION,quantity_overcount,HIGH
B70,GT::B70::0005::STIRRUP_HOOK,C - Hook,True,12465C2,LINE,True,BAR::08EC6B41,True,B70,True,ANN-2f9f6718,True,LDR::76BDBF29,True,True,STIRRUP_HOOK,STIRRUP,True,8,8,False,21.0,25.0,True,R13-B70-STIRRUP-b704d3,False,False,QUANTITY_RESOLUTION,quantity_overcount,HIGH
B70,GT::B70::0006::STIRRUP_HOOK,C - Hook,True,12465C2,LINE,True,BAR::08EC6B41,True,B70,True,ANN-2f9f6718,True,LDR::76BDBF29,True,True,STIRRUP_HOOK,STIRRUP,True,8,8,False,3.0,25.0,True,R13-B70-STIRRUP-b704d3,False,False,QUANTITY_RESOLUTION,quantity_overcount,HIGH
B70,GT::B70::0007::SPACER_BAR,Spacer bars,True,12465C2,LINE,True,BAR::08EC6B41,True,B70,True,ANN-2f9f6718,True,LDR::76BDBF29,True,True,SPACER_BAR,SPACER_BAR,True,25,25,False,1.0,2.0,True,R13-B70-SPACER_BAR-204215,True,False,QUANTITY_RESOLUTION,excel_wrong_quantity,HIGH
B70A,GT::B70A::0000::TOP_MAIN,Top bars,True,1247FFB,LINE,True,BAR::SYN::B70A::1247FFB,True,B70A,True,ANN-0faa43d0,True,LDR::0D57D9E9,True,True,TOP_MAIN,TOP_MAIN,False,16,20,True,4.0,4.0,True,R13-B70A-TOP_MAIN-c93965,True,False,DIAMETER_RESOLUTION,excel_wrong_diameter,HIGH
B70A,GT::B70A::0001::BOTTOM_MAIN,Bottom bars,True,1247FFB,LINE,True,BAR::SYN::B70A::1247FFB,True,B70A,True,ANN-0faa43d0,True,LDR::0D57D9E9,True,True,BOTTOM_MAIN,BOTTOM_MAIN,False,20,25,True,4.0,4.0,True,R13-B70A-BOTTOM_MAIN-4ac991,True,False,DIAMETER_RESOLUTION,excel_wrong_diameter,HIGH
B70A,GT::B70A::0002::TOP_EXTRA,Top bars - extra,True,1247FFB,LINE,True,BAR::SYN::B70A::1247FFB,True,B70A,True,ANN-0faa43d0,True,LDR::0D57D9E9,True,True,TOP_EXTRA,TOP_EXTRA,False,20,16,True,4.0,4.0,True,R13-B70A-TOP_EXTRA-cd0086,True,False,DIAMETER_RESOLUTION,excel_wrong_diameter,HIGH
B70A,GT::B70A::0003::TOP_EXTRA,Top bars - extra,True,1247FFB,LINE,True,BAR::SYN::B70A::1247FFB,True,B70A,True,ANN-0faa43d0,True,LDR::0D57D9E9,True,True,TOP_EXTRA,TOP_EXTRA,False,20,16,True,4.0,4.0,True,R13-B70A-TOP_EXTRA-cd0086,True,False,DIAMETER_RESOLUTION,excel_wrong_diameter,HIGH
B70A,GT::B70A::0004::STIRRUP,Stirupps,True,1247FFB,LINE,True,BAR::SYN::B70A::1247FFB,True,B70A,True,ANN-4dca497a,True,LDR::6B25EF13,True,True,STIRRUP,STIRRUP,True,10,10,False,51.0,74.0,True,R13-B70A-STIRRUP-9c4d0e,True,False,QUANTITY_RESOLUTION,excel_wrong_quantity,HIGH
B70A,GT::B70A::0005::STIRRUP,Stirupps,True,1247FFB,LINE,True,BAR::SYN::B70A::1247FFB,True,B70A,True,ANN-4dca497a,True,LDR::6B25EF13,True,True,STIRRUP,STIRRUP,True,10,10,False,16.0,74.0,True,R13-B70A-STIRRUP-9c4d0e,False,False,QUANTITY_RESOLUTION,quantity_overcount,HIGH
B70A,GT::B70A::0006::STIRRUP_HOOK,C - Hook,True,1247FFB,LINE,True,BAR::SYN::B70A::1247FFB,True,B70A,True,ANN-4dca497a,True,LDR::6B25EF13,True,True,STIRRUP_HOOK,STIRRUP,True,10,10,False,51.0,74.0,True,R13-B70A-STIRRUP-9c4d0e,False,False,QUANTITY_RESOLUTION,quantity_overcount,HIGH
B70A,GT::B70A::0007::STIRRUP_HOOK,C - Hook,True,1247FFB,LINE,True,BAR::SYN::B70A::1247FFB,True,B70A,True,ANN-4dca497a,True,LDR::6B25EF13,True,True,STIRRUP_HOOK,STIRRUP,True,10,10,False,16.0,74.0,True,R13-B70A-STIRRUP-9c4d0e,False,False,QUANTITY_RESOLUTION,quantity_overcount,HIGH
B70A,GT::B70A::0008::SPACER_BAR,Spacer bars,True,1247FFB,LINE,True,BAR::SYN::B70A::1247FFB,True,B70A,True,ANN-0faa43d0,True,LDR::0D57D9E9,True,True,SPACER_BAR,SPACER_BAR,True,25,25,False,4.0,3.0,True,R13-B70A-SPACER_BAR-18b6f8,True,False,QUANTITY_RESOLUTION,excel_wrong_quantity,HIGH
B71,GT::B71::0000::TOP_MAIN,Top bars,True,11CE4D2,LINE,True,BAR::SYN::B71::11CE4D2,True,B71,True,ANN-d4dcd6ee,True,LDR::F3CC1E31,True,True,TOP_MAIN,TOP_MAIN,True,25,25,True,4.0,4.0,True,R13-B71-TOP_MAIN-698fb9,True,False,NO_FAILURE,excel_semantic_match,HIGH
B71,GT::B71::0001::BOTTOM_MAIN,Bottom bars,True,11CE4D2,LINE,True,BAR::SYN::B71::11CE4D2,True,B71,True,ANN-d4dcd6ee,True,LDR::F3CC1E31,True,True,BOTTOM_MAIN,BOTTOM_MAIN,False,25,16,False,4.0,2.0,True,R13-B71-BOTTOM_MAIN-94ba35,True,False,DIAMETER_RESOLUTION,excel_wrong_diameter,HIGH
B71,GT::B71::0002::STIRRUP,Stirupps,True,11CE4D2,LINE,True,BAR::SYN::B71::11CE4D2,True,B71,True,ANN-65a3f3f0,True,LDR::F3CC1E31,True,False,STIRRUP,UNKNOWN,False,12,UNKNOWN,False,17.0,0.0,False,UNKNOWN,False,False,ROLE_RESOLUTION,role_missing_role,HIGH
B71,GT::B71::0003::STIRRUP_HOOK,C - Hook,True,11CE4D2,LINE,True,BAR::SYN::B71::11CE4D2,True,B71,True,ANN-65a3f3f0,True,LDR::F3CC1E31,True,False,STIRRUP_HOOK,UNKNOWN,False,12,UNKNOWN,False,17.0,0.0,False,UNKNOWN,False,False,ROLE_RESOLUTION,role_missing_role,HIGH
B72,GT::B72::0000::TOP_MAIN,Top bars,True,11CE76B,LINE,True,BAR::SYN::B72::11CE76B,True,B72,True,ANN-91617cb9,True,LDR::142698EA,True,True,TOP_MAIN,TOP_MAIN,True,25,25,True,4.0,4.0,True,R13-B72-TOP_MAIN-d6fce6,True,False,NO_FAILURE,excel_semantic_match,HIGH
B72,GT::B72::0001::BOTTOM_MAIN,Bottom bars,True,11CE76B,LINE,True,BAR::SYN::B72::11CE76B,True,B72,True,ANN-91617cb9,True,LDR::142698EA,True,True,BOTTOM_MAIN,BOTTOM_MAIN,False,25,20,True,4.0,4.0,True,R13-B72-BOTTOM_MAIN-53beef,True,False,DIAMETER_RESOLUTION,excel_wrong_diameter,HIGH
B72,GT::B72::0002::STIRRUP,Stirupps,True,11CE76B,LINE,True,BAR::SYN::B72::11CE76B,True,B72,True,ANN-91617cb9,True,LDR::142698EA,True,True,STIRRUP,STIRRUP,True,10,10,False,60.0,27.0,True,R13-B72-STIRRUP-2120af,True,False,QUANTITY_RESOLUTION,excel_wrong_quantity,HIGH
B72,GT::B72::0003::STIRRUP_HOOK,C - Hook,True,11CE76B,LINE,True,BAR::SYN::B72::11CE76B,True,B72,True,ANN-91617cb9,True,LDR::142698EA,True,True,STIRRUP_HOOK,STIRRUP,True,10,10,False,60.0,27.0,True,R13-B72-STIRRUP-2120af,False,False,QUANTITY_RESOLUTION,quantity_undercount,HIGH
B73,GT::B73::0000::TOP_MAIN,Top bars,True,11CE550,LINE,True,BAR::3C3D86D1,True,B73,True,ANN-9011f2b6,True,LDR::4EE3550F,False,True,TOP_MAIN,TOP_MAIN,True,25,25,True,4.0,4.0,True,R13-B73-TOP_MAIN-c795d3,True,False,NO_FAILURE,excel_semantic_match,HIGH
B73,GT::B73::0001::BOTTOM_MAIN,Bottom bars,True,11CE550,LINE,True,BAR::3C3D86D1,True,B73,True,ANN-9011f2b6,True,LDR::4EE3550F,False,True,BOTTOM_MAIN,BOTTOM_MAIN,False,25,20,True,4.0,4.0,True,R13-B73-BOTTOM_MAIN-619cc2,True,False,DIAMETER_RESOLUTION,excel_wrong_diameter,HIGH
B73,GT::B73::0002::STIRRUP,Stirupps,True,11CE550,LINE,True,BAR::3C3D86D1,True,B73,True,ANN-19004f11,False,UNKNOWN,False,True,STIRRUP,STIRRUP,True,10,10,True,29.0,29.0,True,R13-B73-STIRRUP-4f4508,True,False,NO_FAILURE,excel_semantic_match,HIGH
B73,GT::B73::0003::STIRRUP_HOOK,C - Hook,True,11CE550,LINE,True,BAR::3C3D86D1,True,B73,True,ANN-19004f11,False,UNKNOWN,False,True,STIRRUP_HOOK,STIRRUP,True,10,10,True,29.0,29.0,True,R13-B73-STIRRUP-4f4508,False,False,LEADER_CHAIN,leader_broken_chain,MEDIUM
B74,GT::B74::0000::TOP_MAIN,Top bars,True,11CE77B,LINE,True,BAR::SYN::B74::11CE77B,True,B74,True,ANN-0b0dd105,True,LDR::8BC55B76,True,True,TOP_MAIN,TOP_MAIN,True,20,20,True,4.0,4.0,True,R13-B74-TOP_MAIN-8a35f3,True,False,NO_FAILURE,excel_semantic_match,HIGH
B74,GT::B74::0001::TOP_EXTRA,Top bars -extra,True,11CE77B,LINE,True,BAR::SYN::B74::11CE77B,True,B74,True,ANN-5075c1c3,True,LDR::717677FE,True,True,TOP_EXTRA,TOP_EXTRA,True,16,16,True,2.0,2.0,True,R13-B74-TOP_EXTRA-a94bbc,True,False,NO_FAILURE,excel_semantic_match,HIGH
B74,GT::B74::0002::BOTTOM_MAIN,Bottom bars,True,11CE77B,LINE,True,BAR::SYN::B74::11CE77B,True,B74,True,ANN-0b0dd105,True,LDR::8BC55B76,True,True,BOTTOM_MAIN,BOTTOM_MAIN,False,20,25,True,4.0,4.0,True,R13-B74-BOTTOM_MAIN-dad8a8,True,False,DIAMETER_RESOLUTION,excel_wrong_diameter,HIGH
B74,GT::B74::0003::BOTTOM_EXTRA,Bottom bars - extra,True,11CE77B,LINE,True,BAR::SYN::B74::11CE77B,True,B74,True,ANN-5075c1c3,True,LDR::717677FE,True,False,BOTTOM_EXTRA,TOP_EXTRA,True,16,16,True,2.0,2.0,True,VB1::B74::TOP_EXTRA,True,False,ROLE_RESOLUTION,excel_wrong_role,HIGH
B74,GT::B74::0004::STIRRUP,Stirupps,True,11CE77B,LINE,True,BAR::SYN::B74::11CE77B,True,B74,True,ANN-5a3a4c53,True,LDR::717677FE,True,False,STIRRUP,UNKNOWN,False,10,UNKNOWN,False,16.0,0.0,False,UNKNOWN,False,False,ROLE_RESOLUTION,role_missing_role,HIGH
B74,GT::B74::0005::STIRRUP,Stirupps,True,11CE77B,LINE,True,BAR::SYN::B74::11CE77B,True,B74,True,ANN-5a3a4c53,True,LDR::717677FE,True,False,STIRRUP,UNKNOWN,False,10,UNKNOWN,False,7.0,0.0,False,UNKNOWN,False,False,ROLE_RESOLUTION,role_missing_role,HIGH
B74,GT::B74::0006::STIRRUP_HOOK,C - Hook,True,11CE77B,LINE,True,BAR::SYN::B74::11CE77B,True,B74,True,ANN-5a3a4c53,True,LDR::717677FE,True,False,STIRRUP_HOOK,UNKNOWN,False,10,UNKNOWN,False,16.0,0.0,False,UNKNOWN,False,False,ROLE_RESOLUTION,role_missing_role,HIGH
B74,GT::B74::0007::STIRRUP_HOOK,C - Hook,True,11CE77B,LINE,True,BAR::SYN::B74::11CE77B,True,B74,True,ANN-5a3a4c53,True,LDR::717677FE,True,False,STIRRUP_HOOK,UNKNOWN,False,10,UNKNOWN,False,7.0,0.0,False,UNKNOWN,False,False,ROLE_RESOLUTION,role_missing_role,HIGH
B74,GT::B74::0008::SPACER_BAR,Spacer bars,True,11CE77B,LINE,True,BAR::SYN::B74::11CE77B,True,B74,True,ANN-5a3a4c53,True,LDR::717677FE,True,True,SPACER_BAR,SPACER_BAR,True,25,25,False,3.0,2.0,True,R13-B74-SPACER_BAR-97cb0f,True,False,QUANTITY_RESOLUTION,excel_wrong_quantity,HIGH
B75,GT::B75::0000::TOP_MAIN,Top bars,True,11CE966,LINE,True,BAR::SYN::B75::11CE966,True,B75,True,ANN-b95d7ab4,True,LDR::8C2A7D8B,True,True,TOP_MAIN,TOP_MAIN,True,20,20,True,4.0,4.0,True,R13-B75-TOP_MAIN-52b5bd,True,False,NO_FAILURE,excel_semantic_match,HIGH
B75,GT::B75::0001::TOP_EXTRA,Top bars -extra,True,11CE966,LINE,True,BAR::SYN::B75::11CE966,True,B75,True,ANN-c5e29764,False,UNKNOWN,False,False,TOP_EXTRA,UNKNOWN,False,16,UNKNOWN,False,2.0,0.0,False,UNKNOWN,False,False,LEADER_CHAIN,leader_broken_chain,MEDIUM
B75,GT::B75::0002::BOTTOM_MAIN,Bottom bars,True,11CE966,LINE,True,BAR::SYN::B75::11CE966,True,B75,True,ANN-b95d7ab4,True,LDR::8C2A7D8B,True,True,BOTTOM_MAIN,BOTTOM_MAIN,False,20,25,True,4.0,4.0,True,R13-B75-BOTTOM_MAIN-4ff15c,True,False,DIAMETER_RESOLUTION,excel_wrong_diameter,HIGH
B75,GT::B75::0003::BOTTOM_EXTRA,Bottom bars - extra,True,11CE966,LINE,True,BAR::SYN::B75::11CE966,True,B75,True,ANN-c5e29764,False,UNKNOWN,False,False,BOTTOM_EXTRA,UNKNOWN,False,16,UNKNOWN,False,2.0,0.0,False,UNKNOWN,False,False,LEADER_CHAIN,leader_broken_chain,MEDIUM
B75,GT::B75::0004::STIRRUP,Stirupps,True,11CE966,LINE,True,BAR::SYN::B75::11CE966,True,B75,True,ANN-c5e29764,False,UNKNOWN,False,True,STIRRUP,STIRRUP,True,8,8,False,41.0,63.0,True,R13-B75-STIRRUP-d7290a,True,False,QUANTITY_RESOLUTION,excel_wrong_quantity,HIGH
B75,GT::B75::0005::STIRRUP,Stirupps,True,11CE966,LINE,True,BAR::SYN::B75::11CE966,True,B75,True,ANN-c5e29764,False,UNKNOWN,False,True,STIRRUP,STIRRUP,True,8,8,False,16.0,63.0,True,R13-B75-STIRRUP-d7290a,False,False,LEADER_CHAIN,leader_broken_chain,MEDIUM
B75,GT::B75::0006::STIRRUP_HOOK,C - Hook,True,11CE966,LINE,True,BAR::SYN::B75::11CE966,True,B75,True,ANN-c5e29764,False,UNKNOWN,False,True,STIRRUP_HOOK,STIRRUP,True,8,8,False,41.0,63.0,True,R13-B75-STIRRUP-d7290a,False,False,LEADER_CHAIN,leader_broken_chain,MEDIUM
B75,GT::B75::0007::STIRRUP_HOOK,C - Hook,True,11CE966,LINE,True,BAR::SYN::B75::11CE966,True,B75,True,ANN-c5e29764,False,UNKNOWN,False,True,STIRRUP_HOOK,STIRRUP,True,8,8,False,16.0,63.0,True,R13-B75-STIRRUP-d7290a,False,False,LEADER_CHAIN,leader_broken_chain,MEDIUM
B75,GT::B75::0008::SPACER_BAR,Spacer bars,True,11CE966,LINE,True,BAR::SYN::B75::11CE966,True,B75,True,ANN-c5e29764,False,UNKNOWN,False,False,SPACER_BAR,UNKNOWN,False,25,UNKNOWN,False,7.0,0.0,False,UNKNOWN,False,False,LEADER_CHAIN,leader_broken_chain,MEDIUM
B76,GT::B76::0000::TOP_MAIN,Top bars,True,11CE779,LINE,True,BAR::CE051B80,True,B76,True,ANN-e985daef,True,LDR::C18253E2,False,True,TOP_MAIN,TOP_MAIN,True,20,20,True,4.0,4.0,True,R13-B76-TOP_MAIN-f87342,True,False,NO_FAILURE,excel_semantic_match,HIGH
B76,GT::B76::0001::TOP_EXTRA,Top bars -extra,True,11CE779,LINE,True,BAR::CE051B80,True,B76,True,ANN-1fb1c50e,True,LDR::0A27788E,False,True,TOP_EXTRA,TOP_EXTRA,True,16,16,True,2.0,2.0,True,R13-B76-TOP_EXTRA-92542a,True,False,NO_FAILURE,excel_semantic_match,HIGH
B76,GT::B76::0002::BOTTOM_MAIN,Bottom bars,True,11CE779,LINE,True,BAR::CE051B80,True,B76,True,ANN-e985daef,True,LDR::C18253E2,False,True,BOTTOM_MAIN,BOTTOM_MAIN,False,20,25,True,4.0,4.0,True,R13-B76-BOTTOM_MAIN-4ca0de,True,False,DIAMETER_RESOLUTION,excel_wrong_diameter,HIGH
B76,GT::B76::0003::BOTTOM_EXTRA,Bottom bars - extra,True,11CE779,LINE,True,BAR::CE051B80,True,B76,True,ANN-1fb1c50e,True,LDR::0A27788E,False,False,BOTTOM_EXTRA,TOP_EXTRA,True,16,16,True,2.0,2.0,True,VB1::B76::TOP_EXTRA,True,False,ROLE_RESOLUTION,excel_wrong_role,HIGH
B76,GT::B76::0004::STIRRUP,Stirupps,True,11CE779,LINE,True,BAR::CE051B80,True,B76,True,ANN-8c653af8,True,LDR::0A27788E,True,False,STIRRUP,UNKNOWN,False,10,UNKNOWN,False,16.0,0.0,False,UNKNOWN,False,False,ROLE_RESOLUTION,role_missing_role,HIGH
B76,GT::B76::0005::STIRRUP,Stirupps,True,11CE779,LINE,True,BAR::CE051B80,True,B76,True,ANN-8c653af8,True,LDR::0A27788E,True,False,STIRRUP,UNKNOWN,False,10,UNKNOWN,False,7.0,0.0,False,UNKNOWN,False,False,ROLE_RESOLUTION,role_missing_role,HIGH
B76,GT::B76::0006::STIRRUP_HOOK,C - Hook,True,11CE779,LINE,True,BAR::CE051B80,True,B76,True,ANN-8c653af8,True,LDR::0A27788E,True,False,STIRRUP_HOOK,UNKNOWN,False,10,UNKNOWN,False,16.0,0.0,False,UNKNOWN,False,False,ROLE_RESOLUTION,role_missing_role,HIGH
B76,GT::B76::0007::STIRRUP_HOOK,C - Hook,True,11CE779,LINE,True,BAR::CE051B80,True,B76,True,ANN-8c653af8,True,LDR::0A27788E,True,False,STIRRUP_HOOK,UNKNOWN,False,10,UNKNOWN,False,7.0,0.0,False,UNKNOWN,False,False,ROLE_RESOLUTION,role_missing_role,HIGH
B76,GT::B76::0008::SPACER_BAR,Spacer bars,True,11CE779,LINE,True,BAR::CE051B80,True,B76,True,ANN-8c653af8,True,LDR::0A27788E,True,True,SPACER_BAR,SPACER_BAR,True,25,25,False,3.0,2.0,True,R13-B76-SPACER_BAR-c57a61,True,False,QUANTITY_RESOLUTION,excel_wrong_quantity,HIGH
B77,GT::B77::0000::TOP_MAIN,Top bars,True,11CED72,LINE,True,BAR::SYN::B77::11CED72,True,B77,True,ANN-2576ebcb,True,LDR::95852CAC,True,True,TOP_MAIN,TOP_MAIN,True,25,25,True,4.0,4.0,True,R13-B77-TOP_MAIN-308d89,True,False,NO_FAILURE,excel_semantic_match,HIGH
B77,GT::B77::0001::BOTTOM_MAIN,Bottom bars,True,11CED72,LINE,True,BAR::SYN::B77::11CED72,True,B77,True,ANN-2576ebcb,True,LDR::95852CAC,True,False,BOTTOM_MAIN,UNKNOWN,False,25,UNKNOWN,False,4.0,0.0,False,UNKNOWN,False,False,ROLE_RESOLUTION,role_missing_role,HIGH
B77,GT::B77::0002::STIRRUP,Stirupps,True,11CED72,LINE,True,BAR::SYN::B77::11CED72,True,B77,True,ANN-15f8f3b0,False,UNKNOWN,False,True,STIRRUP,STIRRUP,True,10,10,True,29.0,29.0,True,R13-B77-STIRRUP-3ff712,True,False,NO_FAILURE,excel_semantic_match,HIGH
B77,GT::B77::0003::STIRRUP_HOOK,C - Hook,True,11CED72,LINE,True,BAR::SYN::B77::11CED72,True,B77,True,ANN-15f8f3b0,False,UNKNOWN,False,True,STIRRUP_HOOK,STIRRUP,True,10,10,True,29.0,29.0,True,R13-B77-STIRRUP-3ff712,False,False,LEADER_CHAIN,leader_broken_chain,MEDIUM
B78,GT::B78::0000::TOP_MAIN,Top bars,True,123AA73,LINE,True,BAR::057B8767,True,B78,True,ANN-162748fa,True,LDR::497335FF,False,True,TOP_MAIN,TOP_MAIN,True,25,25,True,4.0,4.0,True,R13-B78-TOP_MAIN-5559e6,True,False,NO_FAILURE,excel_semantic_match,HIGH
B78,GT::B78::0001::BOTTOM_MAIN,Bottom bars,True,123AA73,LINE,True,BAR::057B8767,True,B78,True,ANN-162748fa,True,LDR::497335FF,False,False,BOTTOM_MAIN,UNKNOWN,False,25,UNKNOWN,False,4.0,0.0,False,UNKNOWN,False,False,LEADER_CHAIN,leader_wrong_target,MEDIUM
B78,GT::B78::0002::STIRRUP,Stirupps,True,123AA73,LINE,True,BAR::057B8767,True,B78,True,ANN-5086d132,True,LDR::F451259F,True,True,STIRRUP,STIRRUP,True,10,10,False,41.0,29.0,True,R13-B78-STIRRUP-f43110,True,False,QUANTITY_RESOLUTION,excel_wrong_quantity,HIGH
B78,GT::B78::0003::STIRRUP,Stirupps,True,123AA73,LINE,True,BAR::057B8767,True,B78,True,ANN-5086d132,True,LDR::F451259F,True,True,STIRRUP,STIRRUP,True,10,10,False,17.0,29.0,True,R13-B78-STIRRUP-f43110,False,False,QUANTITY_RESOLUTION,quantity_overcount,HIGH
B78,GT::B78::0004::STIRRUP_HOOK,C - Hook,True,123AA73,LINE,True,BAR::057B8767,True,B78,True,ANN-5086d132,True,LDR::F451259F,True,True,STIRRUP_HOOK,STIRRUP,True,10,10,False,41.0,29.0,True,R13-B78-STIRRUP-f43110,False,False,QUANTITY_RESOLUTION,quantity_undercount,HIGH
B78,GT::B78::0005::STIRRUP_HOOK,C - Hook,True,123AA73,LINE,True,BAR::057B8767,True,B78,True,ANN-5086d132,True,LDR::F451259F,True,True,STIRRUP_HOOK,STIRRUP,True,10,10,False,17.0,29.0,True,R13-B78-STIRRUP-f43110,False,False,QUANTITY_RESOLUTION,quantity_overcount,HIGH
B79,GT::B79::0000::TOP_MAIN,Top bars,True,11CED6E,LINE,True,BAR::82236802,True,B79,True,ANN-3669edb6,True,LDR::2A37CDF1,False,True,TOP_MAIN,TOP_MAIN,True,25,25,True,4.0,4.0,True,R13-B79-TOP_MAIN-42bffe,True,False,NO_FAILURE,excel_semantic_match,HIGH
B79,GT::B79::0001::BOTTOM_MAIN,Bottom bars,True,11CED6E,LINE,True,BAR::82236802,True,B79,True,ANN-3669edb6,True,LDR::2A37CDF1,False,False,BOTTOM_MAIN,UNKNOWN,False,25,UNKNOWN,False,4.0,0.0,False,UNKNOWN,False,False,LEADER_CHAIN,leader_wrong_target,MEDIUM
B79,GT::B79::0002::STIRRUP,Stirupps,True,11CED6E,LINE,True,BAR::82236802,True,B79,True,ANN-fb7663c7,True,LDR::2A37CDF1,True,True,STIRRUP,STIRRUP,True,12,12,True,17.0,17.0,True,R13-B79-STIRRUP-a6ad00,True,False,NO_FAILURE,excel_semantic_match,HIGH
B79,GT::B79::0003::STIRRUP_HOOK,C - Hook,True,11CED6E,LINE,True,BAR::82236802,True,B79,True,ANN-fb7663c7,True,LDR::2A37CDF1,True,True,STIRRUP_HOOK,STIRRUP,False,12,10,True,17.0,17.0,True,R13-B79-STIRRUP-a6ad00,True,False,DIAMETER_RESOLUTION,excel_wrong_diameter,HIGH
B80,GT::B80::0000::TOP_MAIN,Top bars,True,11CEFFE,LINE,True,BAR::869A3054,True,B80,True,ANN-54d43767,True,LDR::09C25EFC,False,True,TOP_MAIN,TOP_MAIN,True,16,16,True,3.0,3.0,True,R13-B80-TOP_MAIN-491343,False,False,LEADER_CHAIN,leader_wrong_target,MEDIUM
B80,GT::B80::0001::BOTTOM_MAIN,Bottom bars,True,11CEFFE,LINE,True,BAR::869A3054,True,B80,True,ANN-54d43767,True,LDR::09C25EFC,False,False,BOTTOM_MAIN,UNKNOWN,False,16,UNKNOWN,False,3.0,0.0,False,UNKNOWN,False,False,LEADER_CHAIN,leader_wrong_target,MEDIUM
B80,GT::B80::0002::STIRRUP,Stirupps,True,11CEFFE,LINE,True,BAR::869A3054,True,B80,True,ANN-88fbe813,True,LDR::09C25EFC,True,False,STIRRUP,UNKNOWN,False,8,UNKNOWN,False,18.0,0.0,False,UNKNOWN,False,False,ROLE_RESOLUTION,role_missing_role,HIGH
B80,GT::B80::0003::STIRRUP_HOOK,C - Hook,True,11CEFFE,LINE,True,BAR::869A3054,True,B80,True,ANN-88fbe813,True,LDR::09C25EFC,True,False,STIRRUP_HOOK,UNKNOWN,False,8,UNKNOWN,False,18.0,0.0,False,UNKNOWN,False,False,ROLE_RESOLUTION,role_missing_role,HIGH
B80,GT::B80::0000::TOP_MAIN,Top bars,True,11CEFFE,LINE,True,BAR::869A3054,True,B80,True,ANN-54d43767,True,LDR::09C25EFC,False,True,TOP_MAIN,TOP_MAIN,True,16,16,True,3.0,3.0,True,R13-B80-TOP_MAIN-491343,False,False,LEADER_CHAIN,leader_wrong_target,MEDIUM
B80,GT::B80::0001::BOTTOM_MAIN,Bottom bars,True,11CEFFE,LINE,True,BAR::869A3054,True,B80,True,ANN-54d43767,True,LDR::09C25EFC,False,False,BOTTOM_MAIN,UNKNOWN,False,16,UNKNOWN,False,3.0,0.0,False,UNKNOWN,False,False,LEADER_CHAIN,leader_wrong_target,MEDIUM
B80,GT::B80::0002::STIRRUP,Stirupps,True,11CEFFE,LINE,True,BAR::869A3054,True,B80,True,ANN-88fbe813,True,LDR::09C25EFC,True,False,STIRRUP,UNKNOWN,False,8,UNKNOWN,False,18.0,0.0,False,UNKNOWN,False,False,ROLE_RESOLUTION,role_missing_role,HIGH
B80,GT::B80::0003::STIRRUP_HOOK,C - Hook,True,11CEFFE,LINE,True,BAR::869A3054,True,B80,True,ANN-88fbe813,True,LDR::09C25EFC,True,False,STIRRUP_HOOK,UNKNOWN,False,8,UNKNOWN,False,18.0,0.0,False,UNKNOWN,False,False,ROLE_RESOLUTION,role_missing_role,HIGH
B82,GT::B82::0000::TOP_MAIN,Top bars,True,11CF1D6,LINE,True,BAR::SYN::B82::11CF1D6,True,B82,True,ANN-2aafc59f,True,LDR::F2A66E9A,True,True,TOP_MAIN,TOP_MAIN,True,25,25,True,4.0,4.0,True,R13-B82-TOP_MAIN-e85894,True,False,NO_FAILURE,excel_semantic_match,HIGH
B82,GT::B82::0001::BOTTOM_MAIN,Bottom bars,True,11CF1D6,LINE,True,BAR::SYN::B82::11CF1D6,True,B82,True,ANN-2aafc59f,True,LDR::F2A66E9A,True,False,BOTTOM_MAIN,UNKNOWN,False,25,UNKNOWN,False,4.0,0.0,False,UNKNOWN,False,False,ROLE_RESOLUTION,role_missing_role,HIGH
B82,GT::B82::0002::STIRRUP,Stirupps,True,11CF1D6,LINE,True,BAR::SYN::B82::11CF1D6,True,B82,True,ANN-4679b76c,True,LDR::F2A66E9A,True,False,STIRRUP,UNKNOWN,False,12,UNKNOWN,False,10.0,0.0,False,UNKNOWN,False,False,ROLE_RESOLUTION,role_missing_role,HIGH
B82,GT::B82::0003::STIRRUP_HOOK,C - Hook,True,11CF1D6,LINE,True,BAR::SYN::B82::11CF1D6,True,B82,True,ANN-4679b76c,True,LDR::F2A66E9A,True,False,STIRRUP_HOOK,UNKNOWN,False,12,UNKNOWN,False,10.0,0.0,False,UNKNOWN,False,False,ROLE_RESOLUTION,role_missing_role,HIGH
B83,GT::B83::0000::TOP_MAIN,Top bars,True,11CF3A3,LINE,True,BAR::D80A75F9,True,B83,True,ANN-a141c7a9,True,LDR::35B21389,True,True,TOP_MAIN,TOP_MAIN,True,25,25,True,4.0,4.0,True,R13-B83-TOP_MAIN-da7ee2,True,False,NO_FAILURE,excel_semantic_match,HIGH
B83,GT::B83::0001::BOTTOM_MAIN,Bottom bars,True,11CF3A3,LINE,True,BAR::D80A75F9,True,B83,True,ANN-a141c7a9,True,LDR::35B21389,True,False,BOTTOM_MAIN,UNKNOWN,False,25,UNKNOWN,False,4.0,0.0,False,UNKNOWN,False,False,ROLE_RESOLUTION,role_missing_role,HIGH
B83,GT::B83::0002::STIRRUP,Stirupps,True,11CF3A3,LINE,True,BAR::D80A75F9,True,B83,True,ANN-020a1f2c,True,LDR::35B21389,True,True,STIRRUP,STIRRUP,True,10,10,False,46.0,43.0,True,R13-B83-STIRRUP-92bd23,True,False,QUANTITY_RESOLUTION,excel_wrong_quantity,HIGH
B83,GT::B83::0003::STIRRUP_HOOK,C - Hook,True,11CF3A3,LINE,True,BAR::D80A75F9,True,B83,True,ANN-020a1f2c,True,LDR::35B21389,True,True,STIRRUP_HOOK,STIRRUP,True,10,10,False,46.0,43.0,True,R13-B83-STIRRUP-92bd23,False,False,QUANTITY_RESOLUTION,quantity_undercount,HIGH
B85,GT::B85::0000::TOP_MAIN,Top bars,True,11CF65E,LINE,True,BAR::SYN::B85::11CF65E,True,B85,True,ANN-e156ae9f,True,LDR::7B9D2572,True,True,TOP_MAIN,TOP_MAIN,True,25,25,True,4.0,4.0,True,R13-B85-TOP_MAIN-9c25fa,True,False,NO_FAILURE,excel_semantic_match,HIGH
B85,GT::B85::0001::BOTTOM_MAIN,Bottom bars,True,11CF65E,LINE,True,BAR::SYN::B85::11CF65E,True,B85,True,ANN-e156ae9f,True,LDR::7B9D2572,True,False,BOTTOM_MAIN,UNKNOWN,False,25,UNKNOWN,False,4.0,0.0,False,UNKNOWN,False,False,ROLE_RESOLUTION,role_missing_role,HIGH
B85,GT::B85::0002::STIRRUP,Stirupps,True,11CF65E,LINE,True,BAR::SYN::B85::11CF65E,True,B85,True,ANN-324ae3bb,True,LDR::7B9D2572,True,True,STIRRUP,STIRRUP,True,10,10,False,46.0,22.0,True,R13-B85-STIRRUP-4f6eb6,True,False,QUANTITY_RESOLUTION,excel_wrong_quantity,HIGH
B85,GT::B85::0003::STIRRUP_HOOK,C - Hook,True,11CF65E,LINE,True,BAR::SYN::B85::11CF65E,True,B85,True,ANN-324ae3bb,True,LDR::7B9D2572,True,True,STIRRUP_HOOK,STIRRUP,True,10,10,False,46.0,22.0,True,R13-B85-STIRRUP-4f6eb6,False,False,QUANTITY_RESOLUTION,quantity_undercount,HIGH
B86,GT::B86::0000::TOP_MAIN,Top bars,True,11CF6DA,LINE,True,BAR::D7145E1A,True,B86,True,ANN-32be3eb4,True,LDR::158D27DD,False,True,TOP_MAIN,TOP_MAIN,True,25,25,True,4.0,4.0,True,R13-B86-TOP_MAIN-54dc19,True,False,NO_FAILURE,excel_semantic_match,HIGH
B86,GT::B86::0001::BOTTOM_MAIN,Bottom bars,True,11CF6DA,LINE,True,BAR::D7145E1A,True,B86,True,ANN-32be3eb4,True,LDR::158D27DD,False,True,BOTTOM_MAIN,BOTTOM_MAIN,False,25,16,True,4.0,4.0,True,R13-B86-BOTTOM_MAIN-a33e81,True,False,DIAMETER_RESOLUTION,excel_wrong_diameter,HIGH
B86,GT::B86::0002::STIRRUP,Stirupps,True,11CF6DA,LINE,True,BAR::D7145E1A,True,B86,True,ANN-765d8183,True,LDR::158D27DD,True,False,STIRRUP,UNKNOWN,False,12,UNKNOWN,False,10.0,0.0,False,UNKNOWN,False,False,ROLE_RESOLUTION,role_missing_role,HIGH
B86,GT::B86::0003::STIRRUP_HOOK,C - Hook,True,11CF6DA,LINE,True,BAR::D7145E1A,True,B86,True,ANN-765d8183,True,LDR::158D27DD,True,False,STIRRUP_HOOK,UNKNOWN,False,12,UNKNOWN,False,10.0,0.0,False,UNKNOWN,False,False,ROLE_RESOLUTION,role_missing_role,HIGH
B88,GT::B88::0000::TOP_MAIN,Top bars,True,11CF866,LINE,True,BAR::SYN::B88::11CF866,True,B88,True,ANN-8f4c5fd4,True,LDR::9C20023B,True,True,TOP_MAIN,TOP_MAIN,True,20,20,True,3.0,3.0,True,R13-B88-TOP_MAIN-61e2a2,True,False,NO_FAILURE,excel_semantic_match,HIGH
B88,GT::B88::0001::BOTTOM_MAIN,Bottom bars,True,11CF866,LINE,True,BAR::SYN::B88::11CF866,True,B88,True,ANN-8f4c5fd4,True,LDR::9C20023B,True,True,BOTTOM_MAIN,BOTTOM_MAIN,False,20,16,False,3.0,4.0,True,R13-B88-BOTTOM_MAIN-760ddf,True,False,DIAMETER_RESOLUTION,excel_wrong_diameter,HIGH
B88,GT::B88::0002::STIRRUP,Stirupps,True,11CF866,LINE,True,BAR::SYN::B88::11CF866,True,B88,True,ANN-d0e07ba8,False,UNKNOWN,False,True,STIRRUP,STIRRUP,True,10,10,False,21.0,25.0,True,R13-B88-STIRRUP-21522f,True,False,QUANTITY_RESOLUTION,excel_wrong_quantity,HIGH
B88,GT::B88::0003::STIRRUP_HOOK,C - Hook,True,11CF866,LINE,True,BAR::SYN::B88::11CF866,True,B88,True,ANN-d0e07ba8,False,UNKNOWN,False,True,STIRRUP_HOOK,STIRRUP,True,10,10,False,21.0,25.0,True,R13-B88-STIRRUP-21522f,False,False,LEADER_CHAIN,leader_broken_chain,MEDIUM
B89,GT::B89::0000::TOP_MAIN,Top bars,True,11CFA36,LINE,True,BAR::SYN::B89::11CFA36,True,B89,True,ANN-09305d02,True,LDR::F9AF6118,True,True,TOP_MAIN,TOP_MAIN,True,20,20,True,3.0,3.0,True,R13-B89-TOP_MAIN-3ab67e,True,False,NO_FAILURE,excel_semantic_match,HIGH
B89,GT::B89::0001::BOTTOM_MAIN,Bottom bars,True,11CFA36,LINE,True,BAR::SYN::B89::11CFA36,True,B89,True,ANN-09305d02,True,LDR::F9AF6118,True,False,BOTTOM_MAIN,UNKNOWN,False,20,UNKNOWN,False,3.0,0.0,False,UNKNOWN,False,False,ROLE_RESOLUTION,role_missing_role,HIGH
B89,GT::B89::0002::STIRRUP,Stirupps,True,11CFA36,LINE,True,BAR::SYN::B89::11CFA36,True,B89,True,ANN-ac26322b,True,LDR::87AB34F2,True,True,STIRRUP,STIRRUP,True,10,10,True,24.0,24.0,True,R13-B89-STIRRUP-6973e3,True,False,NO_FAILURE,excel_semantic_match,HIGH
B89,GT::B89::0003::STIRRUP_HOOK,C - Hook,True,11CFA36,LINE,True,BAR::SYN::B89::11CFA36,True,B89,True,ANN-ac26322b,True,LDR::87AB34F2,True,True,STIRRUP_HOOK,STIRRUP,True,10,10,True,24.0,24.0,True,R13-B89-STIRRUP-6973e3,False,False,VB1_INTEGRATION,not_consumed_by_vb1,MEDIUM
B91,GT::B91::0000::TOP_MAIN,Top bars,True,11CFD7C,LINE,True,BAR::9046F799,True,B91,True,ANN-6cd6c4ac,True,LDR::5F29669D,False,True,TOP_MAIN,TOP_MAIN,True,20,20,True,3.0,3.0,True,R13-B91-TOP_MAIN-ee0ce7,True,False,NO_FAILURE,excel_semantic_match,HIGH
B91,GT::B91::0001::BOTTOM_MAIN,Bottom bars,True,11CFD7C,LINE,True,BAR::9046F799,True,B91,True,ANN-6cd6c4ac,True,LDR::5F29669D,False,True,BOTTOM_MAIN,BOTTOM_MAIN,False,20,25,False,3.0,4.0,True,R13-B91-BOTTOM_MAIN-b32efe,True,False,DIAMETER_RESOLUTION,excel_wrong_diameter,HIGH
B91,GT::B91::0002::STIRRUP,Stirupps,True,11CFD7C,LINE,True,BAR::9046F799,True,B91,True,ANN-c7bea6e0,True,LDR::5F29669D,True,True,STIRRUP,STIRRUP,True,10,10,False,24.0,20.0,True,R13-B91-STIRRUP-a54da9,True,False,QUANTITY_RESOLUTION,excel_wrong_quantity,HIGH
B91,GT::B91::0003::STIRRUP_HOOK,C - Hook,True,11CFD7C,LINE,True,BAR::9046F799,True,B91,True,ANN-c7bea6e0,True,LDR::5F29669D,True,True,STIRRUP_HOOK,STIRRUP,True,10,10,False,24.0,20.0,True,R13-B91-STIRRUP-a54da9,False,False,QUANTITY_RESOLUTION,quantity_undercount,HIGH
B92,GT::B92::0000::TOP_MAIN,Top bars,True,11CFE05,LINE,True,BAR::21020CDB,True,B92,True,ANN-60535de4,True,LDR::9846055F,True,True,TOP_MAIN,TOP_MAIN,True,20,20,True,3.0,3.0,True,R13-B92-TOP_MAIN-3adace,True,False,NO_FAILURE,excel_semantic_match,HIGH
B92,GT::B92::0001::BOTTOM_MAIN,Bottom bars,True,11CFE05,LINE,True,BAR::21020CDB,True,B92,True,ANN-60535de4,True,LDR::9846055F,True,False,BOTTOM_MAIN,UNKNOWN,False,20,UNKNOWN,False,3.0,0.0,False,UNKNOWN,False,False,ROLE_RESOLUTION,role_missing_role,HIGH
B92,GT::B92::0002::STIRRUP,Stirupps,True,11CFE05,LINE,True,BAR::21020CDB,True,B92,True,ANN-a092beab,True,LDR::4D600A63,True,True,STIRRUP,STIRRUP,True,10,10,False,21.0,25.0,True,R13-B92-STIRRUP-9ac9f7,True,False,QUANTITY_RESOLUTION,excel_wrong_quantity,HIGH
B92,GT::B92::0003::STIRRUP_HOOK,C - Hook,True,11CFE05,LINE,True,BAR::21020CDB,True,B92,True,ANN-a092beab,True,LDR::4D600A63,True,True,STIRRUP_HOOK,STIRRUP,True,10,10,False,21.0,25.0,True,R13-B92-STIRRUP-9ac9f7,False,False,QUANTITY_RESOLUTION,quantity_overcount,HIGH
B93,GT::B93::0000::TOP_MAIN,Top bars,True,11CF9C3,LINE,True,BAR::CE68D305,True,B93,True,ANN-185c548b,True,LDR::DA9B46C5,False,True,TOP_MAIN,TOP_MAIN,True,20,20,True,3.0,3.0,True,R13-B93-TOP_MAIN-c5b9c8,True,False,NO_FAILURE,excel_semantic_match,HIGH
B93,GT::B93::0001::BOTTOM_MAIN,Bottom bars,True,11CF9C3,LINE,True,BAR::CE68D305,True,B93,True,ANN-185c548b,True,LDR::DA9B46C5,False,False,BOTTOM_MAIN,UNKNOWN,False,20,UNKNOWN,False,3.0,0.0,False,UNKNOWN,False,False,LEADER_CHAIN,leader_wrong_target,MEDIUM
B93,GT::B93::0002::STIRRUP,Stirupps,True,11CF9C3,LINE,True,BAR::CE68D305,True,B93,True,ANN-6420ec3e,False,UNKNOWN,False,True,STIRRUP,STIRRUP,True,10,10,True,21.0,20.0,True,R13-B93-STIRRUP-e4a014,True,False,NO_FAILURE,excel_semantic_match,HIGH
B93,GT::B93::0003::STIRRUP_HOOK,C - Hook,True,11CF9C3,LINE,True,BAR::CE68D305,True,B93,True,ANN-6420ec3e,False,UNKNOWN,False,True,STIRRUP_HOOK,STIRRUP,True,10,10,True,21.0,20.0,True,R13-B93-STIRRUP-e4a014,False,False,LEADER_CHAIN,leader_broken_chain,MEDIUM
B94,GT::B94::0000::TOP_MAIN,Top bars,True,11CFEA7,LINE,True,BAR::06667737,True,B94,True,ANN-7437ef48,True,LDR::B1E7552C,True,True,TOP_MAIN,TOP_MAIN,True,20,20,True,3.0,3.0,True,R13-B94-TOP_MAIN-f9e273,True,False,NO_FAILURE,excel_semantic_match,HIGH
B94,GT::B94::0001::BOTTOM_MAIN,Bottom bars,True,11CFEA7,LINE,True,BAR::06667737,True,B94,True,ANN-7437ef48,True,LDR::B1E7552C,True,True,BOTTOM_MAIN,BOTTOM_MAIN,False,20,25,True,3.0,3.0,True,R13-B94-BOTTOM_MAIN-3e89ec,True,False,DIAMETER_RESOLUTION,excel_wrong_diameter,HIGH
B94,GT::B94::0002::STIRRUP,Stirupps,True,11CFEA7,LINE,True,BAR::06667737,True,B94,True,ANN-ecffa6fb,True,LDR::D26B8351,True,True,STIRRUP,STIRRUP,True,10,10,True,21.0,20.0,True,R13-B94-STIRRUP-3880da,True,False,NO_FAILURE,excel_semantic_match,HIGH
B94,GT::B94::0003::STIRRUP_HOOK,C - Hook,True,11CFEA7,LINE,True,BAR::06667737,True,B94,True,ANN-ecffa6fb,True,LDR::D26B8351,True,True,STIRRUP_HOOK,STIRRUP,True,10,10,True,21.0,20.0,True,R13-B94-STIRRUP-3880da,False,False,VB1_INTEGRATION,not_consumed_by_vb1,MEDIUM
B96,GT::B96::0000::TOP_MAIN,Top bars,True,11D0069,LINE,True,BAR::SYN::B96::11D0069,True,B96,True,ANN-448f2246,True,LDR::E00AA6E6,True,True,TOP_MAIN,TOP_MAIN,True,25,25,True,4.0,4.0,True,R13-B96-TOP_MAIN-1b19dc,True,False,NO_FAILURE,excel_semantic_match,HIGH
B96,GT::B96::0001::TOP_EXTRA,Top bars -extra,True,11D0069,LINE,True,BAR::SYN::B96::11D0069,True,B96,True,ANN-c0ee6243,True,LDR::13C556CB,True,True,TOP_EXTRA,TOP_EXTRA,True,16,16,True,2.0,2.0,True,R13-B96-TOP_EXTRA-fdccf8,True,False,NO_FAILURE,excel_semantic_match,HIGH
B96,GT::B96::0002::TOP_EXTRA,Top bars -extra,True,11D0069,LINE,True,BAR::SYN::B96::11D0069,True,B96,True,ANN-c0ee6243,True,LDR::13C556CB,True,True,TOP_EXTRA,TOP_EXTRA,True,16,16,True,2.0,2.0,True,R13-B96-TOP_EXTRA-fdccf8,True,False,NO_FAILURE,excel_semantic_match,HIGH
B96,GT::B96::0003::BOTTOM_MAIN,Bottom bars,True,11D0069,LINE,True,BAR::SYN::B96::11D0069,True,B96,True,ANN-448f2246,True,LDR::E00AA6E6,True,True,BOTTOM_MAIN,BOTTOM_MAIN,True,25,25,False,4.0,3.0,True,R13-B96-BOTTOM_MAIN-71c847,True,False,QUANTITY_RESOLUTION,excel_wrong_quantity,HIGH
B96,GT::B96::0004::BOTTOM_EXTRA,Bottom bars -extra,True,11D0069,LINE,True,BAR::SYN::B96::11D0069,True,B96,True,ANN-c0ee6243,True,LDR::13C556CB,True,False,BOTTOM_EXTRA,UNKNOWN,False,16,UNKNOWN,False,2.0,0.0,False,UNKNOWN,False,False,ROLE_RESOLUTION,role_missing_role,HIGH
B96,GT::B96::0005::STIRRUP,Stirupps,True,11D0069,LINE,True,BAR::SYN::B96::11D0069,True,B96,True,ANN-ccf65792,True,LDR::E00AA6E6,True,True,STIRRUP,STIRRUP,True,8,8,False,51.0,76.0,True,R13-B96-STIRRUP-f2e151,True,False,QUANTITY_RESOLUTION,excel_wrong_quantity,HIGH
B96,GT::B96::0006::STIRRUP,Stirupps,True,11D0069,LINE,True,BAR::SYN::B96::11D0069,True,B96,True,ANN-ccf65792,True,LDR::E00AA6E6,True,True,STIRRUP,STIRRUP,True,8,8,False,20.0,76.0,True,R13-B96-STIRRUP-f2e151,False,False,QUANTITY_RESOLUTION,quantity_overcount,HIGH
B96,GT::B96::0007::STIRRUP_HOOK,C - Hook,True,11D0069,LINE,True,BAR::SYN::B96::11D0069,True,B96,True,ANN-ccf65792,True,LDR::E00AA6E6,True,True,STIRRUP_HOOK,STIRRUP,True,8,8,False,51.0,76.0,True,R13-B96-STIRRUP-f2e151,False,False,QUANTITY_RESOLUTION,quantity_overcount,HIGH
B96,GT::B96::0008::STIRRUP_HOOK,C - Hook,True,11D0069,LINE,True,BAR::SYN::B96::11D0069,True,B96,True,ANN-ccf65792,True,LDR::E00AA6E6,True,True,STIRRUP_HOOK,STIRRUP,True,8,8,False,20.0,76.0,True,R13-B96-STIRRUP-f2e151,False,False,QUANTITY_RESOLUTION,quantity_overcount,HIGH
B96,GT::B96::0009::SPACER_BAR,Spacer bars,True,11D0069,LINE,True,BAR::SYN::B96::11D0069,True,B96,True,ANN-448f2246,True,LDR::E00AA6E6,True,True,SPACER_BAR,SPACER_BAR,True,25,25,False,10.0,5.0,True,R13-B96-SPACER_BAR-903ff6,True,False,QUANTITY_RESOLUTION,excel_wrong_quantity,HIGH
B96A,GT::B96A::0000::TOP_MAIN,Top bars,True,11F8B6E,LINE,True,BAR::61079B00,True,B96A,True,ANN-9114a4de,True,LDR::63051B26,False,True,TOP_MAIN,TOP_MAIN,True,25,25,True,4.0,4.0,True,R13-B96A-TOP_MAIN-d53b24,True,False,NO_FAILURE,excel_semantic_match,HIGH
B96A,GT::B96A::0001::BOTTOM_MAIN,Bottom bars,True,11F8B6E,LINE,True,BAR::61079B00,True,B96A,True,ANN-9114a4de,True,LDR::63051B26,False,True,BOTTOM_MAIN,BOTTOM_MAIN,False,25,10,True,4.0,4.0,True,R13-B96A-BOTTOM_MAIN-4c3574,True,False,DIAMETER_RESOLUTION,excel_wrong_diameter,HIGH
B96A,GT::B96A::0002::STIRRUP,Stirupps,True,11F8B6E,LINE,True,BAR::61079B00,True,B96A,True,ANN-9114a4de,True,LDR::63051B26,True,False,STIRRUP,UNKNOWN,False,8,UNKNOWN,False,30.0,0.0,False,UNKNOWN,False,False,ROLE_RESOLUTION,role_missing_role,HIGH
B96A,GT::B96A::0003::STIRRUP_HOOK,C - Hook,True,11F8B6E,LINE,True,BAR::61079B00,True,B96A,True,ANN-9114a4de,True,LDR::63051B26,True,False,STIRRUP_HOOK,UNKNOWN,False,8,UNKNOWN,False,30.0,0.0,False,UNKNOWN,False,False,ROLE_RESOLUTION,role_missing_role,HIGH
B97,GT::B97::0000::TOP_MAIN,Top bars,True,1246A83,LINE,True,BAR::SYN::B97::1246A83,True,B97,True,ANN-e814c185,True,LDR::98B897E4,True,True,TOP_MAIN,TOP_MAIN,False,16,20,True,4.0,4.0,True,R13-B97-TOP_MAIN-91b653,True,False,DIAMETER_RESOLUTION,excel_wrong_diameter,HIGH
B97,GT::B97::0001::TOP_EXTRA,Top bars -extra,True,1246A83,LINE,True,BAR::SYN::B97::1246A83,True,B97,True,ANN-e814c185,True,LDR::98B897E4,True,False,TOP_EXTRA,BOTTOM_EXTRA,True,16,16,False,4.0,3.0,True,VB1::B97::BOTTOM_EXTRA,True,False,ROLE_RESOLUTION,partial_role,MEDIUM
B97,GT::B97::0002::TOP_EXTRA,Top bars -extra,True,1246A83,LINE,True,BAR::SYN::B97::1246A83,True,B97,True,ANN-e814c185,True,LDR::98B897E4,True,False,TOP_EXTRA,BOTTOM_EXTRA,True,16,16,False,4.0,3.0,True,VB1::B97::BOTTOM_EXTRA,True,False,ROLE_RESOLUTION,partial_role,MEDIUM
B97,GT::B97::0003::BOTTOM_MAIN,Bottom bars,True,1246A83,LINE,True,BAR::SYN::B97::1246A83,True,B97,True,ANN-36d43665,True,LDR::275279C3,True,True,BOTTOM_MAIN,BOTTOM_MAIN,False,20,25,False,4.0,3.0,True,R13-B97-BOTTOM_MAIN-3f6c95,True,False,DIAMETER_RESOLUTION,excel_wrong_diameter,HIGH
B97,GT::B97::0004::STIRRUP,Stirupps,True,1246A83,LINE,True,BAR::SYN::B97::1246A83,True,B97,True,ANN-e814c185,True,LDR::98B897E4,True,True,STIRRUP,STIRRUP,True,8,8,False,49.0,62.0,True,R13-B97-STIRRUP-f10af9,True,False,QUANTITY_RESOLUTION,excel_wrong_quantity,HIGH
B97,GT::B97::0005::STIRRUP,Stirupps,True,1246A83,LINE,True,BAR::SYN::B97::1246A83,True,B97,True,ANN-e814c185,True,LDR::98B897E4,True,True,STIRRUP,STIRRUP,True,8,8,False,11.0,62.0,True,R13-B97-STIRRUP-f10af9,False,False,QUANTITY_RESOLUTION,quantity_overcount,HIGH
B97,GT::B97::0006::STIRRUP_HOOK,C - Hook,True,1246A83,LINE,True,BAR::SYN::B97::1246A83,True,B97,True,ANN-e814c185,True,LDR::98B897E4,True,True,STIRRUP_HOOK,STIRRUP,True,8,8,False,49.0,62.0,True,R13-B97-STIRRUP-f10af9,False,False,QUANTITY_RESOLUTION,quantity_overcount,HIGH
B97,GT::B97::0007::STIRRUP_HOOK,C - Hook,True,1246A83,LINE,True,BAR::SYN::B97::1246A83,True,B97,True,ANN-e814c185,True,LDR::98B897E4,True,True,STIRRUP_HOOK,STIRRUP,True,8,8,False,11.0,62.0,True,R13-B97-STIRRUP-f10af9,False,False,QUANTITY_RESOLUTION,quantity_overcount,HIGH
B97,GT::B97::0008::SPACER_BAR,Spacer bars,True,1246A83,LINE,True,BAR::SYN::B97::1246A83,True,B97,True,ANN-877dbda1,False,UNKNOWN,False,True,SPACER_BAR,SPACER_BAR,True,25,25,False,4.0,3.0,True,R13-B97-SPACER_BAR-50955d,True,False,QUANTITY_RESOLUTION,excel_wrong_quantity,HIGH
B97A,GT::B97A::0000::TOP_MAIN,Top bars,True,1248010,LINE,True,BAR::2B7B3233,True,B97A,True,ANN-d7128f62,True,LDR::E83C245B,False,True,TOP_MAIN,TOP_MAIN,True,25,25,True,4.0,4.0,True,R13-B97A-TOP_MAIN-cf3f2e,True,False,NO_FAILURE,excel_semantic_match,HIGH
B97A,GT::B97A::0001::BOTTOM_MAIN,Bottom bars,True,1248010,LINE,True,BAR::2B7B3233,True,B97A,True,ANN-d7128f62,True,LDR::E83C245B,False,False,BOTTOM_MAIN,UNKNOWN,False,25,UNKNOWN,False,4.0,0.0,False,UNKNOWN,False,False,LEADER_CHAIN,leader_wrong_target,MEDIUM
B97A,GT::B97A::0002::STIRRUP,Stirupps,True,1248010,LINE,True,BAR::2B7B3233,True,B97A,True,ANN-6f8c4df1,False,UNKNOWN,False,True,STIRRUP,STIRRUP,True,8,8,True,30.0,30.0,True,R13-B97A-STIRRUP-c60ea4,True,False,NO_FAILURE,excel_semantic_match,HIGH
B97A,GT::B97A::0003::STIRRUP_HOOK,C - Hook,True,1248010,LINE,True,BAR::2B7B3233,True,B97A,True,ANN-6f8c4df1,False,UNKNOWN,False,True,STIRRUP_HOOK,STIRRUP,True,8,8,True,30.0,30.0,True,R13-B97A-STIRRUP-c60ea4,False,False,LEADER_CHAIN,leader_broken_chain,MEDIUM
B98,GT::B98::0000::TOP_MAIN,Top bars,True,11D027A,LINE,True,BAR::SYN::B98::11D027A,True,B98,True,ANN-4ae84222,True,LDR::4EF3E792,True,True,TOP_MAIN,TOP_MAIN,True,25,25,True,4.0,4.0,True,R13-B98-TOP_MAIN-53fc59,True,False,NO_FAILURE,excel_semantic_match,HIGH
B98,GT::B98::0001::BOTTOM_MAIN,Bottom bars,True,11D027A,LINE,True,BAR::SYN::B98::11D027A,True,B98,True,ANN-4ae84222,True,LDR::4EF3E792,True,True,BOTTOM_MAIN,BOTTOM_MAIN,False,25,16,False,4.0,3.0,True,R13-B98-BOTTOM_MAIN-6e255c,True,False,DIAMETER_RESOLUTION,excel_wrong_diameter,HIGH
B98,GT::B98::0002::STIRRUP,Stirupps,True,11D027A,LINE,True,BAR::SYN::B98::11D027A,True,B98,True,ANN-d45b39ac,True,LDR::4EF3E792,True,True,STIRRUP,STIRRUP,True,8,8,False,51.0,76.0,True,R13-B98-STIRRUP-639a7b,True,False,QUANTITY_RESOLUTION,excel_wrong_quantity,HIGH
B98,GT::B98::0003::STIRRUP,Stirupps,True,11D027A,LINE,True,BAR::SYN::B98::11D027A,True,B98,True,ANN-d45b39ac,True,LDR::4EF3E792,True,True,STIRRUP,STIRRUP,True,8,8,False,17.0,76.0,True,R13-B98-STIRRUP-639a7b,False,False,QUANTITY_RESOLUTION,quantity_overcount,HIGH
B98,GT::B98::0004::STIRRUP_HOOK,C - Hook,True,11D027A,LINE,True,BAR::SYN::B98::11D027A,True,B98,True,ANN-d45b39ac,True,LDR::4EF3E792,True,True,STIRRUP_HOOK,STIRRUP,True,8,8,False,51.0,76.0,True,R13-B98-STIRRUP-639a7b,False,False,QUANTITY_RESOLUTION,quantity_overcount,HIGH
B98,GT::B98::0005::STIRRUP_HOOK,C - Hook,True,11D027A,LINE,True,BAR::SYN::B98::11D027A,True,B98,True,ANN-d45b39ac,True,LDR::4EF3E792,True,True,STIRRUP_HOOK,STIRRUP,True,8,8,False,17.0,76.0,True,R13-B98-STIRRUP-639a7b,False,False,QUANTITY_RESOLUTION,quantity_overcount,HIGH
B98A,GT::B98A::0000::TOP_MAIN,Top bars,True,1247FFE,LINE,True,BAR::E6591903,True,B98A,True,ANN-2a9913fa,True,LDR::1812F192,False,True,TOP_MAIN,TOP_MAIN,True,25,25,True,4.0,4.0,True,R13-B98A-TOP_MAIN-d835b4,True,True,NO_FAILURE,excel_semantic_match,HIGH
B98A,GT::B98A::0001::BOTTOM_MAIN,Bottom bars,True,1247FFE,LINE,True,BAR::E6591903,True,B98A,True,ANN-2a9913fa,True,LDR::1812F192,False,False,BOTTOM_MAIN,UNKNOWN,False,25,UNKNOWN,False,4.0,0.0,False,UNKNOWN,False,False,LEADER_CHAIN,leader_wrong_target,MEDIUM
B98A,GT::B98A::0002::STIRRUP,Stirupps,True,1247FFE,LINE,True,BAR::E6591903,True,B98A,True,ANN-de653a14,False,UNKNOWN,False,True,STIRRUP,STIRRUP,True,10,10,True,22.0,21.0,True,R13-B98A-STIRRUP-6da584,True,False,NO_FAILURE,excel_semantic_match,HIGH
B98A,GT::B98A::0003::STIRRUP_HOOK,C - Hook,True,1247FFE,LINE,True,BAR::E6591903,True,B98A,True,ANN-de653a14,False,UNKNOWN,False,True,STIRRUP_HOOK,STIRRUP,True,10,10,True,22.0,21.0,True,R13-B98A-STIRRUP-6da584,False,False,LEADER_CHAIN,leader_broken_chain,MEDIUM
B99,GT::B99::0000::TOP_MAIN,Top bars,True,11D0420,LINE,True,BAR::SYN::B99::11D0420,True,B99,True,ANN-1e734cff,True,LDR::C317406A,True,True,TOP_MAIN,TOP_MAIN,False,16,20,True,3.0,3.0,True,R13-B99-TOP_MAIN-7ad99f,True,False,DIAMETER_RESOLUTION,excel_wrong_diameter,HIGH
B99,GT::B99::0001::TOP_EXTRA,Top bars -extra,True,11D0420,LINE,True,BAR::SYN::B99::11D0420,True,B99,True,ANN-1e734cff,True,LDR::C317406A,True,False,TOP_EXTRA,UNKNOWN,False,20,UNKNOWN,False,3.0,0.0,False,UNKNOWN,False,False,ROLE_RESOLUTION,role_missing_role,HIGH
B99,GT::B99::0002::TOP_EXTRA,Top bars -extra,True,11D0420,LINE,True,BAR::SYN::B99::11D0420,True,B99,True,ANN-1e734cff,True,LDR::C317406A,True,False,TOP_EXTRA,UNKNOWN,False,25,UNKNOWN,False,3.0,0.0,False,UNKNOWN,False,False,ROLE_RESOLUTION,role_missing_role,HIGH
B99,GT::B99::0003::BOTTOM_MAIN,Bottom bars,True,11D0420,LINE,True,BAR::SYN::B99::11D0420,True,B99,True,ANN-1e734cff,True,LDR::C317406A,True,False,BOTTOM_MAIN,UNKNOWN,False,20,UNKNOWN,False,3.0,0.0,False,UNKNOWN,False,False,ROLE_RESOLUTION,role_missing_role,HIGH
B99,GT::B99::0004::STIRRUP,Stirupps,True,11D0420,LINE,True,BAR::SYN::B99::11D0420,True,B99,True,ANN-03ccfc60,False,UNKNOWN,False,True,STIRRUP,STIRRUP,True,10,10,True,50.0,50.0,True,R13-B99-STIRRUP-8d6171,True,False,NO_FAILURE,excel_semantic_match,HIGH
B99,GT::B99::0005::STIRRUP_HOOK,C - Hook,True,11D0420,LINE,True,BAR::SYN::B99::11D0420,True,B99,True,ANN-03ccfc60,False,UNKNOWN,False,True,STIRRUP_HOOK,STIRRUP,True,10,10,True,50.0,50.0,True,R13-B99-STIRRUP-8d6171,False,False,LEADER_CHAIN,leader_broken_chain,MEDIUM
B99,GT::B99::0006::SPACER_BAR,Spacer bars,True,11D0420,LINE,True,BAR::SYN::B99::11D0420,True,B99,True,ANN-03ccfc60,False,UNKNOWN,False,False,SPACER_BAR,UNKNOWN,False,25,UNKNOWN,False,4.0,0.0,False,UNKNOWN,False,False,LEADER_CHAIN,leader_broken_chain,MEDIUM
B99A,GT::B99A::0000::TOP_MAIN,Top bars,True,12481D7,LINE,True,BAR::CC378CFE,True,B99A,True,ANN-739ba2c3,False,UNKNOWN,False,True,TOP_MAIN,TOP_MAIN,True,25,25,True,4.0,4.0,True,R13-B99A-TOP_MAIN-4f2131,True,False,NO_FAILURE,excel_semantic_match,HIGH
B99A,GT::B99A::0001::BOTTOM_MAIN,Bottom bars,True,12481D7,LINE,True,BAR::CC378CFE,True,B99A,True,ANN-739ba2c3,False,UNKNOWN,False,False,BOTTOM_MAIN,UNKNOWN,False,25,UNKNOWN,False,4.0,0.0,False,UNKNOWN,False,False,LEADER_CHAIN,leader_broken_chain,MEDIUM
B99A,GT::B99A::0002::STIRRUP,Stirupps,True,12481D7,LINE,True,BAR::CC378CFE,True,B99A,True,ANN-739ba2c3,False,UNKNOWN,False,True,STIRRUP,STIRRUP,True,10,10,True,22.0,22.0,True,R13-B99A-STIRRUP-6bd1a6,True,False,NO_FAILURE,excel_semantic_match,HIGH
B99A,GT::B99A::0003::STIRRUP_HOOK,C - Hook,True,12481D7,LINE,True,BAR::CC378CFE,True,B99A,True,ANN-739ba2c3,False,UNKNOWN,False,True,STIRRUP_HOOK,STIRRUP,True,10,10,True,22.0,22.0,True,R13-B99A-STIRRUP-6bd1a6,False,False,LEADER_CHAIN,leader_broken_chain,MEDIUM
