  0
SECTION
  2
HEADER
  9
$ACADVER
  1
AC1032
  9
$ACADMAINTVER
 90
      378
  9
$DWGCODEPAGE
  3
ANSI_1252
  9
$LASTSAVEDBY
  1
Hemanth.s
  9
$REQUIREDVERSIONS
160
                 0
  9
$INSBASE
 10
0.0
 20
0.0
 30
0.0
  9
$EXTMIN
 10
-5861.861050144304
 20
1698.595894318074
 30
-0.000037566151812
  9
$EXTMAX
 10
43123.04408805491
 20
58232.90222783648
 30
0.0000751415548904
  9
$LIMMIN
 10
0.0
 20
0.0
  9
$LIMMAX
 10
420.0
 20
297.0
  9
$ORTHOMODE
 70
     0
  9
$REGENMODE
 70
     1
  9
$FILLMODE
 70
     1
  9
$QTEXTMODE
 70
     0
  9
$MIRRTEXT
 70
     0
  9
$LTSCALE
 40
1.0
  9
$ATTMODE
 70
     1
  9
$TEXTSIZE
 40
2.5
  9
$TRACEWID
 40
1.0
  9
$TEXTSTYLE
  7
Standard
  9
$CLAYER
  8
0
  9
$CELTYPE
  6
ByLayer
  9
$CECOLOR
 62
   256
  9
$CELTSCALE
 40
1.0
  9
$DISPSILH
 70
     0
  9
$DIMSCALE
 40
1.0
  9
$DIMASZ
 40
2.5
  9
$DIMEXO
 40
0.625
  9
$DIMDLI
 40
3.75
  9
$DIMRND
 40
0.0
  9
$DIMDLE
 40
0.0
  9
$DIMEXE
 40
1.25
  9
$DIMTP
 40
0.0
  9
$DIMTM
 40
0.0
  9
$DIMTXT
 40
2.5
  9
$DIMCEN
 40
2.5
  9
$DIMTSZ
 40
0.0
  9
$DIMTOL
 70
     0
  9
$DIMLIM
 70
     0
  9
$DIMTIH
 70
     0
  9
$DIMTOH
 70
     0
  9
$DIMSE1
 70
     0
  9
$DIMSE2
 70
     0
  9
$DIMTAD
 70
     1
  9
$DIMZIN
 70
     8
  9
$DIMBLK
  1

  9
$DIMASO
 70
     1
  9
$DIMSHO
 70
     1
  9
$DIMPOST
  1

  9
$DIMAPOST
  1

  9
$DIMALT
 70
     0
  9
$DIMALTD
 70
     3
  9
$DIMALTF
 40
0.03937007874016
  9
$DIMLFAC
 40
1.0
  9
$DIMTOFL
 70
     1
  9
$DIMTVP
 40
0.0
  9
$DIMTIX
 70
     0
  9
$DIMSOXD
 70
     0
  9
$DIMSAH
 70
     0
  9
$DIMBLK1
  1

  9
$DIMBLK2
  1

  9
$DIMSTYLE
  2
ISO-25
  9
$DIMCLRD
 70
     0
  9
$DIMCLRE
 70
     0
  9
$DIMCLRT
 70
     0
  9
$DIMTFAC
 40
1.0
  9
$DIMGAP
 40
0.625
  9
$DIMJUST
 70
     0
  9
$DIMSD1
 70
     0
  9
$DIMSD2
 70
     0
  9
$DIMTOLJ
 70
     0
  9
$DIMTZIN
 70
     8
  9
$DIMALTZ
 70
     0
  9
$DIMALTTZ
 70
     0
  9
$DIMUPT
 70
     0
  9
$DIMDEC
 70
     2
  9
$DIMTDEC
 70
     2
  9
$DIMALTU
 70
     2
  9
$DIMALTTD
 70
     3
  9
$DIMTXSTY
  7
Standard
  9
$DIMAUNIT
 70
     0
  9
$DIMADEC
 70
     0
  9
$DIMALTRND
 40
0.0
  9
$DIMAZIN
 70
     0
  9
$DIMDSEP
 70
    44
  9
$DIMATFIT
 70
     3
  9
$DIMFRAC
 70
     0
  9
$DIMLDRBLK
  1

  9
$DIMLUNIT
 70
     2
  9
$DIMLWD
 70
    -2
  9
$DIMLWE
 70
    -2
  9
$DIMTMOVE
 70
     0
  9
$DIMFXL
 40
1.0
  9
$DIMFXLON
 70
     0
  9
$DIMJOGANG
 40
0.7853981633974483
  9
$DIMTFILL
 70
     0
  9
$DIMTFILLCLR
 70
     0
  9
$DIMARCSYM
 70
     0
  9
$DIMLTYPE
  6

  9
$DIMLTEX1
  6

  9
$DIMLTEX2
  6

  9
$DIMTXTDIRECTION
 70
     0
  9
$LUNITS
 70
     2
  9
$LUPREC
 70
     4
  9
$SKETCHINC
 40
1.0
  9
$FILLETRAD
 40
0.0
  9
$AUNITS
 70
     0
  9
$AUPREC
 70
     0
  9
$MENU
  1
.
  9
$ELEVATION
 40
0.0
  9
$PELEVATION
 40
0.0
  9
$THICKNESS
 40
0.0
  9
$LIMCHECK
 70
     0
  9
$CHAMFERA
 40
0.0
  9
$CHAMFERB
 40
0.0
  9
$CHAMFERC
 40
0.0
  9
$CHAMFERD
 40
0.0
  9
$SKPOLY
 70
     0
  9
$TDCREATE
 40
2461218.544050926
  9
$TDUCREATE
 40
2461218.314884260
  9
$TDUPDATE
 40
2461221.460833333
  9
$TDUUPDATE
 40
2461221.231666666
  9
$TDINDWG
 40
0.0015856481
  9
$TDUSRTIMER
 40
0.0015856481
  9
$USRTIMER
 70
     1
  9
$ANGBASE
 50
0.0
  9
$ANGDIR
 70
     0
  9
$PDMODE
 70
     0
  9
$PDSIZE
 40
0.0
  9
$PLINEWID
 40
0.0
  9
$SPLFRAME
 70
     0
  9
$SPLINETYPE
 70
     6
  9
$SPLINESEGS
 70
     8
  9
$HANDSEED
  5
A08
  9
$SURFTAB1
 70
     6
  9
$SURFTAB2
 70
     6
  9
$SURFTYPE
 70
     6
  9
$SURFU
 70
     6
  9
$SURFV
 70
     6
  9
$UCSBASE
  2

  9
$UCSNAME
  2

  9
$UCSORG
 10
0.0
 20
0.0
 30
0.0
  9
$UCSXDIR
 10
1.0
 20
0.0
 30
0.0
  9
$UCSYDIR
 10
0.0
 20
1.0
 30
0.0
  9
$UCSORTHOREF
  2

  9
$UCSORTHOVIEW
 70
     0
  9
$UCSORGTOP
 10
0.0
 20
0.0
 30
0.0
  9
$UCSORGBOTTOM
 10
0.0
 20
0.0
 30
0.0
  9
$UCSORGLEFT
 10
0.0
 20
0.0
 30
0.0
  9
$UCSORGRIGHT
 10
0.0
 20
0.0
 30
0.0
  9
$UCSORGFRONT
 10
0.0
 20
0.0
 30
0.0
  9
$UCSORGBACK
 10
0.0
 20
0.0
 30
0.0
  9
$PUCSBASE
  2

  9
$PUCSNAME
  2

  9
$PUCSORG
 10
0.0
 20
0.0
 30
0.0
  9
$PUCSXDIR
 10
1.0
 20
0.0
 30
0.0
  9
$PUCSYDIR
 10
0.0
 20
1.0
 30
0.0
  9
$PUCSORTHOREF
  2

  9
$PUCSORTHOVIEW
 70
     0
  9
$PUCSORGTOP
 10
0.0
 20
0.0
 30
0.0
  9
$PUCSORGBOTTOM
 10
0.0
 20
0.0
 30
0.0
  9
$PUCSORGLEFT
 10
0.0
 20
0.0
 30
0.0
  9
$PUCSORGRIGHT
 10
0.0
 20
0.0
 30
0.0
  9
$PUCSORGFRONT
 10
0.0
 20
0.0
 30
0.0
  9
$PUCSORGBACK
 10
0.0
 20
0.0
 30
0.0
  9
$USERI1
 70
     0
  9
$USERI2
 70
     0
  9
$USERI3
 70
     0
  9
$USERI4
 70
     0
  9
$USERI5
 70
     0
  9
$USERR1
 40
0.0
  9
$USERR2
 40
0.0
  9
$USERR3
 40
0.0
  9
$USERR4
 40
0.0
  9
$USERR5
 40
0.0
  9
$WORLDVIEW
 70
     1
  9
$SHADEDGE
 70
     3
  9
$SHADEDIF
 70
    70
  9
$TILEMODE
 70
     1
  9
$MAXACTVP
 70
    64
  9
$PINSBASE
 10
0.0
 20
0.0
 30
0.0
  9
$PLIMCHECK
 70
     0
  9
$PEXTMIN
 10
0.0
 20
0.0
 30
0.0
  9
$PEXTMAX
 10
0.0
 20
0.0
 30
0.0
  9
$PLIMMIN
 10
0.0
 20
0.0
  9
$PLIMMAX
 10
12.0
 20
9.0
  9
$UNITMODE
 70
     0
  9
$VISRETAIN
 70
     1
  9
$PLINEGEN
 70
     0
  9
$PSLTSCALE
 70
     1
  9
$TREEDEPTH
 70
  3020
  9
$CMLSTYLE
  2
Standard
  9
$CMLJUST
 70
     0
  9
$CMLSCALE
 40
20.0
  9
$PROXYGRAPHICS
 70
     1
  9
$MEASUREMENT
 70
     1
  9
$CELWEIGHT
370
    -1
  9
$ENDCAPS
280
     0
  9
$JOINSTYLE
280
     0
  9
$LWDISPLAY
290
     0
  9
$INSUNITS
 70
     4
  9
$HYPERLINKBASE
  1

  9
$STYLESHEET
  1

  9
$XEDIT
290
     1
  9
$CEPSNTYPE
380
     0
  9
$PSTYLEMODE
290
     1
  9
$FINGERPRINTGUID
  2
{5F1C037C-1A61-A94F-9C68-3929B27F8231}
  9
$VERSIONGUID
  2
{BE3A315F-8863-8C4F-852B-1D9C9CA66F5C}
  9
$EXTNAMES
290
     1
  9
$PSVPSCALE
 40
0.0
  9
$OLESTARTUP
290
     0
  9
$SORTENTS
280
   127
  9
$INDEXCTL
280
     0
  9
$HIDETEXT
280
     1
  9
$XCLIPFRAME
280
     2
  9
$HALOGAP
280
     0
  9
$OBSCOLOR
 70
   257
  9
$OBSLTYPE
280
     0
  9
$INTERSECTIONDISPLAY
280
     0
  9
$INTERSECTIONCOLOR
 70
   257
  9
$DIMASSOC
280
     2
  9
$PROJECTNAME
  1

  9
$CAMERADISPLAY
290
     0
  9
$LENSLENGTH
 40
50.0
  9
$CAMERAHEIGHT
 40
0.0
  9
$STEPSPERSEC
 40
2.0
  9
$STEPSIZE
 40
6.0
  9
$3DDWFPREC
 40
2.0
  9
$PSOLWIDTH
 40
5.0
  9
$PSOLHEIGHT
 40
80.0
  9
$LOFTANG1
 40
1.570796326794896
  9
$LOFTANG2
 40
1.570796326794896
  9
$LOFTMAG1
 40
0.0
  9
$LOFTMAG2
 40
0.0
  9
$LOFTPARAM
 70
     7
  9
$LOFTNORMALS
280
     1
  9
$LATITUDE
 40
37.795
  9
$LONGITUDE
 40
-122.394
  9
$NORTHDIRECTION
 40
0.0
  9
$TIMEZONE
 70
 -8000
  9
$LIGHTGLYPHDISPLAY
280
     1
  9
$TILEMODELIGHTSYNCH
280
     1
  9
$CMATERIAL
347
EC
  9
$SOLIDHIST
280
     0
  9
$SHOWHIST
280
     1
  9
$DWFFRAME
280
     2
  9
$DGNFRAME
280
     0
  9
$REALWORLDSCALE
290
     1
  9
$INTERFERECOLOR
 62
     1
  9
$INTERFEREOBJVS
345
F9
  9
$INTERFEREVPVS
346
F6
  9
$CSHADOW
280
     0
  9
$SHADOWPLANELOCATION
 40
0.0
  0
ENDSEC
  0
SECTION
  2
CLASSES
  0
CLASS
  1
ACDBDICTIONARYWDFLT
  2
AcDbDictionaryWithDefault
  3
ObjectDBX Classes
 90
        0
 91
        1
280
     0
281
     0
  0
CLASS
  1
DICTIONARYVAR
  2
AcDbDictionaryVar
  3
ObjectDBX Classes
 90
        0
 91
       25
280
     0
281
     0
  0
CLASS
  1
TABLESTYLE
  2
AcDbTableStyle
  3
ObjectDBX Classes
 90
     4095
 91
        1
280
     0
281
     0
  0
CLASS
  1
MATERIAL
  2
AcDbMaterial
  3
ObjectDBX Classes
 90
     1153
 91
        3
280
     0
281
     0
  0
CLASS
  1
VISUALSTYLE
  2
AcDbVisualStyle
  3
ObjectDBX Classes
 90
     4095
 91
       24
280
     0
281
     0
  0
CLASS
  1
SCALE
  2
AcDbScale
  3
ObjectDBX Classes
 90
     1153
 91
       17
280
     0
281
     0
  0
CLASS
  1
MLEADERSTYLE
  2
AcDbMLeaderStyle
  3
ACDB_MLEADERSTYLE_CLASS
 90
     4095
 91
        2
280
     0
281
     0
  0
CLASS
  1
CELLSTYLEMAP
  2
AcDbCellStyleMap
  3
ObjectDBX Classes
 90
     1152
 91
        1
280
     0
281
     0
  0
CLASS
  1
EXACXREFPANELOBJECT
  2
ExAcXREFPanelObject
  3
EXAC_ESW
 90
     1025
 91
        0
280
     0
281
     0
  0
CLASS
  1
NPOCOLLECTION
  2
AcDbImpNonPersistentObjectsCollection
  3
ObjectDBX Classes
 90
     1153
 91
        0
280
     0
281
     0
  0
CLASS
  1
LAYER_INDEX
  2
AcDbLayerIndex
  3
ObjectDBX Classes
 90
        0
 91
        0
280
     0
281
     0
  0
CLASS
  1
SPATIAL_INDEX
  2
AcDbSpatialIndex
  3
ObjectDBX Classes
 90
        0
 91
        0
280
     0
281
     0
  0
CLASS
  1
IDBUFFER
  2
AcDbIdBuffer
  3
ObjectDBX Classes
 90
        0
 91
        0
280
     0
281
     0
  0
CLASS
  1
ACDBSECTIONVIEWSTYLE
  2
AcDbSectionViewStyle
  3
ObjectDBX Classes
 90
     1025
 91
        1
280
     0
281
     0
  0
CLASS
  1
ACDBDETAILVIEWSTYLE
  2
AcDbDetailViewStyle
  3
ObjectDBX Classes
 90
     1025
 91
        1
280
     0
281
     0
  0
CLASS
  1
ACAD_EVALUATION_GRAPH
  2
AcDbEvalGraph
  3
ObjectDBX Classes
 90
     1153
 91
        1
280
     0
281
     0
  0
CLASS
  1
BLOCKLINEARPARAMETER
  2
AcDbBlockLinearParameter
  3
ObjectDBX Classes
 90
     1153
 91
        2
280
     0
281
     0
  0
CLASS
  1
BLOCKLINEARGRIP
  2
AcDbBlockLinearGrip
  3
ObjectDBX Classes
 90
     1153
 91
        1
280
     0
281
     0
  0
CLASS
  1
BLOCKGRIPLOCATIONCOMPONENT
  2
AcDbBlockGripExpr
  3
ObjectDBX Classes
 90
     1153
 91
        4
280
     0
281
     0
  0
CLASS
  1
BLOCKROTATIONPARAMETER
  2
AcDbBlockRotationParameter
  3
ObjectDBX Classes
 90
     1153
 91
        1
280
     0
281
     0
  0
CLASS
  1
BLOCKROTATIONGRIP
  2
AcDbBlockRotationGrip
  3
ObjectDBX Classes
 90
     1153
 91
        1
280
     0
281
     0
  0
CLASS
  1
BLOCKSTRETCHACTION
  2
AcDbBlockStretchAction
  3
ObjectDBX Classes
 90
     1153
 91
        1
280
     0
281
     0
  0
CLASS
  1
BLOCKSCALEACTION
  2
AcDbBlockScaleAction
  3
ObjectDBX Classes
 90
     1153
 91
        1
280
     0
281
     0
  0
CLASS
  1
BLOCKROTATEACTION
  2
AcDbBlockRotateAction
  3
ObjectDBX Classes
 90
     1153
 91
        1
280
     0
281
     0
  0
CLASS
  1
BLOCKBASEPOINTPARAMETER
  2
AcDbBlockBasepointParameter
  3
ObjectDBX Classes
 90
     1153
 91
        1
280
     0
281
     0
  0
CLASS
  1
SORTENTSTABLE
  2
AcDbSortentsTable
  3
ObjectDBX Classes
 90
        0
 91
        8
280
     0
281
     0
  0
CLASS
  1
ACDB_DYNAMICBLOCKPURGEPREVENTER_VERSION
  2
AcDbDynamicBlockPurgePreventer
  3
ObjectDBX Classes
 90
     1153
 91
        1
280
     0
281
     0
  0
CLASS
  1
ARC_DIMENSION
  2
AcDbArcDimension
  3
ObjectDBX Classes
 90
     1025
 91
        3
280
     0
281
     1
  0
CLASS
  1
DIMASSOC
  2
AcDbDimAssoc
  3
"AcDbDimAssoc|Product Desc:     AcDim ARX App For Dimension|Company:          Autodesk, Inc.|WEB Address:      www.autodesk.com"
 90
        0
 91
       24
280
     0
281
     0
  0
CLASS
  1
ACDB_BLOCKREPRESENTATION_DATA
  2
AcDbBlockRepresentationData
  3
ObjectDBX Classes
 90
     1153
 91
        2
280
     0
281
     0
  0
ENDSEC
  0
SECTION
  2
TABLES
  0
TABLE
  2
VPORT
  5
8
330
0
100
AcDbSymbolTable
 70
     1
  0
VPORT
  5
EA
330
8
100
AcDbSymbolTableRecord
100
AcDbViewportTableRecord
  2
*Active
 70
     0
 10
0.0
 20
0.0
 11
1.0
 21
1.0
 12
37805.06794563988
 22
14073.8396644353
 13
0.0
 23
0.0
 14
10.0
 24
10.0
 15
10.0
 25
10.0
 16
0.0
 26
0.0
 36
1.0
 17
0.0
 27
0.0
 37
0.0
 40
106130.5750566271
 41
2.333333333333333
 42
50.0
 43
0.0
 44
0.0
 50
0.0
 51
0.0
 71
     0
 72
  1000
 73
     1
 74
     3
 75
     0
 76
     1
 77
     0
 78
     0
281
     0
 65
     1
110
0.0
120
0.0
130
0.0
111
1.0
121
0.0
131
0.0
112
0.0
122
1.0
132
0.0
 79
     0
146
0.0
348
F5
 60
     3
 61
     5
292
     1
282
     1
141
0.0
142
0.0
 63
   250
421
  3355443
1001
ACAD_NAV_VCDISPLAY
1070
     3
  0
ENDTAB
  0
TABLE
  2
LTYPE
  5
5
330
0
100
AcDbSymbolTable
 70
     8
  0
LTYPE
  5
14
330
5
100
AcDbSymbolTableRecord
100
AcDbLinetypeTableRecord
  2
ByBlock
 70
     0
  3

 72
    65
 73
     0
 40
0.0
  0
LTYPE
  5
15
330
5
100
AcDbSymbolTableRecord
100
AcDbLinetypeTableRecord
  2
ByLayer
 70
     0
  3

 72
    65
 73
     0
 40
0.0
  0
LTYPE
  5
16
330
5
100
AcDbSymbolTableRecord
100
AcDbLinetypeTableRecord
  2
Continuous
 70
     0
  3
Solid line
 72
    65
 73
     0
 40
0.0
  0
LTYPE
  5
8EC
330
5
100
AcDbSymbolTableRecord
100
AcDbLinetypeTableRecord
  2
DASHED
 70
     0
  3
Dashed __ __ __ __ __ __ __ __ __ __ __ __ __ _
 72
    65
 73
     2
 40
0.75
 49
0.5
 74
     0
 49
-0.25
 74
     0
  0
LTYPE
  5
8ED
330
5
100
AcDbSymbolTableRecord
100
AcDbLinetypeTableRecord
  2
ACAD_ISO14W100
 70
     0
  3
ISO dash triple-dot __ . . . __ . . . __ . . . 
 72
    65
 73
     8
 40
25.5
 49
12.0
 74
     0
 49
-3.0
 74
     0
 49
0.5
 74
     0
 49
-3.0
 74
     0
 49
0.5
 74
     0
 49
-3.0
 74
     0
 49
0.5
 74
     0
 49
-3.0
 74
     0
  0
LTYPE
  5
8EE
330
5
100
AcDbSymbolTableRecord
100
AcDbLinetypeTableRecord
  2
HIDDEN
 70
     0
  3
Hidden __ __ __ __ __ __ __ __ __ __ __ __ __ _
 72
    65
 73
     2
 40
9.524999999999998
 49
6.349999999999999
 74
     0
 49
-3.174999999999999
 74
     0
  0
LTYPE
  5
8EF
330
5
100
AcDbSymbolTableRecord
100
AcDbLinetypeTableRecord
  2
CONTINOUS
 70
     0
  3
Solid line
 72
    65
 73
     0
 40
0.0
  0
LTYPE
  5
8F0
330
5
100
AcDbSymbolTableRecord
100
AcDbLinetypeTableRecord
  2
DASHED2
 70
     0
  3
Dashed (.5x) _ _ _ _ _ _ _ _ _ _ _ _ _ _ _ _ _
 72
    65
 73
     2
 40
0.375
 49
0.25
 74
     0
 49
-0.125
 74
     0
  0
LTYPE
  5
8F1
330
5
100
AcDbSymbolTableRecord
100
AcDbLinetypeTableRecord
  2
ACAD_ISO10W100
 70
     0
  3
ISO dash dot __ . __ . __ . __ . __ . __ . __ .
 72
    65
 73
     4
 40
18.0
 49
12.0
 74
     0
 49
-3.0
 74
     0
 49
0.0
 74
     0
 49
-3.0
 74
     0
  0
LTYPE
  5
8F2
330
5
100
AcDbSymbolTableRecord
100
AcDbLinetypeTableRecord
  2
Overhead
 70
     0
  3

 72
    65
 73
     2
 40
3.96875
 49
2.38125
 74
     0
 49
-1.587499999999999
 74
     0
  0
ENDTAB
  0
TABLE
  2
LAYER
  5
2
102
{ACAD_XDICTIONARY
360
1FF
102
}
330
0
100
AcDbSymbolTable
 70
    33
  0
LAYER
  5
10
102
{ACAD_XDICTIONARY
360
13C
102
}
330
2
100
AcDbSymbolTableRecord
100
AcDbLayerTableRecord
  2
0
 70
     0
 62
     7
  6
Continuous
370
    -3
390
F
347
EE
348
0
  0
LAYER
  5
8F3
330
2
100
AcDbSymbolTableRecord
100
AcDbLayerTableRecord
  2
Defpoints
 70
     0
 62
    -3
  6
Continuous
290
     0
370
    -3
390
F
347
EE
348
0
  0
LAYER
  5
8F4
330
2
100
AcDbSymbolTableRecord
100
AcDbLayerTableRecord
  2
Hatch
 70
     0
 62
     8
  6
Continuous
370
    -3
390
F
347
EE
348
0
  0
LAYER
  5
8F5
330
2
100
AcDbSymbolTableRecord
100
AcDbLayerTableRecord
  2
S- Structural
 70
     0
 62
     5
  6
Continuous
370
    -3
390
F
347
EE
348
0
1001
AcAecLayerStandard
1000

1000

1001
AcCmTransparency
1071
        0
  0
LAYER
  5
8F6
330
2
100
AcDbSymbolTableRecord
100
AcDbLayerTableRecord
  2
Hidden
 70
     0
 62
     8
  6
HIDDEN
370
    -3
390
F
347
EE
348
0
1001
AcAecLayerStandard
1000

1000

1001
AcCmTransparency
1071
        0
  0
LAYER
  5
8F7
330
2
100
AcDbSymbolTableRecord
100
AcDbLayerTableRecord
  2
Staircase
 70
     0
 62
    14
  6
Continuous
370
    -3
390
F
347
EE
348
0
1001
AcAecLayerStandard
1000

1000

1001
AcCmTransparency
1071
        0
  0
LAYER
  5
8F8
102
{ACAD_XDICTIONARY
360
8F9
102
}
330
2
100
AcDbSymbolTableRecord
100
AcDbLayerTableRecord
  2
Wall
 70
     0
 62
     2
  6
Continuous
370
    40
390
F
347
EE
348
0
1001
AcAecLayerStandard
1000

1000

  0
LAYER
  5
8FA
330
2
100
AcDbSymbolTableRecord
100
AcDbLayerTableRecord
  2
Dimension
 70
     0
 62
     6
  6
Continuous
370
    -3
390
F
347
EE
348
0
1001
AcAecLayerStandard
1000

1000

1001
AcCmTransparency
1071
        0
  0
LAYER
  5
8FB
330
2
100
AcDbSymbolTableRecord
100
AcDbLayerTableRecord
  2
Arch-Comments
 70
     0
 62
    30
  6
Continuous
290
     0
370
    -3
390
F
347
EE
348
0
1001
AcAecLayerStandard
1000

1000

1001
AcCmTransparency
1071
        0
  0
LAYER
  5
8FC
330
2
100
AcDbSymbolTableRecord
100
AcDbLayerTableRecord
  2
Grids
 70
     0
 62
   252
  6
ACAD_ISO10W100
370
     5
390
F
347
EE
348
0
1001
AcAecLayerStandard
1000

1000

1001
AcCmTransparency
1071
        0
  0
LAYER
  5
8FD
330
2
100
AcDbSymbolTableRecord
100
AcDbLayerTableRecord
  2
Elevation-1
 70
     0
 62
    41
  6
Continuous
370
    20
390
F
347
EE
348
0
1001
AcAecLayerStandard
1000

1000

1001
AcCmTransparency
1071
        0
  0
LAYER
  5
8FE
330
2
100
AcDbSymbolTableRecord
100
AcDbLayerTableRecord
  2
S-COLUMN
 70
     0
 62
     6
  6
Continuous
370
     9
390
F
347
EE
348
0
1001
AcAecLayerStandard
1000

1000

1001
AcCmTransparency
1071
        0
  0
LAYER
  5
8FF
102
{ACAD_XDICTIONARY
360
900
102
}
330
2
100
AcDbSymbolTableRecord
100
AcDbLayerTableRecord
  2
STR-RC WALL
 70
     0
 62
     4
  6
Continuous
370
    -3
390
F
347
EE
348
0
1001
AcAecLayerStandard
1000

1000

1001
AcCmTransparency
1071
        0
  0
LAYER
  5
901
330
2
100
AcDbSymbolTableRecord
100
AcDbLayerTableRecord
  2
S-COL HATCH
 70
     0
 62
     8
  6
Continuous
370
     0
390
F
347
EE
348
0
1001
AcAecLayerStandard
1000

1000

1001
AcCmTransparency
1071
        0
  0
LAYER
  5
902
330
2
100
AcDbSymbolTableRecord
100
AcDbLayerTableRecord
  2
Structural
 70
     0
 62
     5
  6
Continuous
370
    -3
390
F
347
EE
348
0
1001
AcAecLayerStandard
1000

1000

1001
AcCmTransparency
1071
        0
  0
LAYER
  5
903
330
2
100
AcDbSymbolTableRecord
100
AcDbLayerTableRecord
  2
STR-CUTOUT
 70
     0
 62
     1
  6
Continuous
370
    13
390
F
347
EE
348
0
1001
AcAecLayerStandard
1000

1000

1001
AcCmTransparency
1071
        0
  0
LAYER
  5
904
330
2
100
AcDbSymbolTableRecord
100
AcDbLayerTableRecord
  2
STR-BEAM
 70
     0
 62
     2
  6
CONTINOUS
370
    18
390
F
347
EE
348
0
1001
AcAecLayerStandard
1000

1000

1001
AcCmTransparency
1071
        0
  0
LAYER
  5
905
330
2
100
AcDbSymbolTableRecord
100
AcDbLayerTableRecord
  2
STR-LEVEL TEXT
 70
     0
 62
   110
  6
Continuous
370
    30
390
F
347
EE
348
0
1001
AcAecLayerStandard
1000

1000

1001
AcCmTransparency
1071
        0
  0
LAYER
  5
906
330
2
100
AcDbSymbolTableRecord
100
AcDbLayerTableRecord
  2
STR-BEAM NO.
 70
     0
 62
    30
  6
Continuous
370
    25
390
F
347
EE
348
0
1001
AcAecLayerStandard
1000

1000

1001
AcCmTransparency
1071
        0
  0
LAYER
  5
907
330
2
100
AcDbSymbolTableRecord
100
AcDbLayerTableRecord
  2
S-BEAM-IDEN
 70
     0
 62
     2
  6
Continuous
370
     9
390
F
347
EE
348
0
  0
LAYER
  5
908
330
2
100
AcDbSymbolTableRecord
100
AcDbLayerTableRecord
  2
S-BALCONY HATCH
 70
     0
 62
    55
  6
Continuous
370
     5
390
F
347
EE
348
0
1001
AcAecLayerStandard
1000

1000

1001
AcCmTransparency
1071
        0
  0
LAYER
  5
909
330
2
100
AcDbSymbolTableRecord
100
AcDbLayerTableRecord
  2
S - SLAB TXT
 70
     0
 62
     2
  6
Continuous
370
    13
390
F
347
EE
348
0
1001
AcAecLayerStandard
1000

1000

1001
AcCmTransparency
1071
        0
1001
RAK
1000
{ACET-LAYISO
1070
     0
1070
     2
1000
Continuous
1071
       13
1071
        1
1005
F
1000
ACET-LAYISO}
  0
LAYER
  5
90A
330
2
100
AcDbSymbolTableRecord
100
AcDbLayerTableRecord
  2
slab thk box
 70
     0
 62
     8
  6
Continuous
370
    15
390
F
347
EE
348
0
1001
AcAecLayerStandard
1000

1000

1001
AcCmTransparency
1071
        0
1001
RAK
1000
{ACET-LAYISO
1070
     0
1070
     8
1000
Continuous
1071
       -3
1071
        1
1005
F
1000
ACET-LAYISO}
  0
LAYER
  5
90B
330
2
100
AcDbSymbolTableRecord
100
AcDbLayerTableRecord
  2
G-ANNO-SYMB
 70
     0
 62
   111
  6
Continuous
370
     9
390
F
347
EE
348
0
  0
LAYER
  5
90C
330
2
100
AcDbSymbolTableRecord
100
AcDbLayerTableRecord
  2
G-ANNO-TEXT
 70
     0
 62
     7
  6
Continuous
370
    18
390
F
347
EE
348
0
  0
LAYER
  5
90D
330
2
100
AcDbSymbolTableRecord
100
AcDbLayerTableRecord
  2
BEAM
 70
     0
 62
     7
  6
Continuous
370
    -3
390
F
347
EE
348
0
1001
RAK
1000
{ACET-LAYISO
1070
     2
1070
     7
1000
HIDDEN
1071
       -3
1071
        1
1005
F
1000
ACET-LAYISO}
  0
LAYER
  5
90E
102
{ACAD_XDICTIONARY
360
90F
102
}
330
2
100
AcDbSymbolTableRecord
100
AcDbLayerTableRecord
  2
PL-CUT OUT
 70
     0
 62
     1
  6
Continuous
370
    25
390
F
347
EE
348
0
1001
AcAecLayerStandard
1000

1000

  0
LAYER
  5
910
330
2
100
AcDbSymbolTableRecord
100
AcDbLayerTableRecord
  2
FF-PENDENT SPRINKLER 68DEG
 70
     0
 62
   222
  6
Continuous
370
    -3
390
F
347
EE
348
0
1001
AcAecLayerStandard
1000

1000

1001
AcCmTransparency
1071
        0
  0
LAYER
  5
911
102
{ACAD_XDICTIONARY
360
912
102
}
330
2
100
AcDbSymbolTableRecord
100
AcDbLayerTableRecord
  2
FIRE-25 DIA
 70
     0
 62
     1
  6
CONTINOUS
370
    -3
390
F
347
EE
348
0
1001
AcAecLayerStandard
1000

1000

1001
RAK
1000
{ACET-LAYISO
1070
     0
1070
    25
1000
Continuous
1071
       -3
1071
        1
1005
F
1000
ACET-LAYISO}
  0
LAYER
  5
913
102
{ACAD_XDICTIONARY
360
914
102
}
330
2
100
AcDbSymbolTableRecord
100
AcDbLayerTableRecord
  2
FIRE
 70
     0
 62
     1
  6
Continuous
370
    -3
390
F
347
EE
348
0
  0
LAYER
  5
915
330
2
100
AcDbSymbolTableRecord
100
AcDbLayerTableRecord
  2
elec
 70
     0
 62
   141
  6
Continuous
370
    -3
390
F
347
EE
348
0
1001
AcAecLayerStandard
1000

1000

1001
AcCmTransparency
1071
        0
  0
LAYER
  5
916
330
2
100
AcDbSymbolTableRecord
100
AcDbLayerTableRecord
  2
FF-SLEEVE
 70
     0
 62
     1
  6
Continuous
370
    -3
390
F
347
EE
348
0
1001
AcAecLayerStandard
1000

1000

1001
AcCmTransparency
1071
        0
  0
LAYER
  5
917
330
2
100
AcDbSymbolTableRecord
100
AcDbLayerTableRecord
  2
S-COLUMN NO
 70
     0
 62
     6
  6
Continuous
370
    -3
390
F
347
EE
348
0
1001
AcAecLayerStandard
1000

1000

1001
RAK
1000
{ACET-LAYISO
1070
     0
1070
    11
1000
Continuous
1071
       -3
1071
        1
1005
F
1000
ACET-LAYISO}
  0
ENDTAB
  0
TABLE
  2
STYLE
  5
3
330
0
100
AcDbSymbolTable
 70
    12
  0
STYLE
  5
11
330
3
100
AcDbSymbolTableRecord
100
AcDbTextStyleTableRecord
  2
Standard
 70
     0
 40
0.0
 41
1.0
 50
0.0
 71
     0
 42
2.5
  3
arial.ttf
  4

1001
ACAD
1000
Arial
1071
       34
  0
STYLE
  5
132
330
3
100
AcDbSymbolTableRecord
100
AcDbTextStyleTableRecord
  2
Annotative
 70
     0
 40
0.0
 41
1.0
 50
0.0
 71
     0
 42
2.5
  3
arial.ttf
  4

1001
AcadAnnotative
1000
AnnotativeData
1002
{
1070
     1
1070
     1
1002
}
1001
ACAD
1000
Arial
1071
       34
  0
STYLE
  5
918
330
3
100
AcDbSymbolTableRecord
100
AcDbTextStyleTableRecord
  2
SOBHA SMALL
 70
     0
 40
0.0
 41
1.0
 50
0.0
 71
     0
 42
1739.12854215689
  3
arial.ttf
  4

1001
ACAD
1000
Arial
1071
       34
  0
STYLE
  5
919
330
3
100
AcDbSymbolTableRecord
100
AcDbTextStyleTableRecord
  2
SOBHA
 70
     0
 40
0.0
 41
1.0
 50
0.0
 71
     0
 42
2.5
  3
swisscl.ttf
  4

1001
ACAD
1000
Swis721 LtCn BT
1071
       34
  0
STYLE
  5
91A
330
3
100
AcDbSymbolTableRecord
100
AcDbTextStyleTableRecord
  2
Dim.s & Anno.(Misc.)
 70
     0
 40
0.0
 41
1.0
 50
0.0
 71
     0
 42
2.0
  3
ARIALN.TTF
  4

1001
ACAD
1000
Arial Narrow
1071
       34
  0
STYLE
  5
91B
330
3
100
AcDbSymbolTableRecord
100
AcDbTextStyleTableRecord
  2
ROMANS
 70
     0
 40
0.0
 41
0.75
 50
0.0
 71
     0
 42
0.5
  3
simplex.shx
  4

  0
STYLE
  5
91C
330
3
100
AcDbSymbolTableRecord
100
AcDbTextStyleTableRecord
  2
EL
 70
     0
 40
0.0
 41
1.0
 50
0.0
 71
     0
 42
2.5
  3
swisscl.ttf
  4

1001
ACAD
1000
Swis721 LtCn BT
1071
       34
  0
STYLE
  5
91D
330
3
100
AcDbSymbolTableRecord
100
AcDbTextStyleTableRecord
  2
S - GRID TXT
 70
     0
 40
0.0
 41
1.0
 50
0.0
 71
     0
 42
225.0
  3
ARIALN.TTF
  4

1001
ACAD
1000
Arial Narrow
1071
       34
  0
STYLE
  5
91E
330
3
100
AcDbSymbolTableRecord
100
AcDbTextStyleTableRecord
  2
Swis721 LtCn BT_B
 70
     0
 40
249.9999999999997
 41
0.9
 50
0.0
 71
     0
 42
0.2
  3

  4

1001
ACAD
1000
Swis721 LtCn BT
1071
 33554466
  0
STYLE
  5
91F
330
3
100
AcDbSymbolTableRecord
100
AcDbTextStyleTableRecord
  2
Swis721 LtCn BT_2
 70
     0
 40
244.9922958397534
 41
1.0
 50
0.0
 71
     0
 42
0.2
  3
swisscl.ttf
  4

1001
ACAD
1000
Swis721 LtCn BT
1071
       34
  0
STYLE
  5
920
330
3
100
AcDbSymbolTableRecord
100
AcDbTextStyleTableRecord
  2
MtXpl_Symbol
 70
     0
 40
0.0
 41
1.0
 50
0.0
 71
     0
 42
350.0
  3
symbol.ttf
  4

1001
ACAD
1000
Symbol
1071
      530
  0
STYLE
  5
921
330
3
100
AcDbSymbolTableRecord
100
AcDbTextStyleTableRecord
  2
Swis721 LtCn BT_14
 70
     0
 40
2.5
 41
1.0
 50
0.0
 71
     0
 42
0.2
  3
swisscl.ttf
  4

1001
ACAD
1000
Swis721 LtCn BT
1071
       34
  0
ENDTAB
  0
TABLE
  2
VIEW
  5
6
330
0
100
AcDbSymbolTable
 70
     0
  0
ENDTAB
  0
TABLE
  2
UCS
  5
7
330
0
100
AcDbSymbolTable
 70
     0
  0
ENDTAB
  0
TABLE
  2
APPID
  5
9
330
0
100
AcDbSymbolTable
 70
    24
  0
APPID
  5
12
330
9
100
AcDbSymbolTableRecord
100
AcDbRegAppTableRecord
  2
ACAD
 70
     0
  0
APPID
  5
9E
330
9
100
AcDbSymbolTableRecord
100
AcDbRegAppTableRecord
  2
ACAD_PSEXT
 70
     0
  0
APPID
  5
133
330
9
100
AcDbSymbolTableRecord
100
AcDbRegAppTableRecord
  2
AcadAnnoPO
 70
     0
  0
APPID
  5
134
330
9
100
AcDbSymbolTableRecord
100
AcDbRegAppTableRecord
  2
AcadAnnotative
 70
     0
  0
APPID
  5
135
330
9
100
AcDbSymbolTableRecord
100
AcDbRegAppTableRecord
  2
ACAD_DSTYLE_DIMJAG
 70
     0
  0
APPID
  5
136
330
9
100
AcDbSymbolTableRecord
100
AcDbRegAppTableRecord
  2
ACAD_DSTYLE_DIMTALN
 70
     0
  0
APPID
  5
165
330
9
100
AcDbSymbolTableRecord
100
AcDbRegAppTableRecord
  2
ACAD_MLEADERVER
 70
     0
  0
APPID
  5
217
330
9
100
AcDbSymbolTableRecord
100
AcDbRegAppTableRecord
  2
ACAD_NAV_VCDISPLAY
 70
     0
  0
APPID
  5
929
330
9
100
AcDbSymbolTableRecord
100
AcDbRegAppTableRecord
  2
AcAecLayerStandard
 70
     0
  0
APPID
  5
92A
330
9
100
AcDbSymbolTableRecord
100
AcDbRegAppTableRecord
  2
AcCmTransparency
 70
     0
  0
APPID
  5
92B
330
9
100
AcDbSymbolTableRecord
100
AcDbRegAppTableRecord
  2
ACAUTHENVIRON
 70
     0
  0
APPID
  5
92C
330
9
100
AcDbSymbolTableRecord
100
AcDbRegAppTableRecord
  2
AcDbDynamicBlockTrueName
 70
     0
  0
APPID
  5
92D
330
9
100
AcDbSymbolTableRecord
100
AcDbRegAppTableRecord
  2
AcDbDynamicBlockGUID
 70
     0
  0
APPID
  5
92E
330
9
100
AcDbSymbolTableRecord
100
AcDbRegAppTableRecord
  2
AcDbBlockRepETag
 70
     0
  0
APPID
  5
92F
330
9
100
AcDbSymbolTableRecord
100
AcDbRegAppTableRecord
  2
AcDbBlockRepBTag
 70
     0
  0
APPID
  5
930
330
9
100
AcDbSymbolTableRecord
100
AcDbRegAppTableRecord
  2
GradientColor1ACI
 70
     0
  0
APPID
  5
931
330
9
100
AcDbSymbolTableRecord
100
AcDbRegAppTableRecord
  2
GradientColor2ACI
 70
     0
  0
APPID
  5
932
330
9
100
AcDbSymbolTableRecord
100
AcDbRegAppTableRecord
  2
RAK
 70
     0
  0
APPID
  5
933
330
9
100
AcDbSymbolTableRecord
100
AcDbRegAppTableRecord
  2
REVIT
 70
     0
  0
APPID
  5
934
330
9
100
AcDbSymbolTableRecord
100
AcDbRegAppTableRecord
  2
ACAD_DSTYLE_DIMBREAK
 70
     0
  0
APPID
  5
935
330
9
100
AcDbSymbolTableRecord
100
AcDbRegAppTableRecord
  2
ACAD_DSTYLE_DIMTEXT_FILL
 70
     0
  0
APPID
  5
936
330
9
100
AcDbSymbolTableRecord
100
AcDbRegAppTableRecord
  2
ACAD_DSTYLE_DIMJOGGED_JOGANGLE_SYMBOL
 70
     0
  0
APPID
  5
937
330
9
100
AcDbSymbolTableRecord
100
AcDbRegAppTableRecord
  2
RevcloudProps
 70
     0
  0
APPID
  5
9F0
330
9
100
AcDbSymbolTableRecord
100
AcDbRegAppTableRecord
  2
ACAD_EXEMPT_FROM_CAD_STANDARDS
 70
     0
  0
ENDTAB
  0
TABLE
  2
DIMSTYLE
  5
A
330
0
100
AcDbSymbolTable
 70
    10
100
AcDbDimStyleTable
 71
     2
340
27
340
137
  0
DIMSTYLE
105
1B0
330
A
100
AcDbSymbolTableRecord
100
AcDbDimStyleTableRecord
  2
Standard
 70
     0
340
11
  0
DIMSTYLE
105
137
330
A
100
AcDbSymbolTableRecord
100
AcDbDimStyleTableRecord
  2
Annotative
 70
     0
 40
0.0
 41
2.5
 42
0.625
 43
3.75
 44
1.25
 73
     0
 74
     0
 77
     1
 78
     8
140
2.5
141
2.5
143
0.03937007874016
147
0.625
171
     3
172
     1
271
     2
272
     2
274
     3
278
    44
283
     0
284
     8
340
11
1001
AcadAnnotative
1000
AnnotativeData
1002
{
1070
     1
1070
     1
1002
}
1001
ACAD_DSTYLE_DIMJAG
1070
   388
1040
1.5
1001
ACAD_DSTYLE_DIMTALN
1070
   392
1070
     0
  0
DIMSTYLE
105
27
330
A
100
AcDbSymbolTableRecord
100
AcDbDimStyleTableRecord
  2
ISO-25
 70
     0
 41
2.5
 42
0.625
 43
3.75
 44
1.25
 73
     0
 74
     0
 77
     1
 78
     8
140
2.5
141
2.5
143
0.03937007874016
147
0.625
171
     3
172
     1
271
     2
272
     2
274
     3
278
    44
283
     0
284
     8
340
11
  0
DIMSTYLE
105
922
102
{ACAD_REACTORS
330
337
330
338
330
34C
330
34E
330
34F
330
350
330
351
330
352
330
355
102
}
330
A
100
AcDbSymbolTableRecord
100
AcDbDimStyleTableRecord
  2
A-GFC-100
 70
     0
 41
100.0
 42
0.0
 43
0.0
 44
100.0
 46
100.0
 73
     0
 74
     0
 78
     1
 79
     2
140
200.0
141
0.0
143
0.03937007874016
147
0.0
171
     3
172
     1
175
     1
176
     8
177
     8
178
     6
179
     2
271
     0
272
     0
274
     3
284
     8
340
91A
342
2D7
345
15
346
8EE
347
8EE
371
    -1
372
     9
1001
ACAD_DSTYLE_DIMBREAK
1070
   391
1040
1.0
1001
ACAD_DSTYLE_DIMTEXT_FILL
1070
   376
1070
     1
1070
   377
1004
1800000001000000000000C1000000000000000000000000
1001
ACAD_DSTYLE_DIMJAG
1070
   388
1040
1.0
1001
ACAD_DSTYLE_DIMTALN
1070
   392
1070
     0
  0
DIMSTYLE
105
923
102
{ACAD_REACTORS
330
58F
330
592
330
595
330
598
330
59B
330
59E
330
5A1
330
5A4
330
5A7
330
5AA
330
5AD
330
60A
330
60D
330
610
330
613
330
616
330
619
330
61C
330
61F
330
632
330
635
330
638
330
2FD
330
2FE
330
2FF
330
300
330
34D
330
9BD
330
9BE
102
}
330
A
100
AcDbSymbolTableRecord
100
AcDbDimStyleTableRecord
  2
A-GFC-75
 70
     0
 41
75.0
 42
0.0
 43
0.0
 44
75.0
 46
75.0
 69
     1
 73
     0
 74
     0
 78
     1
 79
     2
140
150.0
141
0.0
143
0.03937007874016
147
0.0
171
     3
172
     1
175
     1
176
     8
177
     8
178
     6
179
     2
271
     0
272
     0
274
     3
284
     8
340
91A
342
2D7
345
15
346
8EE
347
8EE
371
    -1
372
     9
1001
ACAD_DSTYLE_DIMBREAK
1070
   391
1040
1.0
1001
ACAD_DSTYLE_DIMJAG
1070
   388
1040
1.0
1001
ACAD_DSTYLE_DIMTALN
1070
   392
1070
     0
  0
DIMSTYLE
105
924
330
A
100
AcDbSymbolTableRecord
100
AcDbDimStyleTableRecord
  2
S-75
 70
     0
 40
75.0
 41
1.25
 42
1.0
 43
1.5
 44
1.0
 45
0.0005
 46
1.5
 49
2.0
 73
     0
 74
     0
 77
     1
140
2.5
147
0.5
176
   251
177
   251
178
     3
271
     0
272
     0
340
91C
342
2D7
345
16
346
16
347
16
371
    -1
372
    -1
1001
ACAD_DSTYLE_DIMBREAK
1070
   391
1040
0.125
1001
ACAD_DSTYLE_DIMJAG
1070
   388
1040
1.0
1001
ACAD_DSTYLE_DIMTALN
1070
   392
1070
     0
  0
DIMSTYLE
105
925
330
A
100
AcDbSymbolTableRecord
100
AcDbDimStyleTableRecord
  2
S-30
 70
     0
 40
30.0
 41
1.25
 42
0.0
 43
1.5
 44
1.0
 45
0.0005
 46
1.5
 49
2.0
 73
     0
 74
     0
 77
     1
140
2.5
147
0.5
176
   251
177
   251
178
     6
271
     0
272
     0
340
91C
342
2D7
345
16
346
16
347
16
371
    -1
372
    -1
1001
ACAD_DSTYLE_DIMBREAK
1070
   391
1040
0.125
1001
ACAD_DSTYLE_DIMJAG
1070
   388
1040
1.0
1001
ACAD_DSTYLE_DIMTALN
1070
   392
1070
     0
  0
DIMSTYLE
105
926
330
A
100
AcDbSymbolTableRecord
100
AcDbDimStyleTableRecord
  2
S-40
 70
     0
 40
40.0
 41
1.25
 42
0.0
 43
1.5
 44
1.0
 45
0.0005
 46
1.5
 49
2.0
 73
     0
 74
     0
 77
     1
140
2.5
147
0.5
176
   251
177
   251
178
     6
271
     0
272
     0
340
91C
342
2D7
345
16
346
16
347
16
371
    -1
372
    -1
1001
ACAD_DSTYLE_DIMBREAK
1070
   391
1040
0.125
1001
ACAD_DSTYLE_DIMJAG
1070
   388
1040
1.0
1001
ACAD_DSTYLE_DIMTALN
1070
   392
1070
     0
  0
DIMSTYLE
105
927
330
A
100
AcDbSymbolTableRecord
100
AcDbDimStyleTableRecord
  2
S-DIM50
 70
     0
 40
50.0
 41
1.5
 42
1.0
 43
0.0
 44
1.5
 49
0.18
 73
     0
 74
     0
140
2.5
147
0.5
176
   256
177
   256
178
     6
179
     5
271
     0
272
     0
340
919
345
15
346
15
347
15
371
    -1
372
    -1
1001
ACAD_DSTYLE_DIMJOGGED_JOGANGLE_SYMBOL
1070
   384
1040
0.7853981633974483
1001
ACAD_DSTYLE_DIMJAG
1070
   388
1040
1.5
1001
ACAD_DSTYLE_DIMTALN
1070
   392
1070
     0
  0
DIMSTYLE
105
928
330
A
100
AcDbSymbolTableRecord
100
AcDbDimStyleTableRecord
  2
S-50L
 70
     0
 40
50.0
 41
2.0
 42
1.5
 43
1.5
 44
1.5
 45
5.0
 46
1.5
 49
0.18
 73
     0
 74
     0
140
2.5
147
0.2
176
     8
177
     8
178
     6
271
     0
272
     0
279
     1
340
919
345
15
346
15
347
15
371
    -1
372
    -1
1001
ACAD_DSTYLE_DIMBREAK
1070
   391
1040
0.125
1001
ACAD_DSTYLE_DIMJAG
1070
   388
1040
1.5
1001
ACAD_DSTYLE_DIMTALN
1070
   392
1070
     0
  0
ENDTAB
  0
TABLE
  2
BLOCK_RECORD
  5
1
330
0
100
AcDbSymbolTable
 70
    53
  0
BLOCK_RECORD
  5
1F
102
{ACAD_XDICTIONARY
360
1CE
102
}
330
1
100
AcDbSymbolTableRecord
100
AcDbBlockTableRecord
  2
*Model_Space
340
22
 70
     0
280
     1
281
     0
  0
BLOCK_RECORD
  5
D2
330
1
100
AcDbSymbolTableRecord
100
AcDbBlockTableRecord
  2
*Paper_Space
340
D3
 70
     0
280
     1
281
     0
  0
BLOCK_RECORD
  5
D6
330
1
100
AcDbSymbolTableRecord
100
AcDbBlockTableRecord
  2
*Paper_Space0
340
D7
 70
     0
280
     1
281
     0
  0
BLOCK_RECORD
  5
2D7
330
1
100
AcDbSymbolTableRecord
100
AcDbBlockTableRecord
  2
_ArchTick
340
0
102
{BLKREFS
331
670
331
671
331
67D
331
67E
331
71E
331
71F
331
72D
331
72E
331
73C
331
73D
331
74B
331
74C
331
758
331
759
331
765
331
766
331
772
331
773
331
77F
331
876
331
877
331
883
331
884
331
890
331
891
331
89D
331
89E
331
8AA
331
8AB
331
8B7
331
8B8
331
8C4
331
8C5
331
8D1
331
8D2
331
780
331
78C
331
78D
331
799
331
79A
331
7A6
331
7A7
331
7B3
331
7B4
331
7C0
331
7C1
331
7CD
331
7CE
331
7DA
331
7DB
331
7E7
331
7E8
331
7F4
331
7F5
331
801
331
802
331
80E
331
80F
331
81B
331
81C
331
828
331
829
331
835
331
836
331
842
331
843
331
84F
331
850
331
85C
331
85D
331
869
331
86A
331
9E0
331
9E1
331
9EA
331
9EB
102
}
 70
     0
280
     1
281
     0
  0
BLOCK_RECORD
  5
2DB
102
{ACAD_XDICTIONARY
360
2DC
102
}
330
1
100
AcDbSymbolTableRecord
100
AcDbBlockTableRecord
  2
Arrow
340
0
 70
     4
280
     1
281
     1
1001
AcDbBlockRepETag
1070
     1
1071
        2
1001
AcDbDynamicBlockTrueName
1000
Arrow
1001
AcDbDynamicBlockGUID
1000
{3C38ED66-9765-4140-9BDA-25FB73E7DE7B}
  0
BLOCK_RECORD
  5
2F1
330
1
100
AcDbSymbolTableRecord
100
AcDbBlockTableRecord
  2
_Open90
340
0
 70
     0
280
     1
281
     0
  0
BLOCK_RECORD
  5
2F7
102
{ACAD_XDICTIONARY
360
2F8
102
}
330
1
100
AcDbSymbolTableRecord
100
AcDbBlockTableRecord
  2
A$Cab1eb2bb
340
0
102
{BLKREFS
331
9A3
102
}
 70
     4
280
     1
281
     0
1001
AcDbDynamicBlockGUID
1000
{ED81AEC6-76F9-F148-B2D9-E6BBB15E4408}
  0
BLOCK_RECORD
  5
367
330
1
100
AcDbSymbolTableRecord
100
AcDbBlockTableRecord
  2
_Dot
340
0
 70
     0
280
     1
281
     0
  0
BLOCK_RECORD
  5
36C
102
{ACAD_XDICTIONARY
360
36D
102
}
330
1
100
AcDbSymbolTableRecord
100
AcDbBlockTableRecord
  2
A$C7186b494
340
0
102
{BLKREFS
331
992
102
}
 70
     4
280
     1
281
     0
1001
AcDbDynamicBlockGUID
1000
{90C0A553-CC2E-2B43-B369-E7DDAE037A2F}
  0
BLOCK_RECORD
  5
402
102
{ACAD_XDICTIONARY
360
403
102
}
330
1
100
AcDbSymbolTableRecord
100
AcDbBlockTableRecord
  2
A$Ce47450c8
340
0
102
{BLKREFS
331
4E6
331
4E7
331
4FE
331
508
331
51C
331
51E
331
520
331
522
331
524
331
526
331
64D
331
64F
331
528
331
52A
331
52C
331
52E
331
530
331
532
331
536
331
537
331
53A
331
53C
331
53D
331
53E
331
541
331
542
331
545
331
546
331
54C
331
54D
331
550
331
551
102
}
 70
     4
280
     1
281
     0
  0
BLOCK_RECORD
  5
414
102
{ACAD_XDICTIONARY
360
415
102
}
330
1
100
AcDbSymbolTableRecord
100
AcDbBlockTableRecord
  2
GROUN FLOOR
340
0
310
28000000200000002000000001002000000000000010000001000000010000000000000000000000302821FF302821FF302821FF302821FF302821FF302821FF302821FF302821FF302821FF302821FF302821FF302821FF302821FF302821FF302821FF302821FF302821FF302821FF302821FF302821FF302821FF302821
310
FF302821FF302821FF302821FF302821FF302821FF302821FF302821FF302821FF302821FF302821FF302821FF302821FF302821FF302821FF302821FF302821FF00007FFF00007FFF302821FF302821FF302821FF302821FF302821FF302821FF302821FF302821FF302821FF302821FF302821FF302821FF302821FF3028
310
21FF302821FF302821FF302821FF302821FF302821FF302821FF302821FF302821FF302821FF302821FF302821FF302821FF302821FF302821FF302821FF302821FF00007FFF302821FF302821FF302821FF302821FF302821FF302821FF302821FF302821FF302821FF302821FF302821FF302821FF302821FF302821FF30
310
2821FF302821FF302821FF302821FF302821FF302821FF302821FF302821FF302821FF302821FF302821FF302821FF302821FF302821FF302821FF302821FF302821FF302821FF302821FF302821FF302821FF302821FF302821FF302821FF302821FF302821FF302821FF302821FF302821FF302821FF302821FF302821FF
310
302821FF302821FF302821FF302821FF302821FF302821FF302821FF302821FF302821FF302821FF302821FF302821FF302821FF302821FF302821FF302821FF302821FF302821FF302821FF302821FF302821FF302821FF302821FF302821FF302821FF302821FF302821FF302821FF302821FF302821FF302821FF302821
310
FF302821FF302821FF302821FF302821FF302821FF302821FF302821FF302821FF302821FF302821FF302821FF302821FF302821FF302821FF302821FF302821FF302821FF302821FF302821FF302821FF302821FF302821FF302821FF302821FF302821FF302821FF302821FF302821FF302821FF302821FF302821FF3028
310
21FF302821FF302821FF302821FF302821FF302821FF302821FF302821FF302821FF302821FF302821FF302821FF302821FF302821FF302821FF302821FF302821FF302821FF302821FF302821FF302821FF302821FF302821FF302821FF302821FF302821FF302821FF302821FF302821FF302821FF302821FF302821FF30
310
2821FF302821FF302821FF302821FF302821FF302821FF302821FF302821FF302821FF302821FF302821FF302821FF302821FF302821FF302821FF302821FF302821FF302821FF302821FF302821FF302821FF302821FF302821FF302821FF302821FF302821FF302821FF302821FF302821FF302821FF302821FF302821FF
310
302821FF302821FF302821FF302821FF302821FF302821FF302821FF302821FF302821FF302821FF302821FF302821FF302821FF302821FF302821FF302821FF302821FF302821FF302821FF302821FF302821FF302821FF302821FF302821FF302821FF302821FF302821FF302821FF302821FF302821FF302821FF302821
310
FF302821FF302821FF302821FF302821FF302821FF302821FF302821FF302821FF302821FF302821FF302821FF302821FF302821FF302821FF302821FF302821FF302821FF302821FF302821FF302821FF302821FF302821FF302821FF302821FF302821FF302821FF302821FF302821FF302821FF302821FF302821FF3028
310
21FF302821FF302821FF302821FF302821FF302821FF302821FF302821FF302821FF302821FF302821FF302821FF302821FF302821FF302821FF302821FF302821FF302821FF302821FF302821FF302821FF302821FF302821FF302821FF302821FF808080FF007FFFFF007FFFFF302821FF302821FF302821FF302821FF30
310
2821FF302821FF302821FF302821FF302821FF302821FF302821FF302821FF302821FF302821FF302821FF302821FF302821FF302821FF302821FF302821FF302821FF302821FF302821FF302821FF302821FF302821FF302821FF302821FF00FF00FF808080FF007FFFFF007FFFFF00FF00FF302821FF302821FF302821FF
310
302821FF302821FF302821FF302821FF302821FF302821FF302821FF302821FF302821FF302821FF302821FF302821FF302821FF302821FF302821FF302821FF302821FF302821FF302821FF302821FF302821FF302821FF302821FF0000FFFF00FFFFFF808080FF00FF00FF00FFFFFF00FFFFFF00FFFFFF00FFFFFF00FFFF
310
FF00FF00FF0000FFFF00FFFFFF302821FF302821FF302821FF302821FF302821FF302821FF302821FF302821FF302821FF302821FF302821FF302821FF302821FF302821FF302821FF302821FF302821FF302821FF302821FF302821FF0000FFFF00FF00FF808080FF808080FF0000FFFF00FFFFFF0000FFFF00FF00FF00FF
310
00FF00FFFFFF0000FFFF00FF00FF00FF00FF656565FF302821FF302821FF302821FF302821FF302821FF302821FF302821FF302821FF302821FF302821FF302821FF302821FF302821FF302821FF302821FF302821FF302821FF808080FF0000FFFF00FF00FF00FF00FF00FFFFFF0000FFFF0000FFFF00FF00FF00FF00FFFF
310
0000FF0000FFFF00FF00FF00FFFFFF00FF00FF00FF00FF302821FF302821FF302821FF302821FF302821FF302821FF302821FF302821FF302821FF302821FF302821FF302821FF302821FF302821FF302821FF302821FF302821FF0000FFFF0000FFFF00FFFFFF00FF00FF00FF00FF3F7F7FFF0000FFFF00FFFFFF00FFFFFF
310
0000FFFF00FF00FF00FFFFFF00FFFFFF302821FF302821FF302821FF302821FF302821FF302821FF302821FF302821FF302821FF302821FF302821FF302821FF302821FF302821FF302821FF302821FF302821FF302821FF0000FFFF0000FFFF00FF00FF00FF00FF00FF00FF656565FF3F7F7FFF3F7F7FFF00FFFFFF00FFFF
310
FF0000FFFF00FF00FF00FFFFFF0000FFFF0000FFFF0000FFFF302821FF302821FF302821FF302821FF302821FF302821FF302821FF302821FF302821FF302821FF302821FF302821FF302821FF302821FF302821FF302821FF0000FFFFBFFF7FFF0000FFFF00FF00FF00FF00FF00FFFFFF00FF00FF0000FFFF00FF00FF00FF
310
00FF00FF00FF0000FFFF302821FFBFFF7FFF0000FFFF0000FFFF0000FFFF302821FF302821FF302821FF302821FF302821FF302821FF302821FF302821FF302821FF302821FF302821FF302821FF302821FF302821FF302821FF302821FF302821FF0000FFFF0000FFFF00FF00FF00FF00FF00FFFFFF00FFFFFF00FF00FFFF
310
0000FF0000FFFF00FFFFFF0000FFFF808080FF302821FF808080FF0000FFFFBFFF7FFF302821FF302821FF302821FF302821FF302821FF302821FF302821FF302821FF302821FF302821FF302821FF302821FF302821FF302821FF302821FF302821FF0000FFFFFFFF00FF00FF00FF00FF00FF00FF00FF00FF00FF00FF00FF
310
3F7F7FFF0000FFFF00FF00FF0000FFFF0000FFFF0000FFFF0000FFFF302821FF302821FF302821FF302821FF302821FF302821FF302821FF302821FF302821FF302821FF302821FF302821FF302821FF302821FF302821FF302821FF302821FF302821FF0000FFFF0000FFFF00FF00FF00FF00FF00FF00FF00FFFFFF00FF00
310
FF3F7F7FFF00FFFFFF00FF00FF0000FFFF0000FFFF0000FFFF0000FFFF302821FF302821FF302821FF302821FF302821FF302821FF302821FF302821FF302821FF302821FF302821FF302821FF302821FF302821FF302821FF302821FFBFFF7FFF0000FFFF0000FFFF00FF00FF00FF00FF00FFFFFF00FFFFFF00FFFFFF00FF
310
FFFF0000FFFF0000FFFF3F7F7FFF302821FF0000FFFF0000FFFF302821FF302821FF302821FF302821FF302821FF302821FF302821FF302821FF302821FF302821FF302821FF302821FF302821FF302821FF302821FF302821FF302821FF302821FFFF00FFFFFF00FFFF00FF00FF00FF00FF00FF00FF0000FFFF0000FFFF00
310
FFFFFF00FF00FF00FFFFFF302821FF302821FF302821FF302821FF302821FF302821FF302821FF302821FF302821FF302821FF302821FF302821FF302821FF302821FF302821FF302821FF302821FF302821FF302821FF302821FF302821FF302821FF0000FFFFFF00FFFFFF00FFFF302821FF00FF00FF00FF00FF00FFFFFF
310
00FF00FF00FF00FF00FFFFFF302821FF302821FF302821FF302821FF302821FF302821FF302821FF302821FF302821FF302821FF302821FF302821FF302821FF302821FF302821FF302821FF302821FF302821FF302821FF302821FF302821FF302821FF0000FFFF808080FFFF00FFFFFF00FFFF00FFFFFF00FFFFFF00FF00
310
FF00FF00FF0000FFFF00FF00FF302821FF302821FF302821FF302821FF302821FF302821FF302821FF302821FF302821FF302821FF302821FF302821FF302821FF302821FF302821FF302821FF302821FF302821FF302821FF302821FF302821FF302821FF808080FFFF00FFFFFF00FFFF0000FFFF302821FF00FFFFFF00FF
310
00FF00FF00FF00FFFFFF0000FFFF302821FF302821FF302821FF302821FF302821FF302821FF302821FF302821FF302821FF302821FF302821FF302821FF302821FF302821FF302821FF302821FF302821FF302821FF302821FF302821FF302821FF302821FF302821FF0000FFFFFF00FFFF0000FFFF00FF00FF00FF00FF00
310
FF00FF00FFFFFF00FFFFFF302821FF302821FF302821FF302821FF302821FF302821FF302821FF302821FF302821FF302821FF302821FF302821FF302821FF302821FF302821FF302821FF302821FF302821FF302821FF302821FF302821FF302821FF302821FF302821FF00FF00FF808080FF302821FF00FFFFFF00FFFFFF
310
0000FFFF00FF00FF302821FF302821FF302821FF302821FF302821FF302821FF302821FF302821FF302821FF302821FF302821FF302821FF302821FF302821FF302821FF302821FF302821FF302821FF302821FF302821FF302821FF302821FF302821FF302821FF302821FF302821FF302821FF00FFFFFF00FF00FF0000FF
310
FF00FFFFFF0000FFFF0000FFFF302821FF302821FF302821FF302821FF302821FF302821FF302821FF302821FF302821FF302821FF302821FF302821FF302821FF302821FF302821FF302821FF302821FF302821FF302821FF302821FF302821FF302821FF302821FF302821FF302821FF302821FF302821FFBFFF7FFF0000
310
FFFF00FFFFFF302821FF302821FF302821FF302821FF302821FF302821FF302821FF302821FF302821FF302821FF302821FF302821FF302821FF302821FF302821FF302821FF302821FF302821FF302821FF302821FF302821FF302821FF302821FF302821FF302821FF302821FF302821FF302821FF302821FF302821FFBF
310
FF7FFF302821FF302821FF302821FF302821FF302821FF302821FF302821FF302821FF302821FF302821FF302821FF302821FF302821FF302821FF302821FF302821FF302821FF302821FF302821FF302821FF302821FF302821FF302821FF302821FF302821FF302821FF302821FF302821FF302821FF302821FF302821FF
310
302821FF302821FF302821FF302821FF302821FF302821FF302821FF302821FF302821FF302821FF302821FF302821FF302821FF302821FF302821FF302821FF302821FF302821FF
102
{BLKREFS
331
99E
102
}
 70
     4
280
     1
281
     0
1001
AcDbDynamicBlockGUID
1000
{DC1604E8-94C2-BD4E-A7C9-037C577FEF45}
  0
BLOCK_RECORD
  5
663
102
{ACAD_XDICTIONARY
360
664
102
}
330
1
100
AcDbSymbolTableRecord
100
AcDbBlockTableRecord
  2
FF-PENDENT SPK
340
0
310
28000000200000002000000001002000000000000010000001000000010000000000000000000000000000FF000000FF000000FF000000FF000000FF000000FF000000FF000000FF000000FF000000FF000000FF000000FF000000FF000000FF000000FF000000FF000000FF000000FF000000FF000000FF000000FF000000
310
FF000000FF000000FF000000FF000000FF000000FF000000FF000000FF000000FF000000FF000000FF000000FF000000FF000000FF000000FF000000FF000000FF000000FF000000FF000000FF000000FF000000FF000000FF000000FF0000FFFF0000FFFF0000FFFF0000FFFF0000FFFF0000FFFF000000FF000000FF0000
310
00FF000000FF000000FF000000FF000000FF000000FF000000FF000000FF000000FF000000FF000000FF000000FF000000FF000000FF000000FF000000FF000000FF000000FF000000FF000000FF000000FF000000FF0000FFFF0000FFFF000000FF000000FF000000FF000000FF000000FF000000FF0000FFFF0000FFFF00
310
0000FF000000FF000000FF000000FF000000FF000000FF000000FF000000FF000000FF000000FF000000FF000000FF000000FF000000FF000000FF000000FF000000FF000000FF000000FF0000FFFF0000FFFF0000FFFF000000FF000000FF000000FF000000FF000000FF000000FF000000FF000000FF000000FF000000FF
310
0000FFFF0000FFFF0000FFFF000000FF000000FF000000FF000000FF000000FF000000FF000000FF000000FF000000FF000000FF000000FF000000FF000000FF000000FF000000FF0000FFFF000000FF000000FF000000FF000000FF000000FF000000FF000000FF000000FF000000FF000000FF000000FF000000FF000000
310
FF000000FF000000FF000000FF0000FFFF000000FF000000FF000000FF000000FF000000FF000000FF000000FF000000FF000000FF000000FF000000FF000000FF000000FF0000FFFF000000FF000000FF000000FF000000FF000000FF000000FF000000FF000000FF000000FF000000FF000000FF000000FF000000FF0000
310
00FF000000FF000000FF000000FF000000FF0000FFFF000000FF000000FF000000FF000000FF000000FF000000FF000000FF000000FF000000FF000000FF000000FF0000FFFF000000FF000000FF000000FF000000FF000000FF000000FF000000FF000000FF000000FF000000FF000000FF000000FF000000FF000000FF00
310
0000FF000000FF000000FF000000FF000000FF000000FF0000FFFF000000FF000000FF000000FF000000FF000000FF000000FF000000FF000000FF000000FF0000FFFF000000FF000000FF000000FF000000FF000000FF000000FF000000FF000000FF000000FF000000FF000000FF000000FF000000FF000000FF000000FF
310
000000FF000000FF000000FF000000FF000000FF000000FF000000FF0000FFFF000000FF000000FF000000FF000000FF000000FF000000FF000000FF0000FFFF000000FF000000FF000000FF000000FF000000FF000000FF000000FF000000FF000000FF000000FF000000FF000000FF000000FF000000FF000000FF000000
310
FF000000FF000000FF000000FF000000FF000000FF000000FF000000FF000000FF0000FFFF000000FF000000FF000000FF000000FF000000FF000000FF0000FFFF000000FF000000FF000000FF000000FF000000FF000000FF000000FF000000FF000000FF000000FF000000FF000000FF000000FF000000FF000000FF0000
310
00FF000000FF000000FF000000FF000000FF000000FF000000FF000000FF000000FF0000FFFF000000FF000000FF000000FF000000FF000000FF0000FFFF000000FF000000FF000000FF000000FF000000FF000000FF000000FF000000FF000000FF000000FF000000FF000000FF000000FF000000FF000000FF000000FF00
310
0000FF000000FF000000FF000000FF000000FF000000FF000000FF000000FF000000FF000000FF0000FFFF000000FF000000FF000000FF000000FF0000FFFF000000FF000000FF000000FF000000FF000000FF000000FF000000FF000000FF000000FF000000FF0000FFFF0000FFFF0000FFFF0000FFFF0000FFFF0000FFFF
310
000000FF000000FF000000FF000000FF000000FF000000FF000000FF000000FF000000FF000000FF0000FFFF000000FF000000FF000000FF000000FF0000FFFF000000FF000000FF000000FF000000FF000000FF000000FF000000FF000000FF000000FF0000FFFF0000FFFF0000FFFF0000FFFF0000FFFF0000FFFF0000FF
310
FF0000FFFF000000FF000000FF000000FF000000FF000000FF000000FF000000FF000000FF000000FF0000FFFF000000FF000000FF000000FF000000FF0000FFFF000000FF000000FF000000FF000000FF000000FF000000FF000000FF000000FF0000FFFF0000FFFF0000FFFF0000FFFF0000FFFF0000FFFF0000FFFF0000
310
FFFF0000FFFF0000FFFF000000FF000000FF000000FF000000FF000000FF000000FF000000FF000000FF0000FFFF000000FF000000FF000000FF000000FF0000FFFF000000FF000000FF000000FF000000FF000000FF000000FF000000FF000000FF0000FFFF0000FFFF0000FFFF0000FFFF0000FFFF0000FFFF0000FFFF00
310
00FFFF0000FFFF0000FFFF000000FF000000FF000000FF000000FF000000FF000000FF000000FF000000FF0000FFFF000000FF000000FF000000FF0000FFFF000000FF000000FF000000FF000000FF000000FF000000FF000000FF000000FF000000FF0000FFFF0000FFFF0000FFFF0000FFFF0000FFFF0000FFFF0000FFFF
310
0000FFFF0000FFFF0000FFFF000000FF000000FF000000FF000000FF000000FF000000FF000000FF000000FF000000FF0000FFFF000000FF000000FF0000FFFF000000FF000000FF000000FF000000FF000000FF000000FF000000FF000000FF000000FF0000FFFF0000FFFF0000FFFF0000FFFF0000FFFF0000FFFF0000FF
310
FF0000FFFF0000FFFF0000FFFF000000FF000000FF000000FF000000FF000000FF000000FF000000FF000000FF000000FF0000FFFF000000FF000000FF0000FFFF000000FF000000FF000000FF000000FF000000FF000000FF000000FF000000FF000000FF0000FFFF0000FFFF0000FFFF0000FFFF0000FFFF0000FFFF0000
310
FFFF0000FFFF0000FFFF0000FFFF000000FF000000FF000000FF000000FF000000FF000000FF000000FF000000FF000000FF0000FFFF000000FF000000FF000000FF0000FFFF000000FF000000FF000000FF000000FF000000FF000000FF000000FF000000FF0000FFFF0000FFFF0000FFFF0000FFFF0000FFFF0000FFFF00
310
00FFFF0000FFFF0000FFFF0000FFFF000000FF000000FF000000FF000000FF000000FF000000FF000000FF000000FF0000FFFF000000FF000000FF000000FF000000FF0000FFFF000000FF000000FF000000FF000000FF000000FF000000FF000000FF000000FF000000FF0000FFFF0000FFFF0000FFFF0000FFFF0000FFFF
310
0000FFFF0000FFFF0000FFFF000000FF000000FF000000FF000000FF000000FF000000FF000000FF000000FF000000FF0000FFFF000000FF000000FF000000FF000000FF000000FF0000FFFF000000FF000000FF000000FF000000FF000000FF000000FF000000FF000000FF000000FF0000FFFF0000FFFF0000FFFF0000FF
310
FF0000FFFF0000FFFF000000FF000000FF000000FF000000FF000000FF000000FF000000FF000000FF000000FF000000FF0000FFFF000000FF000000FF000000FF000000FF000000FF0000FFFF000000FF000000FF000000FF000000FF000000FF000000FF000000FF000000FF000000FF000000FF000000FF000000FF0000
310
00FF000000FF000000FF000000FF000000FF000000FF000000FF000000FF000000FF000000FF000000FF000000FF0000FFFF000000FF000000FF000000FF000000FF000000FF000000FF0000FFFF000000FF000000FF000000FF000000FF000000FF000000FF000000FF000000FF000000FF000000FF000000FF000000FF00
310
0000FF000000FF000000FF000000FF000000FF000000FF000000FF000000FF000000FF000000FF000000FF000000FF0000FFFF000000FF000000FF000000FF000000FF000000FF000000FF000000FF0000FFFF000000FF000000FF000000FF000000FF000000FF000000FF000000FF000000FF000000FF000000FF000000FF
310
000000FF000000FF000000FF000000FF000000FF000000FF000000FF000000FF000000FF000000FF000000FF0000FFFF000000FF000000FF000000FF000000FF000000FF000000FF000000FF000000FF0000FFFF000000FF000000FF000000FF000000FF000000FF000000FF000000FF000000FF000000FF000000FF000000
310
FF000000FF000000FF000000FF000000FF000000FF000000FF000000FF000000FF000000FF000000FF000000FF0000FFFF000000FF000000FF000000FF000000FF000000FF000000FF000000FF000000FF000000FF0000FFFF000000FF000000FF000000FF000000FF000000FF000000FF000000FF000000FF000000FF0000
310
00FF000000FF000000FF000000FF000000FF000000FF000000FF000000FF000000FF000000FF000000FF0000FFFF000000FF000000FF000000FF000000FF000000FF000000FF000000FF000000FF000000FF000000FF000000FF0000FFFF0000FFFF000000FF000000FF000000FF000000FF000000FF000000FF000000FF00
310
0000FF000000FF000000FF000000FF000000FF000000FF000000FF000000FF000000FF0000FFFF0000FFFF000000FF000000FF000000FF000000FF000000FF000000FF000000FF000000FF000000FF000000FF000000FF000000FF000000FF000000FF0000FFFF000000FF000000FF000000FF000000FF000000FF000000FF
310
000000FF000000FF000000FF000000FF000000FF000000FF000000FF000000FF0000FFFF000000FF000000FF000000FF000000FF000000FF000000FF000000FF000000FF000000FF000000FF000000FF000000FF000000FF000000FF000000FF000000FF000000FF0000FFFF000000FF000000FF000000FF000000FF000000
310
FF000000FF000000FF000000FF000000FF000000FF000000FF000000FF0000FFFF000000FF000000FF000000FF000000FF000000FF000000FF000000FF000000FF000000FF000000FF000000FF000000FF000000FF000000FF000000FF000000FF000000FF000000FF000000FF0000FFFF0000FFFF0000FFFF0000FFFF0000
310
FFFF000000FF000000FF0000FFFF0000FFFF0000FFFF0000FFFF0000FFFF000000FF000000FF000000FF000000FF000000FF000000FF000000FF000000FF000000FF000000FF000000FF000000FF000000FF000000FF000000FF000000FF000000FF000000FF000000FF000000FF000000FF000000FF000000FF000000FF00
310
0000FF0000FFFF0000FFFF000000FF000000FF000000FF000000FF000000FF000000FF000000FF000000FF000000FF000000FF000000FF000000FF000000FF000000FF000000FF000000FF000000FF000000FF000000FF000000FF000000FF000000FF000000FF000000FF000000FF000000FF000000FF000000FF000000FF
310
000000FF000000FF000000FF000000FF000000FF000000FF000000FF000000FF000000FF000000FF000000FF000000FF000000FF000000FF000000FF000000FF000000FF000000FF
102
{BLKREFS
331
68C
331
68D
102
}
 70
     1
280
     1
281
     1
1001
AcDbDynamicBlockGUID
1000
{1457FFAE-BD47-2542-9466-5864E638D66E}
  0
BLOCK_RECORD
  5
66A
330
1
100
AcDbSymbolTableRecord
100
AcDbBlockTableRecord
  2
*D10
340
0
 70
     0
280
     1
281
     0
  0
BLOCK_RECORD
  5
677
330
1
100
AcDbSymbolTableRecord
100
AcDbBlockTableRecord
  2
*D11
340
0
 70
     0
280
     1
281
     0
  0
BLOCK_RECORD
  5
684
102
{ACAD_XDICTIONARY
360
685
102
}
330
1
100
AcDbSymbolTableRecord
100
AcDbBlockTableRecord
  2
New_sprinkler pipes
340
0
102
{BLKREFS
331
9B7
102
}
 70
     4
280
     1
281
     0
1001
AcDbDynamicBlockGUID
1000
{0763DB34-CF2E-F740-B497-1964037A1525}
  0
BLOCK_RECORD
  5
6F3
102
{ACAD_XDICTIONARY
360
6F4
102
}
330
1
100
AcDbSymbolTableRecord
100
AcDbBlockTableRecord
  2
st
340
0
102
{BLKREFS
331
3FF
102
}
 70
     4
280
     1
281
     0
1001
AcDbDynamicBlockGUID
1000
{496F1CA0-B21B-B144-A9E6-FFA55FB47C08}
  0
BLOCK_RECORD
  5
718
330
1
100
AcDbSymbolTableRecord
100
AcDbBlockTableRecord
  2
*D15
340
0
 70
     0
280
     1
281
     0
  0
BLOCK_RECORD
  5
727
330
1
100
AcDbSymbolTableRecord
100
AcDbBlockTableRecord
  2
*D16
340
0
 70
     0
280
     1
281
     0
  0
BLOCK_RECORD
  5
736
330
1
100
AcDbSymbolTableRecord
100
AcDbBlockTableRecord
  2
*D17
340
0
 70
     0
280
     1
281
     0
  0
BLOCK_RECORD
  5
745
330
1
100
AcDbSymbolTableRecord
100
AcDbBlockTableRecord
  2
*D18
340
0
 70
     0
280
     1
281
     0
  0
BLOCK_RECORD
  5
752
330
1
100
AcDbSymbolTableRecord
100
AcDbBlockTableRecord
  2
*D19
340
0
 70
     0
280
     1
281
     0
  0
BLOCK_RECORD
  5
75F
330
1
100
AcDbSymbolTableRecord
100
AcDbBlockTableRecord
  2
*D20
340
0
 70
     0
280
     1
281
     0
  0
BLOCK_RECORD
  5
76C
330
1
100
AcDbSymbolTableRecord
100
AcDbBlockTableRecord
  2
*D21
340
0
 70
     0
280
     1
281
     0
  0
BLOCK_RECORD
  5
779
330
1
100
AcDbSymbolTableRecord
100
AcDbBlockTableRecord
  2
*D22
340
0
 70
     0
280
     1
281
     0
  0
BLOCK_RECORD
  5
786
330
1
100
AcDbSymbolTableRecord
100
AcDbBlockTableRecord
  2
*D23
340
0
 70
     0
280
     1
281
     0
  0
BLOCK_RECORD
  5
793
330
1
100
AcDbSymbolTableRecord
100
AcDbBlockTableRecord
  2
*D24
340
0
 70
     0
280
     1
281
     0
  0
BLOCK_RECORD
  5
7A0
330
1
100
AcDbSymbolTableRecord
100
AcDbBlockTableRecord
  2
*D25
340
0
 70
     0
280
     1
281
     0
  0
BLOCK_RECORD
  5
7AD
330
1
100
AcDbSymbolTableRecord
100
AcDbBlockTableRecord
  2
*D26
340
0
 70
     0
280
     1
281
     0
  0
BLOCK_RECORD
  5
7BA
330
1
100
AcDbSymbolTableRecord
100
AcDbBlockTableRecord
  2
*D27
340
0
 70
     0
280
     1
281
     0
  0
BLOCK_RECORD
  5
7C7
330
1
100
AcDbSymbolTableRecord
100
AcDbBlockTableRecord
  2
*D28
340
0
 70
     0
280
     1
281
     0
  0
BLOCK_RECORD
  5
7D4
330
1
100
AcDbSymbolTableRecord
100
AcDbBlockTableRecord
  2
*D29
340
0
 70
     0
280
     1
281
     0
  0
BLOCK_RECORD
  5
7E1
330
1
100
AcDbSymbolTableRecord
100
AcDbBlockTableRecord
  2
*D30
340
0
 70
     0
280
     1
281
     0
  0
BLOCK_RECORD
  5
7EE
330
1
100
AcDbSymbolTableRecord
100
AcDbBlockTableRecord
  2
*D31
340
0
 70
     0
280
     1
281
     0
  0
BLOCK_RECORD
  5
7FB
330
1
100
AcDbSymbolTableRecord
100
AcDbBlockTableRecord
  2
*D32
340
0
 70
     0
280
     1
281
     0
  0
BLOCK_RECORD
  5
808
330
1
100
AcDbSymbolTableRecord
100
AcDbBlockTableRecord
  2
*D33
340
0
 70
     0
280
     1
281
     0
  0
BLOCK_RECORD
  5
815
330
1
100
AcDbSymbolTableRecord
100
AcDbBlockTableRecord
  2
*D34
340
0
 70
     0
280
     1
281
     0
  0
BLOCK_RECORD
  5
822
330
1
100
AcDbSymbolTableRecord
100
AcDbBlockTableRecord
  2
*D35
340
0
 70
     0
280
     1
281
     0
  0
BLOCK_RECORD
  5
82F
330
1
100
AcDbSymbolTableRecord
100
AcDbBlockTableRecord
  2
*D36
340
0
 70
     0
280
     1
281
     0
  0
BLOCK_RECORD
  5
83C
330
1
100
AcDbSymbolTableRecord
100
AcDbBlockTableRecord
  2
*D37
340
0
 70
     0
280
     1
281
     0
  0
BLOCK_RECORD
  5
849
330
1
100
AcDbSymbolTableRecord
100
AcDbBlockTableRecord
  2
*D38
340
0
 70
     0
280
     1
281
     0
  0
BLOCK_RECORD
  5
856
330
1
100
AcDbSymbolTableRecord
100
AcDbBlockTableRecord
  2
*D39
340
0
 70
     0
280
     1
281
     0
  0
BLOCK_RECORD
  5
863
330
1
100
AcDbSymbolTableRecord
100
AcDbBlockTableRecord
  2
*D40
340
0
 70
     0
280
     1
281
     0
  0
BLOCK_RECORD
  5
870
330
1
100
AcDbSymbolTableRecord
100
AcDbBlockTableRecord
  2
*D41
340
0
 70
     0
280
     1
281
     0
  0
BLOCK_RECORD
  5
87D
330
1
100
AcDbSymbolTableRecord
100
AcDbBlockTableRecord
  2
*D42
340
0
 70
     0
280
     1
281
     0
  0
BLOCK_RECORD
  5
88A
330
1
100
AcDbSymbolTableRecord
100
AcDbBlockTableRecord
  2
*D43
340
0
 70
     0
280
     1
281
     0
  0
BLOCK_RECORD
  5
897
330
1
100
AcDbSymbolTableRecord
100
AcDbBlockTableRecord
  2
*D44
340
0
 70
     0
280
     1
281
     0
  0
BLOCK_RECORD
  5
8A4
330
1
100
AcDbSymbolTableRecord
100
AcDbBlockTableRecord
  2
*D45
340
0
 70
     0
280
     1
281
     0
  0
BLOCK_RECORD
  5
8B1
330
1
100
AcDbSymbolTableRecord
100
AcDbBlockTableRecord
  2
*D46
340
0
 70
     0
280
     1
281
     0
  0
BLOCK_RECORD
  5
8BE
330
1
100
AcDbSymbolTableRecord
100
AcDbBlockTableRecord
  2
*D47
340
0
 70
     0
280
     1
281
     0
  0
BLOCK_RECORD
  5
8CB
330
1
100
AcDbSymbolTableRecord
100
AcDbBlockTableRecord
  2
*D48
340
0
 70
     0
280
     1
281
     0
  0
BLOCK_RECORD
  5
8D8
102
{ACAD_XDICTIONARY
360
8D9
102
}
330
1
100
AcDbSymbolTableRecord
100
AcDbBlockTableRecord
  2
*U49
340
0
102
{BLKREFS
331
4E9
331
50E
102
}
 70
     0
280
     1
281
     1
1001
AcDbBlockRepBTag
1070
     1
1005
2DB
  0
BLOCK_RECORD
  5
9C2
330
1
100
AcDbSymbolTableRecord
100
AcDbBlockTableRecord
  2
*D51
340
0
 70
     0
280
     1
281
     0
  0
BLOCK_RECORD
  5
9CF
330
1
100
AcDbSymbolTableRecord
100
AcDbBlockTableRecord
  2
*D52
340
0
 70
     0
280
     1
281
     0
  0
ENDTAB
  0
ENDSEC
  0
SECTION
  2
BLOCKS
  0
BLOCK
  5
20
330
1F
100
AcDbEntity
  8
0
100
AcDbBlockBegin
  2
*Model_Space
 70
     0
 10
0.0
 20
0.0
 30
0.0
  3
*Model_Space
  1

  0
ENDBLK
  5
21
330
1F
100
AcDbEntity
  8
0
100
AcDbBlockEnd
  0
BLOCK
  5
D4
330
D2
100
AcDbEntity
 67
     1
  8
0
100
AcDbBlockBegin
  2
*Paper_Space
 70
     0
 10
0.0
 20
0.0
 30
0.0
  3
*Paper_Space
  1

  0
ENDBLK
  5
D5
330
D2
100
AcDbEntity
 67
     1
  8
0
100
AcDbBlockEnd
  0
BLOCK
  5
D8
330
D6
100
AcDbEntity
 67
     1
  8
0
100
AcDbBlockBegin
  2
*Paper_Space0
 70
     0
 10
0.0
 20
0.0
 30
0.0
  3
*Paper_Space0
  1

  0
ENDBLK
  5
D9
330
D6
100
AcDbEntity
 67
     1
  8
0
100
AcDbBlockEnd
  0
BLOCK
  5
2D8
330
2D7
100
AcDbEntity
  8
0
100
AcDbBlockBegin
  2
_ArchTick
 70
     0
 10
0.0
 20
0.0
 30
0.0
  3
_ArchTick
  1

  0
LWPOLYLINE
  5
2D9
330
2D7
100
AcDbEntity
  8
0
  6
ByBlock
 62
     0
100
AcDbPolyline
 90
        2
 70
     0
 43
0.15
 10
-0.5
 20
-0.5
 10
0.5
 20
0.5
  0
ENDBLK
  5
2DA
330
2D7
100
AcDbEntity
  8
0
100
AcDbBlockEnd
  0
BLOCK
  5
2ED
330
2DB
100
AcDbEntity
  8
0
 62
     6
 48
50.0
100
AcDbBlockBegin
  2
Arrow
 70
     0
 10
0.0
 20
0.0
 30
0.0
  3
Arrow
  1

  0
LWPOLYLINE
  5
2EE
102
{ACAD_REACTORS
330
2EF
102
}
330
2DB
100
AcDbEntity
  8
0
 62
     0
100
AcDbPolyline
 90
        8
 70
     0
 43
0.0
 10
0.0
 20
0.0
 10
268.6853270592401
 20
-409.739781610282
 10
73.01913091447204
 20
-333.8336460377322
 10
73.01913091447204
 20
-685.3569820687625
 10
-73.01913039339706
 20
-685.3569820687625
 10
-73.01913039339706
 20
-332.527329720062
 10
-271.9577433078084
 20
-406.6038196587542
 10
0.0000002689193934
 20
0.0
1001
AcDbBlockRepETag
1070
     1
1071
        0
1005
2EE
  0
HATCH
  5
2EF
330
2DB
100
AcDbEntity
  8
0
 62
     9
100
AcDbHatch
 10
0.0
 20
0.0
 30
0.0
210
0.0
220
0.0
230
1.0
  2
SOLID
 70
     1
 71
     1
 91
        1
 92
        7
 72
     0
 73
     1
 93
        7
 10
73.01913091447204
 20
-333.8336460377322
 10
268.6853270592401
 20
-409.739781610282
 10
0.0000001331293689
 20
-0.0000002030196811
 10
-271.9577433078084
 20
-406.6038196587542
 10
-73.01913039339708
 20
-332.527329720062
 10
-73.01913039339706
 20
-685.3569820687625
 10
73.01913091447204
 20
-685.3569820687625
 97
        1
330
2EE
 75
     0
 76
     1
 47
1.311492903056146
 98
        1
 10
51.50000026891939
 20
-451.0
450
        0
451
        0
460
0.0
461
0.0
452
        0
462
0.0
453
        2
463
0.0
 63
     5
421
      255
463
1.0
 63
     2
421
 16776960
470
LINEAR
1001
GradientColor1ACI
1070
     5
1001
GradientColor2ACI
1070
     2
1001
ACAD
1010
0.0
1020
0.0
1030
0.0
1001
AcDbBlockRepETag
1070
     1
1071
        1
1005
2EF
  0
ENDBLK
  5
2F0
330
2DB
100
AcDbEntity
  8
0
 62
     6
 48
50.0
100
AcDbBlockEnd
  0
BLOCK
  5
2F2
330
2F1
100
AcDbEntity
  8
0
 48
50.0
100
AcDbBlockBegin
  2
_Open90
 70
     0
 10
0.0
 20
0.0
 30
0.0
  3
_Open90
  1

  0
LINE
  5
2F3
330
2F1
100
AcDbEntity
  8
0
  6
ByBlock
 62
     0
370
    -2
100
AcDbLine
 10
-0.5
 20
0.5
 30
0.0
 11
0.0
 21
0.0
 31
0.0
  0
LINE
  5
2F4
330
2F1
100
AcDbEntity
  8
0
  6
ByBlock
 62
     0
370
    -2
100
AcDbLine
 10
0.0
 20
0.0
 30
0.0
 11
-0.5
 21
-0.5
 31
0.0
  0
LINE
  5
2F5
330
2F1
100
AcDbEntity
  8
0
  6
ByBlock
 62
     0
370
    -2
100
AcDbLine
 10
0.0
 20
0.0
 30
0.0
 11
-1.0
 21
0.0
 31
0.0
  0
ENDBLK
  5
2F6
330
2F1
100
AcDbEntity
  8
0
 48
50.0
100
AcDbBlockEnd
  0
BLOCK
  5
2FA
330
2F7
100
AcDbEntity
  8
0
 48
20.0
100
AcDbBlockBegin
  2
A$Cab1eb2bb
 70
     0
 10
0.0
 20
0.0
 30
0.0
  3
A$Cab1eb2bb
  1

  0
POINT
  5
2FB
330
2F7
100
AcDbEntity
  8
Grids
 48
75.0
100
AcDbPoint
 10
0.0
 20
0.0
 30
0.0
  0
ARC
  5
2FC
330
2F7
100
AcDbEntity
  8
Grids
 48
75.0
100
AcDbCircle
 10
11825.42944141105
 20
19968.79434419982
 30
0.0
 40
3672.085020987629
100
AcDbArc
 50
123.2766023129218
 51
94.37971259937153
  0
ARC_DIMENSION
  5
2FD
330
2F7
100
AcDbEntity
  8
Grids
  6
CONTINOUS
 48
75.0
160
              2098
310
320800004B0000000C0000001300000000000000880000001D000000000000000000F03F0000000000000000000000000000000000000000000000000000000000000000000000000000F03F0000000000000000000000000000000000000000000000000000000000000000000000000000F03F0000000000000000000000
310
000000000000000000000000000000000000000000000000000000F03F0C00000016000000080000C30C00000017000000090000000C0000001200000003000000540000002000000002000000FFCFC57668B4C04000687BAFCCDFD1400000000000000000780BBE1CAB65BC407ED6AE4ED715D04000000000000000000000
310
0000000000000000000000000000000000000000F03F0C00000016000000080000C30C00000017000000090000000C0000001200000003000000540000002000000002000000FF4F46D2F53DC640FE3348E1A4DECF400000000000000000B687DFE962BCC340CD13AF1FBA4ACC400000000000000000000000000000000000
310
00000000000000000000000000F03F0C00000016000000080000C30C00000017000000050000000C00000012000000040000000C0000001400000002000000640000000400000000701036E821C740004A3AB83284D34000000000000000009FBE293A4140B64000000000000000000000000000000000000000000000F03F
310
2E8B34DB1DB3B1C0C8E42DC3FFF7AAC00000000000000000406977EA8731CD3F000000000C00000014000000010000000C00000016000000080000C30C00000017000000050000000C00000012000000040000000C0000001400000002000000640000000400000000701036E821C740004A3AB83284D34000000000000000
310
009FBE293A4140B64000000000000000000000000000000000000000000000F03FC0701275BA58A8C0E2043D7D2FA0B2C0000000000000000040CC735F1FB3D13F000000000C00000014000000010000000C00000016000000080000C30C00000017000000050000000C00000012000000FE7F000037000000210000002800
310
00004100000000000802640409CCFA269D0316F10323638C55B08F4102245C356B4F7ABE498110B15A7F2702000C00000016000000080000C30C00000017000000050000000C00000012000000FE7F0000370000002100000028000000410000000000080264040A3EF5B4B5AEEB0D0041313F747D77310262E9379B7F1AB0
310
9D4B2DE949BF2702000C00000016000000060000C30C00000017000000050000000C00000012000000040000000C00000016000000302821C20C00000014000000010000006C00000007000000040000005FD496431C18C04068A8A87C0F99CE4000000000000000007098BB43462BC140E041B6DD50D8CD40000000000000
310
0000137897C9BAF6C040D7B268684D8DCD4000000000000000000368E59221C7BF405F195B070C4ECE4000000000000000000C00000016000000060000C30C00000014000000010000000C00000016000000060000C3CC000000260000007CEB0ED0E45CC040B0EBE944F703CE400000000000000000000000000000000000
310
00000000000000000000000000F03F59452036A935EA3FB78CC64DED5BE2BF000000000000000033003600300032000000000004000000010000000000000000C06240000000000000F03F0000000000000000000000000000F03F000000000000000000000000000000000000000000000000000000000100000022000000
310
41007200690061006C0020004E006100720072006F0077000000000000000000000000000C00000016000000060000C30C00000017000000050000000C00000012000000000000000C00000014000000020000006400000004000000DF1C26079124C040C0D241F00533CE4000000000000000000024EDAD66A25E40000000
310
00000000000000000000000000000000000000F03F80F6DF6452175940805111C35A9351C00000000000000000182D4454FB210940000000000C00000014000000010000000C00000016000000FC0000C30C00000017000000050000000C00000012000000040000000C00000012000000000000000C000000140000000200
310
000054000000200000000200000000701036E821C740004A3AB83284D340000000000000000000701036E821C740004A3AB83284D340000000000000000000000000000000000000000000000000000000000000F03F0C00000014000000010000000C00000016000000FC0000C30C00000017000000050000000C00000012
310
000000040000000C00000012000000000000000C0000001400000002000000540000002000000002000000FFCFC57668B4C04000687BAFCCDFD1400000000000000000FFCFC57668B4C04000687BAFCCDFD140000000000000000000000000000000000000000000000000000000000000F03F0C0000001400000001000000
310
0C00000016000000FC0000C30C00000017000000050000000C00000012000000040000000C00000012000000000000000C0000001400000002000000540000002000000002000000FF4F46D2F53DC640FE3348E1A4DECF400000000000000000FF4F46D2F53DC640FE3348E1A4DECF40000000000000000000000000000000
310
000000000000000000000000000000F03F0C00000014000000010000000C00000016000000FC0000C30C00000017000000050000000C00000012000000040000000C00000012000000000000000C00000014000000020000005400000020000000020000004A36CB28C7B1BF403EC5C4BBD49FCE4000000000000000004A36
310
CB28C7B1BF403EC5C4BBD49FCE40000000000000000000000000000000000000000000000000000000000000F03F0C0000001400000001000000080000001F000000
100
AcDbDimension
280
     0
  2
*D15
 10
8113.777966213945
 20
15679.66198024398
 30
0.0
 11
8575.74999929878
 21
15319.27265379143
 31
0.0
 70
     5
 71
     5
 42
3602.38091688444
 73
     0
 74
     0
 75
     0
  3
A-GFC-75
100
AcDbArcDimension
 13
8552.816124655306
 23
18303.19821057468
 33
0.0
 14
11387.92047957331
 24
16317.28812506236
 34
0.0
 15
11843.81414990872
 25
19984.79249436594
 35
0.0
 70
     0
 40
3.613976018240431
 41
4.588717132978739
 71
     0
 16
8552.816124655306
 26
18303.19821057468
 36
0.0
 17
11387.92047957331
 27
16317.28812506236
 37
0.0
1001
ACAD
1000
DSTYLE
1002
{
1070
   345
1005
8EF
1002
}
  0
ARC_DIMENSION
  5
2FE
330
2F7
100
AcDbEntity
  8
Grids
  6
CONTINOUS
 48
75.0
160
              2100
310
340800004B0000000C0000001300000000000000880000001D000000000000000000F03F0000000000000000000000000000000000000000000000000000000000000000000000000000F03F0000000000000000000000000000000000000000000000000000000000000000000000000000F03F0000000000000000000000
310
000000000000000000000000000000000000000000000000000000F03F0C00000016000000080000C30C00000017000000090000000C000000120000000300000054000000200000000200000000E823274A3EC6400010BDB864E1CF4000000000000000009F25D9EB3347C8407BA387504ED9CB4000000000000000000000
310
0000000000000000000000000000000000000000F03F0C00000016000000080000C30C00000017000000090000000C000000120000000300000054000000200000000200000000B046620D55CD4000D0B21CABBAD14000000000000000004FF0FB26F75DCF40252E30D13F6DCF400000000000000000000000000000000000
310
00000000000000000000000000F03F0C00000016000000080000C30C00000017000000050000000C00000012000000040000000C0000001400000002000000640000000400000000A8956AD018C74000DCC8A01980D3400000000000000000DC9A56E5A527B64000000000000000000000000000000000000000000000F03F
310
20D8EDFEDED78140446EBE59D50AB6C00000000000000000307599C9DC3DD23F000000000C00000014000000010000000C00000016000000080000C30C00000017000000050000000C00000012000000040000000C0000001400000002000000640000000400000000A8956AD018C74000DCC8A01980D34000000000000000
310
00DC9A56E5A527B64000000000000000000000000000000000000000000000F03F906BF674E340A540A0CA946F9F70B3C00000000000000000709A51E5B35BD53F000000000C00000014000000010000000C00000016000000080000C30C00000017000000050000000C00000012000000FE7F000039000000210000002A00
310
000041001000000008026404086D88D6F0491F2100E490FDB54C3F31028925EBA8D3F8E177496F0F79B2D03F0000020C00000016000000080000C30C00000017000000050000000C00000012000000FE7F0000370000002100000028000000410000000000080264040A989FBD196D3B3D029EA63778F5D33D02C74BC6785F
310
E48DAA5A5B4A133F2702000C00000016000000060000C30C00000017000000050000000C00000012000000040000000C00000016000000302821C20C00000014000000010000006C0000000700000004000000D4B3D371092DCB40E7CC6CCDFAD9CC4000000000000000003560E7A5C95BCC400BC3C191C872CD4000000000
310
0000000097D37DF20D85CC40D67D1D7A0521CD40000000000000000036276ABE4D56CB40B287C8B53788CC4000000000000000000C00000016000000060000C30C00000014000000010000000C00000016000000060000C3CC00000026000000751615AD2CD3CB404AD818763FD1CC40000000000000000000000000000000
310
000000000000000000000000000000F03FB1A6783C4B91EC3F33323A5D4DD6DC3F000000000000000034003300300039000000670004000000010000000000000000C06240000000000000F03F0000000000000000000000000000F03F00000000000000000000000000000000000000000000000000000000010000002200
310
000041007200690061006C0020004E006100720072006F00770000006E0000002000000073000C00000016000000060000C30C00000017000000050000000C00000012000000000000000C00000014000000020000006400000004000000027B3CAADD8CCB403F80E26EBCB4CC4000000000000000000022EDAD66A25E4000
310
000000000000000000000000000000000000000000F03F0041F8BF31595B400063E1F6419B4B400000000000000000F82C4454FB210940000000000C00000014000000010000000C00000016000000FC0000C30C00000017000000050000000C00000012000000040000000C00000012000000000000000C00000014000000
310
0200000054000000200000000200000000A8956AD018C74000DCC8A01980D340000000000000000000A8956AD018C74000DCC8A01980D340000000000000000000000000000000000000000000000000000000000000F03F0C00000014000000010000000C00000016000000FC0000C30C00000017000000050000000C0000
310
0012000000040000000C00000012000000000000000C000000140000000200000054000000200000000200000000E823274A3EC6400010BDB864E1CF40000000000000000000E823274A3EC6400010BDB864E1CF40000000000000000000000000000000000000000000000000000000000000F03F0C000000140000000100
310
00000C00000016000000FC0000C30C00000017000000050000000C00000012000000040000000C00000012000000000000000C000000140000000200000054000000200000000200000000B046620D55CD4000D0B21CABBAD140000000000000000000B046620D55CD4000D0B21CABBAD14000000000000000000000000000
310
0000000000000000000000000000000000F03F0C00000014000000010000000C00000016000000FC0000C30C00000017000000050000000C00000012000000040000000C00000012000000000000000C0000001400000002000000540000002000000002000000552251DB7AD8CA40F69533FEB093CC400000000000000000
310
552251DB7AD8CA40F69533FEB093CC40000000000000000000000000000000000000000000000000000000000000F03F0C0000001400000001000000080000001F000000
100
AcDbDimension
280
     0
  2
*D16
 10
13744.95981802155
 20
14631.38275761435
 30
0.0
 11
14381.1592436667
 21
14905.11566101151
 31
0.0
 70
     5
 71
     5
 42
4308.606134059367
 73
     0
 74
     0
 75
     0
  3
A-GFC-75
100
AcDbArcDimension
 13
11388.5793194659
 23
16322.78688777238
 33
0.0
 14
15018.10456164926
 24
18154.67362661659
 34
0.0
 15
11825.62825270369
 25
19968.4004385136
 35
0.0
 70
     0
 40
4.593074896449878
 41
5.766532835170598
 71
     0
 16
11388.5793194659
 26
16322.78688777238
 36
0.0
 17
15018.10456164926
 27
18154.67362661659
 37
0.0
1001
ACAD
1000
DSTYLE
1002
{
1070
   345
1005
8EF
1002
}
  0
ARC_DIMENSION
  5
2FF
330
2F7
100
AcDbEntity
  8
Grids
  6
CONTINOUS
 48
75.0
160
              2100
310
340800004B0000000C0000001300000000000000880000001D000000000000000000F03F0000000000000000000000000000000000000000000000000000000000000000000000000000F03F0000000000000000000000000000000000000000000000000000000000000000000000000000F03F0000000000000000000000
310
000000000000000000000000000000000000000000000000000000F03F0C00000016000000080000C30C00000017000000090000000C0000001200000003000000540000002000000002000000FFC7426B4DDAC040FF7B43F1E543D540000000000000000030F58B14EEF5B840281C77131D50D54000000000000000000000
310
0000000000000000000000000000000000000000F03F0C00000016000000080000C30C00000017000000090000000C0000001200000003000000540000002000000002000000FFCFC57668B4C040FF677BAFCCDFD1400000000000000000D1FD912B24AAB8403308AFD103ECD1400000000000000000000000000000000000
310
00000000000000000000000000F03F0C00000016000000080000C30C00000017000000050000000C00000012000000040000000C00000014000000020000006400000004000000FFA7EFF7B618C740FE0D89D63280D340000000000000000069BBEFC31528B64000000000000000000000000000000000000000000000F03F
310
91E1A66D84F0B4C0205E27F717F89C400000000000000000301D1A6E13D7D13F000000000C00000014000000010000000C00000016000000080000C30C00000017000000050000000C00000012000000040000000C00000014000000020000006400000004000000FFA7EFF7B618C740FE0D89D63280D34000000000000000
310
0069BBEFC31528B64000000000000000000000000000000000000000000000F03F636A18071F1EB6C040ADB848DB0075C0000000000000000070DA0355A272CD3F000000000C00000014000000010000000C00000016000000080000C30C00000017000000050000000C00000012000000FE7F000037000000210000002800
310
0000410000000000080264040978C51CFC6162E5017CFD02BF1D0F5502BA297CAB29C5A816D8722DBF3F2702000C00000016000000080000C30C00000017000000050000000C00000012000000FE7F000039000000210000002A00000041000000000008026404099677B63DEF1AE102B516EA2BABC74503B3508FA2C323B9
310
4092F949E6AB277F72002E0C00000016000000060000C30C00000017000000050000000C00000012000000040000000C00000016000000302821C20C00000014000000010000006C0000000700000004000000CAC6CC01C7A4B740BAA0E9DA0C29D340000000000000000009BB71D277B3B740A6FC7DF651D1D34000000000
310
00000000C91490A9986AB8406491232852D0D34000000000000000008A20EBD8E75BB84078358F0C0D28D34000000000000000000C00000016000000060000C30C00000014000000010000000C00000016000000060000C3CC00000026000000435BE2963C50B840743F82C8116FD340000000000000000000000000000000
310
000000000000000000000000000000F03F5A0A6FAC3558963F867C29A90CFEEF3F000000000000000033003600310038000000000004000000010000000000000000C06240000000000000F03F0000000000000000000000000000F03F00000000000000000000000000000000000000000000000000000000010000002200
310
000041007200690061006C0020004E006100720072006F0077000000000000000000000000000C00000016000000060000C30C00000017000000050000000C00000012000000000000000C00000014000000020000006400000004000000693B5B839840B84026627C6B944AD34000000000000000000024EDAD66A25E4000
310
000000000000000000000000000000000000000000F03F0098FE9318640540002C5AA688A05E400000000000000000182D4454FB210940000000000C00000014000000010000000C00000016000000FC0000C30C00000017000000050000000C00000012000000040000000C00000012000000000000000C00000014000000
310
02000000540000002000000002000000FFA7EFF7B618C740FE0D89D63280D3400000000000000000FFA7EFF7B618C740FE0D89D63280D340000000000000000000000000000000000000000000000000000000000000F03F0C00000014000000010000000C00000016000000FC0000C30C00000017000000050000000C0000
310
0012000000040000000C00000012000000000000000C0000001400000002000000540000002000000002000000FFC7426B4DDAC040FF7B43F1E543D5400000000000000000FFC7426B4DDAC040FF7B43F1E543D540000000000000000000000000000000000000000000000000000000000000F03F0C000000140000000100
310
00000C00000016000000FC0000C30C00000017000000050000000C00000012000000040000000C00000012000000000000000C0000001400000002000000540000002000000002000000FFCFC57668B4C040FF677BAFCCDFD1400000000000000000FFCFC57668B4C040FF677BAFCCDFD14000000000000000000000000000
310
0000000000000000000000000000000000F03F0C00000014000000010000000C00000016000000FC0000C30C00000017000000050000000C00000012000000040000000C00000012000000000000000C00000014000000020000005400000020000000020000003BD1F453FC35B84078B4F67AC131D4400000000000000000
310
3BD1F453FC35B84078B4F67AC131D440000000000000000000000000000000000000000000000000000000000000F03F0C0000001400000001000000080000001F000000
100
AcDbDimension
280
     0
  2
*D17
 10
6197.985656071741
 20
20679.02313010811
 30
0.0
 11
6154.694963648356
 21
20092.56416362384
 31
0.0
 70
     5
 71
     5
 42
3617.770817271364
 73
     0
 74
     0
 75
     0
  3
A-GFC-75
100
AcDbArcDimension
 13
8628.604835841803
 23
21775.59285056219
 33
0.0
 14
8552.816124655306
 24
18303.19821057468
 34
0.0
 15
11825.42944141105
 25
19968.79434419982
 35
0.0
 70
     0
 40
2.627165607062983
 41
3.612374499720558
 71
     0
 16
8628.604835841803
 26
21775.59285056219
 36
0.0
 17
8552.816124655306
 27
18303.19821057468
 37
0.0
1001
ACAD
1000
DSTYLE
1002
{
1070
   345
1005
8EF
1002
}
  0
DIMENSION
  5
300
330
2F7
100
AcDbEntity
  8
Grids
  6
CONTINOUS
 48
75.0
100
AcDbDimension
280
     0
  2
*D18
 10
6575.218356792932
 20
40053.49245892575
 30
0.0
 11
7244.49567380652
 21
40757.4411708202
 31
0.0
 70
     1
 71
     5
 42
1942.653768479366
 73
     0
 74
     0
 75
     0
  3
A-GFC-75
100
AcDbAlignedDimension
 13
8905.721132095903
 23
40518.29789406247
 33
0.0000000013216095
 14
7567.166498068719
 24
39110.40047027357
 34
0.0000000013216095
1001
ACAD
1000
DSTYLE
1002
{
1070
   345
1005
8EF
1002
}
  0
LINE
  5
301
330
2F7
100
AcDbEntity
  8
Grids
 48
75.0
100
AcDbLine
 10
12973.86782687902
 20
21598.15564841405
 30
0.0
 11
9856.660964183511
 21
16869.09128028527
 31
0.0
  0
LINE
  5
302
330
2F7
100
AcDbEntity
  8
Grids
 48
75.0
100
AcDbLine
 10
31953.47317481041
 20
21144.66012855992
 30
0.0
 11
14939.49580227211
 21
54653.41968921386
 31
0.0
  0
LINE
  5
303
330
2F7
100
AcDbEntity
  8
Grids
 48
75.0
100
AcDbLine
 10
4722.066972400993
 20
46547.26727647334
 30
0.0
 11
18675.62643590197
 21
53632.14741267636
 31
0.0
  0
LINE
  5
304
330
2F7
100
AcDbEntity
  8
Grids
 48
75.0
100
AcDbLine
 10
6191.349272720516
 20
43653.53900555148
 30
0.0
 11
20165.11965944245
 21
50748.68118054047
 31
0.0
  0
LINE
  5
305
330
2F7
100
AcDbEntity
  8
Grids
 48
75.0
100
AcDbLine
 10
10238.77303346619
 20
41540.52715973369
 30
0.0
 11
21910.32075315714
 21
47466.72232264653
 31
0.0
  0
LINE
  5
306
330
2F7
100
AcDbEntity
  8
Grids
 48
75.0
100
AcDbLine
 10
11114.18298839032
 20
33958.09579973854
 30
0.0
 11
25155.67011968792
 21
41087.620959213
 31
0.0
  0
LINE
  5
307
330
2F7
100
AcDbEntity
  8
Grids
 48
75.0
100
AcDbLine
 10
12758.04652888328
 20
30720.53253526799
 30
0.0
 11
26822.14606066421
 21
37861.5390767809
 31
0.0
  0
LINE
  5
308
330
2F7
100
AcDbEntity
  8
Grids
 48
75.0
100
AcDbLine
 10
14727.42743424698
 20
26841.86796494573
 30
0.0
 11
28818.61706726626
 21
33996.62942832522
 31
0.0
  0
LINE
  5
309
102
{ACAD_REACTORS
330
354
330
357
102
}
330
2F7
100
AcDbEntity
  8
Grids
 48
75.0
100
AcDbLine
 10
17651.55150322616
 20
21177.49905425683
 30
0.0
 11
31784.62349757552
 21
28353.52616748959
 31
0.0
  0
LINE
  5
30A
330
2F7
100
AcDbEntity
  8
Grids
 48
75.0
100
AcDbLine
 10
16791.75612312183
 20
19269.7710620407
 30
0.0
 11
34757.47842323035
 21
22499.76196588203
 31
0.0
  0
CIRCLE
  5
30B
330
2F7
100
AcDbEntity
  8
Grids
  6
ByBlock
 48
75.0
100
AcDbCircle
 10
18801.86851707473
 20
53697.61127769388
 30
0.0
 40
142.2061204073397
  0
TEXT
  5
30C
330
2F7
100
AcDbEntity
  8
Grids
  6
ByBlock
 62
     6
 48
75.0
100
AcDbText
 10
18753.01386494934
 20
53625.80314110965
 30
0.0
 40
150.0
  1
8
 50
0.0000000596140778
  7
SOBHA
100
AcDbText
  0
CIRCLE
  5
30D
330
2F7
100
AcDbEntity
  8
Grids
  6
ByBlock
 48
75.0
100
AcDbCircle
 10
20291.36174061522
 20
50814.14504555799
 30
0.0
 40
142.2061204073397
  0
TEXT
  5
30E
330
2F7
100
AcDbEntity
  8
Grids
  6
ByBlock
 62
     6
 48
75.0
100
AcDbText
 10
20242.50708848983
 20
50742.33690897561
 30
0.0
 40
150.0
  1
7
 50
0.0000000596140778
  7
SOBHA
100
AcDbText
  0
CIRCLE
  5
30F
330
2F7
100
AcDbEntity
  8
Grids
  6
ByBlock
 48
75.0
100
AcDbCircle
 10
22059.75497987121
 20
47486.52112485282
 30
0.0
 40
142.2061204073397
  0
TEXT
  5
310
330
2F7
100
AcDbEntity
  8
Grids
  6
ByBlock
 62
     6
 48
75.0
100
AcDbText
 10
21994.66283896938
 20
47399.09555700049
 30
0.0000000009916764
 40
150.0
  1
6
 50
0.0000000596140778
  7
SOBHA
100
AcDbText
  0
CIRCLE
  5
311
330
2F7
100
AcDbEntity
  8
Grids
  6
ByBlock
 48
75.0
100
AcDbCircle
 10
25281.91220085695
 20
41153.08482423052
 30
0.0
 40
142.2061204073397
  0
TEXT
  5
312
330
2F7
100
AcDbEntity
  8
Grids
  6
ByBlock
 62
     6
 48
75.0
100
AcDbText
 10
25233.05754873529
 20
41081.27668764814
 30
0.0
 40
150.0
  1
5
 50
0.0000000596140778
  7
SOBHA
100
AcDbText
  0
CIRCLE
  5
313
330
2F7
100
AcDbEntity
  8
Grids
  6
ByBlock
 48
75.0
100
AcDbCircle
 10
26975.97214227542
 20
37941.00863957778
 30
0.0
 40
142.2061204073397
  0
TEXT
  5
314
330
2F7
100
AcDbEntity
  8
Grids
  6
ByBlock
 62
     6
 48
75.0
100
AcDbText
 10
26927.11749015003
 20
37869.2005029954
 30
0.0
 40
150.0
  1
4
 50
0.0000000596140778
  7
SOBHA
100
AcDbText
  0
CIRCLE
  5
315
330
2F7
100
AcDbEntity
  8
Grids
  6
ByBlock
 48
75.0
100
AcDbCircle
 10
28944.85914843902
 20
34062.09329334274
 30
0.0
 40
142.2061204073397
  0
TEXT
  5
316
330
2F7
100
AcDbEntity
  8
Grids
  6
ByBlock
 62
     6
 48
75.0
100
AcDbText
 10
28896.00449631363
 20
33990.28515676036
 30
0.0
 40
150.0
  1
3
 50
0.0000000596140778
  7
SOBHA
100
AcDbText
  0
CIRCLE
  5
317
330
2F7
100
AcDbEntity
  8
Grids
  6
ByBlock
 48
75.0
100
AcDbCircle
 10
31910.86557874456
 20
28418.99003250897
 30
0.0
 40
142.2061204073397
  0
TEXT
  5
318
330
2F7
100
AcDbEntity
  8
Grids
  6
ByBlock
 62
     6
 48
75.0
100
AcDbText
 10
31862.0109266229
 20
28347.18189592473
 30
0.0
 40
150.0
  1
2
 50
0.0000000598225187
  7
SOBHA
100
AcDbText
  0
CIRCLE
  5
319
330
2F7
100
AcDbEntity
  8
Grids
  6
ByBlock
 48
75.0
100
AcDbCircle
 10
34899.6845436357
 20
22499.76196588203
 30
0.0
 40
142.2061204073397
  0
TEXT
  5
31A
330
2F7
100
AcDbEntity
  8
Grids
  6
ByBlock
 62
     6
 48
75.0
100
AcDbText
 10
34850.82989151404
 20
22427.95382929966
 30
0.0
 40
150.0
  1
1
 50
0.0000000598225187
  7
SOBHA
100
AcDbText
  0
LINE
  5
31B
330
2F7
100
AcDbEntity
  8
Grids
 48
75.0
100
AcDbLine
 10
25593.94557285309
 20
24347.92226479761
 30
0.0
 11
27612.75422095507
 21
20371.9105359111
 31
0.0
  0
ARC
  5
31C
330
2F7
100
AcDbEntity
  8
Grids
 48
75.0
100
AcDbCircle
 10
1944.365141808987
 20
32920.81703097187
 30
0.0000000013216095
 40
10311.2632911457
100
AcDbArc
 50
291.9205277631461
 51
59.65161588261652
  0
ARC
  5
31D
330
2F7
100
AcDbEntity
  8
Grids
 48
75.0
100
AcDbCircle
 10
1944.365141808987
 20
32920.81703097187
 30
0.0000000013216095
 40
8362.226871117963
100
AcDbArc
 50
291.2225411835673
 51
59.08585606093454
  0
LINE
  5
31E
330
2F7
100
AcDbEntity
  8
Grids
 48
75.0
100
AcDbLine
 10
4719.7595856525
 20
28484.12621783838
 30
0.0000000013216095
 11
7848.76661651954
 21
23845.46802416258
 31
0.0000000013216095
  0
LINE
  5
31F
330
2F7
100
AcDbEntity
  8
Grids
 48
75.0
100
AcDbLine
 10
5924.496109534055
 20
35137.81513457931
 30
0.0000000013216095
 11
11622.50464575365
 21
38311.69916542247
 31
0.0000000013216095
  0
LINE
  5
320
330
2F7
100
AcDbEntity
  8
Grids
 48
75.0
100
AcDbLine
 10
5502.477636694909
 20
36932.37535189651
 30
0.0000000013216095
 11
9628.467433072627
 21
41279.83971628174
 31
0.0000000013216095
  0
CIRCLE
  5
321
330
2F7
100
AcDbEntity
  8
Grids
  6
ByBlock
 48
75.0
100
AcDbCircle
 10
5382.83515567705
 20
36808.70822970569
 30
0.0000000013216095
 40
172.069405692881
  0
TEXT
  5
322
330
2F7
100
AcDbEntity
  8
Grids
  6
ByBlock
 62
     6
 48
75.0
100
AcDbText
 10
5226.806761279703
 20
36735.73410964757
 30
0.0000000013216095
 40
150.0
  1
CX6
 50
0.0000001067217058
  7
SOBHA
100
AcDbText
  0
CIRCLE
  5
323
330
2F7
100
AcDbEntity
  8
Grids
  6
ByBlock
 48
75.0
100
AcDbCircle
 10
5775.416037581861
 20
35054.77509406768
 30
0.0000000013216095
 40
170.6473444888076
  0
TEXT
  5
324
330
2F7
100
AcDbEntity
  8
Grids
  6
ByBlock
 62
     6
 48
75.0
100
AcDbText
 10
5619.310990214348
 20
34983.79683052376
 30
0.0000000013216095
 40
150.0
  1
CX5
 50
0.0000001067217058
  7
SOBHA
100
AcDbText
  0
CIRCLE
  5
325
330
2F7
100
AcDbEntity
  8
Grids
  6
ByBlock
 48
75.0
100
AcDbCircle
 10
6278.01819100976
 20
33591.77170633152
 30
0.000000001073208
 40
170.6473444888076
  0
TEXT
  5
326
330
2F7
100
AcDbEntity
  8
Grids
  6
ByBlock
 62
     6
 48
75.0
100
AcDbText
 10
6121.845628459007
 20
33515.68416800164
 30
0.0000000010172849
 40
150.0
  1
CX4
 50
0.0000001067217058
  7
SOBHA
100
AcDbText
  0
CIRCLE
  5
327
330
2F7
100
AcDbEntity
  8
Grids
  6
ByBlock
 48
75.0
100
AcDbCircle
 10
6125.643063876778
 20
31598.83256657236
 30
0.0000000007637105
 40
170.6473444888076
  0
TEXT
  5
328
330
2F7
100
AcDbEntity
  8
Grids
  6
ByBlock
 62
     6
 48
75.0
100
AcDbText
 10
5978.49161285907
 20
31520.33050732129
 30
0.0000000007593126
 40
150.0
  1
CX3
 50
0.0000001067217058
  7
SOBHA
100
AcDbText
  0
CIRCLE
  5
329
330
2F7
100
AcDbEntity
  8
Grids
  6
ByBlock
 48
75.0
100
AcDbCircle
 10
5399.44370893389
 20
30220.23189504072
 30
0.0000000013216095
 40
170.6473444888076
  0
TEXT
  5
32A
330
2F7
100
AcDbEntity
  8
Grids
  6
ByBlock
 62
     6
 48
75.0
100
AcDbText
 10
5236.143631022423
 20
30148.00982124731
 30
0.0000000013216095
 40
150.0
  1
CX2
  7
SOBHA
100
AcDbText
  0
CIRCLE
  5
32B
330
2F7
100
AcDbEntity
  8
Grids
  6
ByBlock
 48
75.0
100
AcDbCircle
 10
4624.330765057355
 20
28625.59655529819
 30
0.0000000013216095
 40
170.6473444888076
  0
TEXT
  5
32C
330
2F7
100
AcDbEntity
  8
Grids
  6
ByBlock
 62
     6
 48
75.0
100
AcDbText
 10
4478.79196242243
 20
28565.53135433793
 30
0.0000000013216095
 40
150.0
  1
CX1
  7
SOBHA
100
AcDbText
  0
CIRCLE
  5
32D
330
2F7
100
AcDbEntity
  8
Grids
  6
ByBlock
 48
75.0
100
AcDbCircle
 10
4820.80005761981
 20
25044.04037356749
 30
0.0000000005385341
 40
170.6473444888076
  0
TEXT
  5
32E
330
2F7
100
AcDbEntity
  8
Grids
  6
ByBlock
 62
     6
 48
75.0
100
AcDbText
 10
4671.089979022741
 20
24976.54748233594
 30
0.0000000005385341
 40
150.0
  1
CY2
  7
SOBHA
100
AcDbText
  0
CIRCLE
  5
32F
330
2F7
100
AcDbEntity
  8
Grids
  6
ByBlock
 48
75.0
100
AcDbCircle
 10
5650.476885616779
 20
23262.35898469389
 30
0.0000000013216095
 40
170.6473444888076
  0
TEXT
  5
330
330
2F7
100
AcDbEntity
  8
Grids
  6
ByBlock
 62
     6
 48
75.0
100
AcDbText
 10
5513.029495902359
 20
23185.24065350741
 30
0.0000000013216095
 40
150.0
  1
CY1
  7
SOBHA
100
AcDbText
  0
LINE
  5
331
330
2F7
100
AcDbEntity
  8
Grids
 48
75.0
100
AcDbLine
 10
16754.56824256852
 20
22336.71405100822
 30
0.0
 11
6309.301093567163
 21
17199.86647291109
 31
0.0
  0
LINE
  5
332
330
2F7
100
AcDbEntity
  8
Grids
 48
75.0
100
AcDbLine
 10
12451.95250225812
 20
24171.68620269745
 30
0.0
 11
11051.46211616322
 21
13845.42859603837
 31
0.0
  0
TEXT
  5
333
330
2F7
100
AcDbEntity
  8
Grids
  6
ByBlock
 62
     6
 48
75.0
100
AcDbText
 10
11230.56336020678
 20
23591.56534957699
 30
0.0
 40
150.0
  1
DX2
  7
SOBHA
100
AcDbText
  0
TEXT
  5
334
330
2F7
100
AcDbEntity
  8
Grids
  6
ByBlock
 62
     6
 48
75.0
100
AcDbText
 10
11265.2938205199
 20
21680.94686239035
 30
0.0
 40
150.0
  1
DX1
  7
SOBHA
100
AcDbText
  0
TEXT
  5
335
330
2F7
100
AcDbEntity
  8
Grids
  6
ByBlock
 62
     6
 48
75.0
100
AcDbText
 10
10898.60759839043
 20
13605.27016650885
 30
0.0
 40
150.0
  1
DY2
  7
SOBHA
100
AcDbText
  0
TEXT
  5
336
330
2F7
100
AcDbEntity
  8
Grids
  6
ByBlock
 62
     6
 48
75.0
100
AcDbText
 10
6007.101296391338
 20
17052.35578670725
 30
0.0
 40
150.0
  1
DY3
  7
SOBHA
100
AcDbText
  0
DIMENSION
  5
337
330
2F7
100
AcDbEntity
  8
Grids
  6
CONTINOUS
 48
75.0
100
AcDbDimension
280
     0
  2
*D19
 10
7591.569630360503
 20
50239.05235224695
 30
0.0
 11
9018.204876199991
 21
50963.42234229143
 31
0.0
 71
     5
 42
3200.000004467831
 73
     0
 74
     0
 75
     0
  3
A-GFC-100
100
AcDbAlignedDimension
 13
10548.22698875889
 23
51484.17353248782
 33
0.0
 14
7694.956496223807
 24
50035.43355408497
 34
0.0
 50
26.91905317094683
100
AcDbRotatedDimension
1001
ACAD
1000
DSTYLE
1002
{
1070
   345
1005
8EF
1002
}
  0
DIMENSION
  5
338
330
2F7
100
AcDbEntity
  8
Grids
  6
CONTINOUS
 48
75.0
100
AcDbDimension
280
     0
  2
*D20
 10
5018.554281107954
 20
48932.61112586403
 30
0.0
 11
6305.061955344154
 21
49585.83173982008
 31
0.0
 71
     5
 42
2885.68824814168
 73
     0
 74
     0
 75
     0
  3
A-GFC-100
100
AcDbAlignedDimension
 13
7694.956496220083
 23
50035.43355408497
 33
0.0
 14
5121.94114697352
 24
48728.99232769757
 34
0.0
 50
26.91905317094683
100
AcDbRotatedDimension
1001
ACAD
1000
DSTYLE
1002
{
1070
   345
1005
8EF
1002
}
  0
LINE
  5
339
330
2F7
100
AcDbEntity
  8
Grids
 48
75.0
100
AcDbLine
 10
6446.626295007765
 20
33618.07424323447
 30
0.000000000737669
 11
12134.15564741194
 21
34498.8918426577
 31
0.0
  0
LINE
  5
33A
330
2F7
100
AcDbEntity
  8
Grids
 48
75.0
100
AcDbLine
 10
6288.34761634469
 20
31547.37632509135
 30
0.0000000007373226
 11
12167.05485419184
 21
29688.70035994612
 31
-0.0000000000533923
  0
LINE
  5
33B
330
2F7
100
AcDbEntity
  8
Grids
 48
75.0
100
AcDbLine
 10
5533.895699046553
 20
30115.14536623657
 30
0.0000000013216095
 11
10696.26974742114
 21
26080.09778568708
 31
0.0000000013216095
  0
LINE
  5
33C
330
2F7
100
AcDbEntity
  8
Grids
 48
75.0
100
AcDbLine
 10
6453.578120447694
 20
23008.17699397541
 30
0.0
 11
17193.11050702259
 21
16922.10125354305
 31
0.0
  0
TEXT
  5
33D
330
2F7
100
AcDbEntity
  8
Grids
  6
ByBlock
 62
     6
 48
75.0
100
AcDbText
 10
26349.00314836204
 20
19550.57338381372
 30
0.0
 40
300.0
  1
REF. GRID
 50
296.9190531704553
  7
SOBHA
100
AcDbText
  0
TEXT
  5
33E
330
2F7
100
AcDbEntity
  8
Grids
  6
ByBlock
 62
     6
 48
75.0
100
AcDbText
 10
5633.976580187678
 20
37192.23696080782
 30
0.0000000013216095
 40
150.0
  1
REF. GRID
 50
46.52380410090938
  7
SOBHA
100
AcDbText
  0
TEXT
  5
33F
330
2F7
100
AcDbEntity
  8
Grids
  6
ByBlock
 62
     6
 48
75.0
100
AcDbText
 10
6209.67408009246
 20
35378.87741216086
 30
0.0
 40
150.0
  1
REF. GRID
 50
29.1185227207117
  7
SOBHA
100
AcDbText
  0
TEXT
  5
340
330
2F7
100
AcDbEntity
  8
Grids
  6
ByBlock
 62
     6
 48
75.0
100
AcDbText
 10
6376.427584696561
 20
33942.94721287675
 30
-0.0000000007456422
 40
150.0
  1
REF. GRID
 50
8.803360060346506
  7
SOBHA
100
AcDbText
  0
TEXT
  5
341
330
2F7
100
AcDbEntity
  8
Grids
  6
ByBlock
 62
     6
 48
75.0
100
AcDbText
 10
6565.159860409797
 20
31554.87158901617
 30
-0.0000000007460846
 40
150.0
  1
REF. GRID
 50
342.454563129624
  7
SOBHA
100
AcDbText
  0
TEXT
  5
342
330
2F7
100
AcDbEntity
  8
Grids
  6
ByBlock
 62
     6
 48
75.0
100
AcDbText
 10
5772.642043858766
 20
30095.45116854646
 30
0.0
 40
150.0
  1
REF. GRID
 50
321.9878796218381
  7
SOBHA
100
AcDbText
  0
TEXT
  5
343
330
2F7
100
AcDbEntity
  8
Grids
  6
ByBlock
 62
     6
 48
75.0
100
AcDbText
 10
4953.038349915296
 20
28860.09750207886
 30
0.0
 40
150.0
  1
REF. GRID
 50
304.0016348000889
  7
SOBHA
100
AcDbText
  0
CIRCLE
  5
344
330
2F7
100
AcDbEntity
  8
Grids
  6
ByBlock
 48
75.0
100
AcDbCircle
 10
14875.11464868113
 20
54780.21735379472
 30
0.0
 40
142.2061204073397
  0
TEXT
  5
345
330
2F7
100
AcDbEntity
  8
Grids
  6
ByBlock
 62
     6
 48
75.0
100
AcDbText
 10
14826.25999655574
 20
54708.40921721235
 30
0.0
 40
150.0
  1
D
 50
0.0000000596140778
  7
SOBHA
100
AcDbText
  0
CIRCLE
  5
346
330
2F7
100
AcDbEntity
  8
Grids
  6
ByBlock
 48
75.0
100
AcDbCircle
 10
10104.55469318852
 20
52357.97910253331
 30
0.0
 40
142.2061204073397
  0
TEXT
  5
347
330
2F7
100
AcDbEntity
  8
Grids
  6
ByBlock
 62
     6
 48
75.0
100
AcDbText
 10
10055.70004106685
 20
52286.17096594907
 30
0.0
 40
150.0
  1
C
 50
0.0000000596140778
  7
SOBHA
100
AcDbText
  0
CIRCLE
  5
348
330
2F7
100
AcDbEntity
  8
Grids
  6
ByBlock
 48
75.0
100
AcDbCircle
 10
7241.981853220612
 20
50904.06926180794
 30
0.0
 40
142.2061204073397
  0
TEXT
  5
349
330
2F7
100
AcDbEntity
  8
Grids
  6
ByBlock
 62
     6
 48
75.0
100
AcDbText
 10
7193.127201098949
 20
50832.26112522557
 30
0.0
 40
150.0
  1
B
 50
0.0000000596140778
  7
SOBHA
100
AcDbText
  0
CIRCLE
  5
34A
330
2F7
100
AcDbEntity
  8
Grids
  6
ByBlock
 48
75.0
100
AcDbCircle
 10
4678.391368415207
 20
49602.55660296604
 30
0.0
 40
142.2061204073397
  0
TEXT
  5
34B
330
2F7
100
AcDbEntity
  8
Grids
  6
ByBlock
 62
     6
 48
75.0
100
AcDbText
 10
4629.536716293543
 20
49530.7484663818
 30
0.0
 40
150.0
  1
A
 50
0.0000000596140778
  7
SOBHA
100
AcDbText
  0
DIMENSION
  5
34C
330
2F7
100
AcDbEntity
  8
Grids
  6
CONTINOUS
 48
75.0
100
AcDbDimension
280
     0
  2
*D21
 10
10444.84012116926
 20
51687.79232964324
 30
0.0
 11
12830.12009824078
 21
52898.91145647223
 31
0.0
 71
     5
 42
5350.278537941485
 73
     0
 74
     0
 75
     0
  3
A-GFC-100
100
AcDbAlignedDimension
 13
15318.78694260865
 23
53906.41178231686
 33
0.0
 14
10548.22698703408
 24
51484.17353147827
 34
0.0
 50
26.91905317094683
100
AcDbRotatedDimension
1001
ACAD
1000
DSTYLE
1002
{
1070
   345
1005
8EF
1002
}
  0
DIMENSION
  5
34D
330
2F7
100
AcDbEntity
  8
Grids
  6
CONTINOUS
 48
75.0
100
AcDbDimension
280
     0
  2
*D22
 10
19565.40238873667
 20
50443.98496842003
 30
0.0
 11
18830.76123857505
 21
51890.84910388189
 31
0.0
 70
     1
 71
     5
 42
3245.37421324358
 73
     0
 74
     0
 75
     0
  3
A-GFC-75
100
AcDbAlignedDimension
 13
17878.30962633714
 23
53227.12059663794
 33
0.0
 14
19347.59192666039
 24
50333.39232571423
 34
0.0
1001
ACAD
1000
DSTYLE
1002
{
1070
   345
1005
8EF
1002
}
  0
DIMENSION
  5
34E
330
2F7
100
AcDbEntity
  8
Grids
  6
CONTINOUS
 48
75.0
100
AcDbDimension
280
     0
  2
*D23
 10
21247.88080238252
 20
47130.37032149773
 30
0.0
 11
20406.64159314328
 21
48787.177643925
 31
0.0
 71
     5
 42
3716.285194013027
 73
     0
 74
     0
 75
     0
  3
A-GFC-100
100
AcDbAlignedDimension
 13
19347.59192666039
 23
50333.39232571423
 33
0.0
 14
21247.88080237806
 24
47130.37032149546
 34
0.0
 50
116.9190532177887
100
AcDbRotatedDimension
1001
ACAD
1000
DSTYLE
1002
{
1070
   345
1005
8EF
1002
}
  0
DIMENSION
  5
34F
330
2F7
100
AcDbEntity
  8
Grids
  6
CONTINOUS
 48
75.0
100
AcDbDimension
280
     0
  2
*D24
 10
24488.23610439452
 20
40748.54176260119
 30
0.0
 11
22868.05844889056
 21
43939.45603976563
 31
0.0
 71
     5
 42
7157.348548060564
 73
     0
 74
     0
 75
     0
  3
A-GFC-100
100
AcDbAlignedDimension
 13
21247.88080237806
 23
47130.37032149546
 33
0.0
 14
24488.23610439897
 24
40748.54176260345
 34
0.0
 50
116.9190532177887
100
AcDbRotatedDimension
1001
ACAD
1000
DSTYLE
1002
{
1070
   345
1005
8EF
1002
}
  0
DIMENSION
  5
350
330
2F7
100
AcDbEntity
  8
Grids
  6
CONTINOUS
 48
75.0
100
AcDbDimension
280
     0
  2
*D25
 10
26132.0996448882
 20
37510.97849812921
 30
0.0
 11
25310.16787236076
 21
39129.76012920723
 31
0.0
 71
     5
 42
3630.992045050899
 73
     0
 74
     0
 75
     0
  3
A-GFC-100
100
AcDbAlignedDimension
 13
24488.23610439897
 23
40748.54176260345
 33
0.0
 14
26132.09964488447
 24
37510.97849812731
 34
0.0
 50
116.9190532177887
100
AcDbRotatedDimension
1001
ACAD
1000
DSTYLE
1002
{
1070
   345
1005
8EF
1002
}
  0
DIMENSION
  5
351
330
2F7
100
AcDbEntity
  8
Grids
  6
CONTINOUS
 48
75.0
100
AcDbDimension
280
     0
  2
*D26
 10
28101.48055024522
 20
33632.31392780542
 30
0.0
 11
27116.79009483163
 21
35571.64621157859
 31
0.0
 71
     5
 42
4349.999999939071
 73
     0
 74
     0
 75
     0
  3
A-GFC-100
100
AcDbAlignedDimension
 13
26132.09964488447
 23
37510.97849812731
 33
0.0
 14
28101.48055024818
 24
33632.31392780691
 34
0.0
 50
116.9190532177887
100
AcDbRotatedDimension
1001
ACAD
1000
DSTYLE
1002
{
1070
   345
1005
8EF
1002
}
  0
DIMENSION
  5
352
102
{ACAD_XDICTIONARY
360
353
102
}
102
{ACAD_REACTORS
330
354
102
}
330
2F7
100
AcDbEntity
  8
Grids
  6
CONTINOUS
 48
75.0
100
AcDbDimension
280
     0
  2
*D10
 10
31237.72554070503
 20
28075.84028516896
 30
0.0
 11
29794.80557885381
 21
30917.64833716585
 31
0.0
 71
     5
 42
6374.289300213182
 73
     0
 74
     0
 75
     0
  3
A-GFC-100
100
AcDbAlignedDimension
 13
27889.28233548254
 23
33524.5708877109
 33
0.0
 14
31237.72554070658
 24
28075.84028516816
 34
0.0
 50
116.9190532177887
100
AcDbRotatedDimension
1001
ACAD
1000
DSTYLE
1002
{
1070
   345
1005
8EF
1002
}
  0
DIMENSION
  5
355
102
{ACAD_XDICTIONARY
360
356
102
}
102
{ACAD_REACTORS
330
357
102
}
330
2F7
100
AcDbEntity
  8
Grids
  6
CONTINOUS
 48
75.0
100
AcDbDimension
280
     0
  2
*D11
 10
33786.52174481508
 20
23056.02644069088
 30
0.0
 11
32512.12363922885
 21
25565.93336113775
 31
0.0
 71
     5
 42
5629.821766564526
 73
     0
 74
     0
 75
     0
  3
A-GFC-100
100
AcDbAlignedDimension
 13
31237.72554070658
 23
28075.84028516816
 33
0.0
 14
31557.6114364937
 24
21924.30356630869
 34
0.0
 50
116.9190532177887
100
AcDbRotatedDimension
1001
ACAD
1000
DSTYLE
1002
{
1070
   345
1005
8EF
1002
}
  0
CIRCLE
  5
358
330
2F7
100
AcDbEntity
  8
Grids
  6
ByBlock
 48
75.0
100
AcDbCircle
 10
11376.38010804355
 20
23656.33783485368
 30
0.0
 40
170.6473444888076
  0
CIRCLE
  5
359
330
2F7
100
AcDbEntity
  8
Grids
  6
ByBlock
 48
75.0
100
AcDbCircle
 10
11402.49448697732
 20
21744.3819584866
 30
0.0
 40
170.6473444888076
  0
CIRCLE
  5
35A
330
2F7
100
AcDbEntity
  8
Grids
  6
ByBlock
 48
75.0
100
AcDbCircle
 10
6155.032610822469
 20
17126.91613765806
 30
0.0
 40
170.6473444888076
  0
CIRCLE
  5
35B
330
2F7
100
AcDbEntity
  8
Grids
  6
ByBlock
 48
75.0
100
AcDbCircle
 10
11051.45974095538
 20
13674.76373838261
 30
0.0
 40
170.6473444888076
  0
TEXT
  5
35C
330
2F7
100
AcDbEntity
  8
Grids
  6
ByBlock
 62
     6
 48
75.0
100
AcDbText
 10
17208.97176973894
 20
16769.78659836389
 30
0.0
 40
150.0
  1
DY1
  7
SOBHA
100
AcDbText
  0
CIRCLE
  5
35D
330
2F7
100
AcDbEntity
  8
Grids
  6
ByBlock
 48
75.0
100
AcDbCircle
 10
17346.49029589072
 20
16847.30047448166
 30
0.0
 40
170.6473444888076
  0
CIRCLE
  5
35E
330
2F7
100
AcDbEntity
  8
Grids
  6
ByBlock
 48
75.0
100
AcDbCircle
 10
6997.830463547259
 20
41887.45379761606
 30
0.0000000013216095
 40
170.6473444888076
  0
TEXT
  5
35F
330
2F7
100
AcDbEntity
  8
Grids
  6
ByBlock
 62
     6
 48
75.0
100
AcDbText
 10
6848.120384950191
 20
41819.96090638451
 30
0.0000000013216095
 40
150.0
  1
CY1
  7
SOBHA
100
AcDbText
  0
CIRCLE
  5
360
330
2F7
100
AcDbEntity
  8
Grids
  6
ByBlock
 48
75.0
100
AcDbCircle
 10
6099.413326881826
 20
40191.58722092211
 30
0.0000000006608047
 40
170.6473444888076
  0
TEXT
  5
361
330
2F7
100
AcDbEntity
  8
Grids
  6
ByBlock
 62
     6
 48
75.0
100
AcDbText
 10
5961.965937167406
 20
40114.46888973564
 30
0.0000000006608047
 40
150.0
  1
CY2
  7
SOBHA
100
AcDbText
  0
LINE
  5
362
330
2F7
100
AcDbEntity
  8
Grids
 48
75.0
100
AcDbLine
 10
26654.67301104591
 20
19762.78261921555
 30
0.0
 11
10168.93584661558
 21
52231.18143786676
 31
0.0
  0
LINE
  5
363
330
2F7
100
AcDbEntity
  8
Grids
 48
75.0
100
AcDbLine
 10
23159.09603247792
 20
19579.05511552282
 30
0.0
 11
7315.665354575962
 21
50782.44145943783
 31
0.0
  0
LINE
  5
364
330
2F7
100
AcDbEntity
  8
Grids
 48
75.0
100
AcDbLine
 10
20191.02538498491
 20
19050.66905593499
 30
0.0
 11
4742.772522009909
 21
49475.7589383833
 31
0.0
  0
ARC
  5
365
330
2F7
100
AcDbEntity
  8
Grids
 48
75.0
100
AcDbCircle
 10
11825.4294414185
 20
19968.79434419982
 30
0.0
 40
1793.421426810803
100
AcDbArc
 50
207.6361917862638
 51
98.08684455303776
  0
ENDBLK
  5
366
330
2F7
100
AcDbEntity
  8
0
 48
20.0
100
AcDbBlockEnd
  0
BLOCK
  5
368
330
367
100
AcDbEntity
  8
0
 48
20.0
100
AcDbBlockBegin
  2
_Dot
 70
     0
 10
0.0
 20
0.0
 30
0.0
  3
_Dot
  1

  0
LWPOLYLINE
  5
369
330
367
100
AcDbEntity
  8
0
  6
ByBlock
 62
     0
100
AcDbPolyline
 90
        2
 70
     1
 43
0.5
 10
-0.25
 20
0.0
 42
1.0
 10
0.25
 20
0.0
 42
1.0
  0
LINE
  5
36A
330
367
100
AcDbEntity
  8
0
  6
ByBlock
 62
     0
370
    -2
100
AcDbLine
 10
-0.5
 20
0.0
 30
0.0
 11
-1.0
 21
0.0
 31
0.0
  0
ENDBLK
  5
36B
330
367
100
AcDbEntity
  8
0
 48
20.0
100
AcDbBlockEnd
  0
BLOCK
  5
36F
330
36C
100
AcDbEntity
  8
0
 62
     1
100
AcDbBlockBegin
  2
A$C7186b494
 70
     0
 10
0.0
 20
0.0
 30
0.0
  3
A$C7186b494
  1

  0
HATCH
  5
370
330
36C
100
AcDbEntity
  8
S- Structural
  6
Continuous
 62
     9
 48
150.0
100
AcDbHatch
 10
0.0
 20
0.0
 30
0.0
210
0.0
220
0.0
230
1.0
  2
ANSI31
 70
     0
 71
     1
 91
        1
 92
        1
 93
        4
 72
     1
 10
0.0
 20
11467.29653247446
 11
272.1962780952454
 21
11047.98681207187
 72
     1
 10
272.1962780952454
 20
11047.98681207187
 11
1027.135685496032
 21
11537.9526261799
 72
     1
 10
1027.135685496032
 20
11537.9526261799
 11
754.8911915905773
 21
11957.336621508
 72
     1
 10
754.8911915905773
 20
11957.336621508
 11
0.0
 21
11467.29653247446
 97
        1
330
3CA
 75
     1
 76
     1
 52
35.0
 41
10.0
 77
     0
 78
     1
 53
106.919053134558
 43
-45735.75606626272
 44
123313.9386481475
 45
-30.37576033892371
 46
-9.239896310688218
 79
     0
 98
        1
 10
-106382.6578906365
 20
68100.31257978827
1001
GradientColor1ACI
1070
     5
1001
GradientColor2ACI
1070
     2
1001
ACAD
1010
0.0
1020
0.0
1030
0.0
  0
HATCH
  5
371
330
36C
100
AcDbEntity
  8
S- Structural
  6
Continuous
 62
     9
 48
150.0
100
AcDbHatch
 10
0.0
 20
0.0
 30
0.0
210
0.0
220
0.0
230
1.0
  2
ANSI31
 70
     0
 71
     1
 91
        1
 92
        1
 93
        4
 72
     1
 10
3979.087125163525
 20
19768.22528147511
 11
4111.775762595236
 21
18878.06028244644
 72
     1
 10
4111.775762595236
 20
18878.06028244644
 11
4606.311873167753
 21
18951.77619213052
 72
     1
 10
4606.311873167753
 20
18951.77619213052
 11
4473.623235736042
 21
19841.94119115919
 72
     1
 10
4473.623235736042
 20
19841.94119115919
 11
3979.087125163525
 21
19768.22528147511
 97
        1
330
3C7
 75
     1
 76
     1
 52
35.0
 41
10.0
 77
     0
 78
     1
 53
106.919053134558
 43
-45735.75606626272
 44
123313.9386481475
 45
-30.37576033892371
 46
-9.239896310688218
 79
     0
 98
        1
 10
-106382.6578906365
 20
68100.31257978827
1001
GradientColor1ACI
1070
     5
1001
GradientColor2ACI
1070
     2
1001
ACAD
1010
0.0
1020
0.0
1030
0.0
  0
HATCH
  5
372
330
36C
100
AcDbEntity
  8
S- Structural
  6
Continuous
 62
     9
 48
150.0
100
AcDbHatch
 10
0.0
 20
0.0
 30
0.0
210
0.0
220
0.0
230
1.0
  2
ANSI31
 70
     0
 71
     1
 91
        1
 92
        1
 93
        4
 72
     1
 10
4418.364178102463
 20
16676.78656458296
 11
4147.427582781761
 21
15818.53638837486
 72
     1
 10
4147.427582781761
 20
15818.53638837486
 11
3670.60399966687
 21
15969.09755183942
 72
     1
 10
3670.60399966687
 20
15969.09755183942
 11
3941.598163511604
 21
16827.32955028862
 72
     1
 10
3941.598163511604
 20
16827.32955028862
 11
4418.364178102463
 21
16676.78656458296
 97
        1
330
3C8
 75
     1
 76
     1
 52
35.0
 41
10.0
 77
     0
 78
     1
 53
106.919053134558
 43
-45735.75606626272
 44
123313.9386481475
 45
-30.37576033892371
 46
-9.239896310688218
 79
     0
 98
        1
 10
-106382.6578906365
 20
68100.31257978827
1001
GradientColor1ACI
1070
     5
1001
GradientColor2ACI
1070
     2
1001
ACAD
1010
0.0
1020
0.0
1030
0.0
  0
HATCH
  5
373
330
36C
100
AcDbEntity
  8
S- Structural
  6
Continuous
 62
     9
 48
150.0
100
AcDbHatch
 10
0.0
 20
0.0
 30
0.0
210
0.0
220
0.0
230
1.0
  2
ANSI31
 70
     0
 71
     1
 91
        1
 92
        1
 93
        4
 72
     1
 10
2779.275128845126
 20
14100.26787587814
 11
2224.955174349249
 21
13391.23375254683
 72
     1
 10
2224.955174349249
 20
13391.23375254683
 11
2618.863020647317
 21
13083.27822227217
 72
     1
 10
2618.863020647317
 20
13083.27822227217
 11
3173.182975139469
 21
13792.31234560348
 72
     1
 10
3173.182975139469
 20
13792.31234560348
 11
2779.275128845126
 21
14100.26787587814
 97
        1
330
3C9
 75
     1
 76
     1
 52
35.0
 41
10.0
 77
     0
 78
     1
 53
106.919053134558
 43
-45735.75606626272
 44
123313.9386481475
 45
-30.37576033892371
 46
-9.239896310688218
 79
     0
 98
        1
 10
-106382.6578906365
 20
68100.31257978827
1001
GradientColor1ACI
1070
     5
1001
GradientColor2ACI
1070
     2
1001
ACAD
1010
0.0
1020
0.0
1030
0.0
  0
HATCH
  5
374
330
36C
100
AcDbEntity
  8
S- Structural
  6
Continuous
 62
     9
 48
150.0
100
AcDbHatch
 10
0.0
 20
0.0
 30
0.0
210
0.0
220
0.0
230
1.0
  2
ANSI31
 70
     0
 71
     1
 91
        1
 92
        1
 93
        4
 72
     1
 10
2999.077970001847
 20
22544.44728290848
 11
3436.994217596949
 21
21758.17165687494
 72
     1
 10
3436.994217596949
 20
21758.17165687494
 11
3874.03312888369
 21
22001.5804994572
 72
     1
 10
3874.03312888369
 20
22001.5804994572
 11
3436.116881292313
 21
22787.85612548702
 72
     1
 10
3436.116881292313
 20
22787.85612548702
 11
2999.077970001847
 21
22544.44728290848
 97
        1
330
3C5
 75
     1
 76
     1
 52
35.0
 41
10.0
 77
     0
 78
     1
 53
106.919053134558
 43
-45735.75606626272
 44
123313.9386481475
 45
-30.37576033892371
 46
-9.239896310688218
 79
     0
 98
        1
 10
-106382.6578906365
 20
68100.31257978827
1001
GradientColor1ACI
1070
     5
1001
GradientColor2ACI
1070
     2
1001
ACAD
1010
0.0
1020
0.0
1030
0.0
  0
HATCH
  5
375
330
36C
100
AcDbEntity
  8
S- Structural
  6
Continuous
 62
     9
 48
150.0
100
AcDbHatch
 10
0.0
 20
0.0
 30
0.0
210
0.0
220
0.0
230
1.0
  2
ANSI31
 70
     0
 71
     1
 91
        1
 92
        1
 93
        4
 72
     1
 10
1089.142713181674
 20
24810.67485863529
 11
1752.706189140677
 21
24202.65881166421
 72
     1
 10
1752.706189140677
 20
24202.65881166421
 11
2090.492881901562
 21
24571.30518719554
 72
     1
 10
2090.492881901562
 20
24571.30518719554
 11
1426.639447592199
 21
25179.58691987395
 72
     1
 10
1426.639447592199
 20
25179.58691987395
 11
1089.142713181674
 21
24810.67485863529
 97
        1
330
3C6
 75
     1
 76
     1
 52
35.0
 41
10.0
 77
     0
 78
     1
 53
106.919053134558
 43
-45735.75606626272
 44
123313.9386481475
 45
-30.37576033892371
 46
-9.239896310688218
 79
     0
 98
        1
 10
-106382.6578906365
 20
68100.31257978827
1001
GradientColor1ACI
1070
     5
1001
GradientColor2ACI
1070
     2
1001
ACAD
1010
0.0
1020
0.0
1030
0.0
  0
HATCH
  5
376
330
36C
100
AcDbEntity
  8
Hatch
 62
     9
 48
25.0
100
AcDbHatch
 10
0.0
 20
0.0
 30
0.0
210
0.0
220
0.0
230
1.0
  2
SOLID
 70
     1
 71
     1
 91
        1
 92
        1
 93
        1
 72
     2
 10
667.2457275316119
 20
11592.69373158924
 40
125.0
 50
0.0
 51
360.0
 73
     1
 97
        1
330
3B9
 75
     1
 76
     1
 98
        1
 10
-352040.0793407708
 20
27974854.06788212
450
        0
451
        0
460
0.0
461
0.0
452
        0
462
0.0
453
        2
463
0.0
 63
     5
421
      255
463
1.0
 63
     2
421
 16776960
470
LINEAR
1001
GradientColor1ACI
1070
     5
1001
GradientColor2ACI
1070
     2
1001
ACAD
1010
0.0
1020
0.0
1030
0.0
  0
HATCH
  5
377
330
36C
100
AcDbEntity
  8
Hatch
 62
     9
 48
25.0
100
AcDbHatch
 10
0.0
 20
0.0
 30
0.0
210
0.0
220
0.0
230
1.0
  2
SOLID
 70
     1
 71
     1
 91
        1
 92
        1
 93
        1
 72
     2
 10
362.4576920121908
 20
11394.86558561772
 40
125.0
 50
0.0
 51
360.0
 73
     1
 97
        1
330
3BA
 75
     1
 76
     1
 98
        1
 10
-352040.0793407708
 20
27974854.06788212
450
        0
451
        0
460
0.0
461
0.0
452
        0
462
0.0
453
        2
463
0.0
 63
     5
421
      255
463
1.0
 63
     2
421
 16776960
470
LINEAR
1001
GradientColor1ACI
1070
     5
1001
GradientColor2ACI
1070
     2
1001
ACAD
1010
0.0
1020
0.0
1030
0.0
  0
HATCH
  5
378
330
36C
100
AcDbEntity
  8
Hatch
 62
     9
 48
25.0
100
AcDbHatch
 10
0.0
 20
0.0
 30
0.0
210
0.0
220
0.0
230
1.0
  2
SOLID
 70
     1
 71
     1
 91
        1
 92
        1
 93
        1
 72
     2
 10
2822.928049657494
 20
13722.89104606956
 40
125.0
 50
0.0
 51
360.0
 73
     1
 97
        1
330
3BB
 75
     1
 76
     1
 98
        1
 10
-10290750.95849739
 20
26015852.14575157
450
        0
451
        0
460
0.0
461
0.0
452
        0
462
0.0
453
        2
463
0.0
 63
     5
421
      255
463
1.0
 63
     2
421
 16776960
470
LINEAR
1001
GradientColor1ACI
1070
     5
1001
GradientColor2ACI
1070
     2
1001
ACAD
1010
0.0
1020
0.0
1030
0.0
  0
HATCH
  5
379
330
36C
100
AcDbEntity
  8
Hatch
 62
     9
 48
25.0
100
AcDbHatch
 10
0.0
 20
0.0
 30
0.0
210
0.0
220
0.0
230
1.0
  2
SOLID
 70
     1
 71
     1
 91
        1
 92
        1
 93
        1
 72
     2
 10
2608.636876415462
 20
13429.4442621246
 40
125.0
 50
0.0
 51
360.0
 73
     1
 97
        1
330
3BC
 75
     1
 76
     1
 98
        1
 10
-10290750.95849739
 20
26015852.14575157
450
        0
451
        0
460
0.0
461
0.0
452
        0
462
0.0
453
        2
463
0.0
 63
     5
421
      255
463
1.0
 63
     2
421
 16776960
470
LINEAR
1001
GradientColor1ACI
1070
     5
1001
GradientColor2ACI
1070
     2
1001
ACAD
1010
0.0
1020
0.0
1030
0.0
  0
HATCH
  5
37A
330
36C
100
AcDbEntity
  8
Hatch
 62
     9
 48
25.0
100
AcDbHatch
 10
0.0
 20
0.0
 30
0.0
210
0.0
220
0.0
230
1.0
  2
SOLID
 70
     1
 71
     1
 91
        1
 92
        1
 93
        1
 72
     2
 10
4077.473480489105
 20
16482.64581992477
 40
125.0
 50
0.0
 51
360.0
 73
     1
 97
        1
330
3BD
 75
     1
 76
     1
 98
        1
 10
-18886505.45627418
 20
20637206.82588397
450
        0
451
        0
460
0.0
461
0.0
452
        0
462
0.0
453
        2
463
0.0
 63
     5
421
      255
463
1.0
 63
     2
421
 16776960
470
LINEAR
1001
GradientColor1ACI
1070
     5
1001
GradientColor2ACI
1070
     2
1001
ACAD
1010
0.0
1020
0.0
1030
0.0
  0
HATCH
  5
37B
330
36C
100
AcDbEntity
  8
Hatch
 62
     9
 48
25.0
100
AcDbHatch
 10
0.0
 20
0.0
 30
0.0
210
0.0
220
0.0
230
1.0
  2
SOLID
 70
     1
 71
     1
 91
        1
 92
        1
 93
        1
 72
     2
 10
4077.473480489105
 20
16482.64581992477
 40
125.0
 50
0.0
 51
360.0
 73
     1
 97
        1
330
3BD
 75
     1
 76
     1
 98
        1
 10
52634.69566187635
 20
111813.8948250413
450
        0
451
        0
460
0.0
461
0.0
452
        0
462
0.0
453
        2
463
0.0
 63
     5
421
      255
463
1.0
 63
     2
421
 16776960
470
LINEAR
1001
GradientColor1ACI
1070
     5
1001
GradientColor2ACI
1070
     2
1001
ACAD
1010
0.0
1020
0.0
1030
0.0
  0
HATCH
  5
37C
330
36C
100
AcDbEntity
  8
Hatch
 62
     9
 48
25.0
100
AcDbHatch
 10
0.0
 20
0.0
 30
0.0
210
0.0
220
0.0
230
1.0
  2
SOLID
 70
     1
 71
     1
 91
        1
 92
        1
 93
        1
 72
     2
 10
3981.936976715923
 20
16132.06844133697
 40
125.0
 50
0.0
 51
360.0
 73
     1
 97
        1
330
3BE
 75
     1
 76
     1
 98
        1
 10
-18886505.45627418
 20
20637206.82588397
450
        0
451
        0
460
0.0
461
0.0
452
        0
462
0.0
453
        2
463
0.0
 63
     5
421
      255
463
1.0
 63
     2
421
 16776960
470
LINEAR
1001
GradientColor1ACI
1070
     5
1001
GradientColor2ACI
1070
     2
1001
ACAD
1010
0.0
1020
0.0
1030
0.0
  0
HATCH
  5
37D
330
36C
100
AcDbEntity
  8
Hatch
 62
     9
 48
25.0
100
AcDbHatch
 10
0.0
 20
0.0
 30
0.0
210
0.0
220
0.0
230
1.0
  2
SOLID
 70
     1
 71
     1
 91
        1
 92
        1
 93
        1
 72
     2
 10
1720.038207963109
 20
24568.27372419462
 40
125.0
 50
0.0
 51
360.0
 73
     1
 97
        1
330
3BF
 75
     1
 76
     1
 98
        1
 10
-4854376.532438327
 20
-27516069.25035598
450
        0
451
        0
460
0.0
461
0.0
452
        0
462
0.0
453
        2
463
0.0
 63
     5
421
      255
463
1.0
 63
     2
421
 16776960
470
LINEAR
1001
GradientColor1ACI
1070
     5
1001
GradientColor2ACI
1070
     2
1001
ACAD
1010
0.0
1020
0.0
1030
0.0
  0
HATCH
  5
37E
330
36C
100
AcDbEntity
  8
Hatch
 62
     9
 48
25.0
100
AcDbHatch
 10
0.0
 20
0.0
 30
0.0
210
0.0
220
0.0
230
1.0
  2
SOLID
 70
     1
 71
     1
 91
        1
 92
        1
 93
        1
 72
     2
 10
1451.12903830409
 20
24812.64962402172
 40
125.0
 50
0.0
 51
360.0
 73
     1
 97
        1
330
3C0
 75
     1
 76
     1
 98
        1
 10
-4854376.532438327
 20
-27516069.25035598
450
        0
451
        0
460
0.0
461
0.0
452
        0
462
0.0
453
        2
463
0.0
 63
     5
421
      255
463
1.0
 63
     2
421
 16776960
470
LINEAR
1001
GradientColor1ACI
1070
     5
1001
GradientColor2ACI
1070
     2
1001
ACAD
1010
0.0
1020
0.0
1030
0.0
  0
HATCH
  5
37F
330
36C
100
AcDbEntity
  8
Hatch
 62
     9
 48
25.0
100
AcDbHatch
 10
0.0
 20
0.0
 30
0.0
210
0.0
220
0.0
230
1.0
  2
SOLID
 70
     1
 71
     1
 91
        1
 92
        1
 93
        1
 72
     2
 10
3504.111343834549
 20
22118.41864310391
 40
125.0
 50
0.0
 51
360.0
 73
     1
 97
        1
330
3C1
 75
     1
 76
     1
 98
        1
 10
-14347273.821048
 20
-23980455.64897287
450
        0
451
        0
460
0.0
461
0.0
452
        0
462
0.0
453
        2
463
0.0
 63
     5
421
      255
463
1.0
 63
     2
421
 16776960
470
LINEAR
1001
GradientColor1ACI
1070
     5
1001
GradientColor2ACI
1070
     2
1001
ACAD
1010
0.0
1020
0.0
1030
0.0
  0
HATCH
  5
380
330
36C
100
AcDbEntity
  8
Hatch
 62
     9
 48
25.0
100
AcDbHatch
 10
0.0
 20
0.0
 30
0.0
210
0.0
220
0.0
230
1.0
  2
SOLID
 70
     1
 71
     1
 91
        1
 92
        1
 93
        1
 72
     2
 10
3339.930160652846
 20
22442.5733299721
 40
125.0
 50
0.0
 51
360.0
 73
     1
 97
        1
330
3C2
 75
     1
 76
     1
 98
        1
 10
-14347273.821048
 20
-23980455.64897287
450
        0
451
        0
460
0.0
461
0.0
452
        0
462
0.0
453
        2
463
0.0
 63
     5
421
      255
463
1.0
 63
     2
421
 16776960
470
LINEAR
1001
GradientColor1ACI
1070
     5
1001
GradientColor2ACI
1070
     2
1001
ACAD
1010
0.0
1020
0.0
1030
0.0
  0
HATCH
  5
381
330
36C
100
AcDbEntity
  8
Hatch
 62
     9
 48
25.0
100
AcDbHatch
 10
0.0
 20
0.0
 30
0.0
210
0.0
220
0.0
230
1.0
  2
SOLID
 70
     1
 71
     1
 91
        1
 92
        1
 93
        1
 72
     2
 10
4297.342604931444
 20
19192.51454072445
 40
125.0
 50
0.0
 51
360.0
 73
     1
 97
        1
330
3C3
 75
     1
 76
     1
 98
        1
 10
-21963494.52686391
 20
-17286428.23468159
450
        0
451
        0
460
0.0
461
0.0
452
        0
462
0.0
453
        2
463
0.0
 63
     5
421
      255
463
1.0
 63
     2
421
 16776960
470
LINEAR
1001
GradientColor1ACI
1070
     5
1001
GradientColor2ACI
1070
     2
1001
ACAD
1010
0.0
1020
0.0
1030
0.0
  0
HATCH
  5
382
330
36C
100
AcDbEntity
  8
Hatch
 62
     9
 48
25.0
100
AcDbHatch
 10
0.0
 20
0.0
 30
0.0
210
0.0
220
0.0
230
1.0
  2
SOLID
 70
     1
 71
     1
 91
        1
 92
        1
 93
        1
 72
     2
 10
4259.572879485786
 20
19553.90791335143
 40
125.0
 50
0.0
 51
360.0
 73
     1
 97
        1
330
3C4
 75
     1
 76
     1
 98
        1
 10
-21963494.52686391
 20
-17286428.23468159
450
        0
451
        0
460
0.0
461
0.0
452
        0
462
0.0
453
        2
463
0.0
 63
     5
421
      255
463
1.0
 63
     2
421
 16776960
470
LINEAR
1001
GradientColor1ACI
1070
     5
1001
GradientColor2ACI
1070
     2
1001
ACAD
1010
0.0
1020
0.0
1030
0.0
  0
HATCH
  5
383
330
36C
100
AcDbEntity
  8
S-COL HATCH
100
AcDbHatch
 10
0.0
 20
0.0
 30
0.0
210
0.0
220
0.0
230
1.0
  2
SOLID
 70
     1
 71
     0
 91
        1
 92
        1
 93
        4
 72
     1
 10
21622.94366831333
 20
6695.030591957271
 11
21552.16395781335
 21
7088.718580849178
 72
     1
 10
21552.16395781562
 20
7088.71858087927
 11
20813.99897866749
 21
6956.006623724767
 72
     1
 10
20813.99897866324
 20
6956.006623700261
 11
20884.77868915722
 21
6562.318634817377
 72
     1
 10
20884.77868913487
 20
6562.318634852767
 11
21622.94366828899
 21
6695.03059199822
 97
        0
 75
     1
 76
     1
 98
        1
 10
-5538.514313906431
 20
30667.01631009206
450
        0
451
        0
460
0.0
461
0.0
452
        0
462
0.0
453
        2
463
0.0
 63
     5
421
      255
463
1.0
 63
     2
421
 16776960
470
LINEAR
1001
GradientColor1ACI
1070
     5
1001
GradientColor2ACI
1070
     2
1001
ACAD
1010
0.0
1020
0.0
1030
0.0
  0
LWPOLYLINE
  5
384
330
36C
100
AcDbEntity
  8
S-COLUMN
100
AcDbPolyline
 90
        4
 70
     1
 43
0.0
 10
21622.94366831333
 20
6695.030591955408
 10
21552.16395780817
 20
7088.718580875546
 10
20813.99897866324
 20
6956.006623700261
 10
20884.77868913487
 20
6562.318634852767
  0
HATCH
  5
385
330
36C
100
AcDbEntity
  8
S-COL HATCH
100
AcDbHatch
 10
0.0
 20
0.0
 30
0.0
210
0.0
220
0.0
230
1.0
  2
SOLID
 70
     1
 71
     0
 91
        1
 92
        1
 93
        4
 72
     1
 10
17028.47675919905
 20
5869.007976256311
 11
16957.69704869017
 21
6262.695965146646
 72
     1
 10
16957.69704869389
 20
6262.695965144783
 11
16219.53206964582
 21
6129.984007515013
 72
     1
 10
16219.5320696719
 20
6129.984007535502
 11
16290.31347310543
 21
5736.286602238193
 72
     1
 10
16290.3134731166
 20
5736.286602227018
 11
17028.47675924003
 21
5869.007976263762
 97
        0
 75
     1
 76
     1
 98
        1
 10
-9985.348227184267
 20
29867.53608580679
450
        0
451
        0
460
0.0
461
0.0
452
        0
462
0.0
453
        2
463
0.0
 63
     5
421
      255
463
1.0
 63
     2
421
 16776960
470
LINEAR
1001
GradientColor1ACI
1070
     5
1001
GradientColor2ACI
1070
     2
1001
ACAD
1010
0.0
1020
0.0
1030
0.0
  0
LWPOLYLINE
  5
386
330
36C
100
AcDbEntity
  8
S-COLUMN
100
AcDbPolyline
 90
        4
 70
     1
 43
0.0
 10
17028.47675919905
 20
5869.007976256311
 10
16957.69704869389
 20
6262.695965144783
 10
16219.5320696719
 20
6129.984007535502
 10
16290.3117801696
 20
5736.296018643304
  0
HATCH
  5
387
330
36C
100
AcDbEntity
  8
S-COL HATCH
100
AcDbHatch
 10
0.0
 20
0.0
 30
0.0
210
0.0
220
0.0
230
1.0
  2
SOLID
 70
     1
 71
     0
 91
        1
 92
        1
 93
        4
 72
     1
 10
5946.503641098738
 20
20430.54990314133
 11
6243.225307397544
 21
20474.7794489488
 72
     1
 10
6243.225307416171
 20
20474.77944894135
 11
6353.799171943218
 21
19732.97528306395
 72
     1
 10
6353.799171939492
 20
19732.97528309561
 11
6057.077505610884
 21
19688.74573730118
 72
     1
 10
6057.077505614609
 20
19688.74573726207
 11
5946.503641117364
 21
20430.54990312644
 97
        0
 75
     1
 76
     1
 98
        1
 10
-5995.128082070499
 20
29433.24785420857
450
        0
451
        0
460
0.0
461
0.0
452
        0
462
0.0
453
        2
463
0.0
 63
     5
421
      255
463
1.0
 63
     2
421
 16776960
470
LINEAR
1001
GradientColor1ACI
1070
     5
1001
GradientColor2ACI
1070
     2
1001
ACAD
1010
0.0
1020
0.0
1030
0.0
  0
LWPOLYLINE
  5
388
330
36C
100
AcDbEntity
  8
S-COLUMN
100
AcDbPolyline
 90
        4
 70
     1
 43
0.0
 38
0.0000000013216095
 10
5946.503641098738
 20
20430.54990314133
 10
6243.225307416171
 20
20474.77944894135
 10
6353.799171939492
 20
19732.97528309561
 10
6057.077505614609
 20
19688.74573726207
  0
HATCH
  5
389
330
36C
100
AcDbEntity
  8
S-COL HATCH
100
AcDbHatch
 10
0.0
 20
0.0
 30
0.000000002643219
210
0.0
220
0.0
230
1.0
  2
SOLID
 70
     1
 71
     1
 91
        1
 92
        1
 93
        4
 72
     1
 10
5760.614713303745
 20
15800.5101408381
 11
6046.692046109587
 21
15710.17875290848
 72
     1
 10
6046.692046109587
 20
15710.17875290848
 11
5820.863576285541
 21
14994.98542086594
 72
     1
 10
5820.863576285541
 20
14994.98542086594
 11
5534.78624342382
 21
15085.31680877507
 72
     1
 10
5534.78624342382
 20
15085.31680877507
 11
5760.614713303745
 21
15800.5101408381
 97
        1
330
38A
 75
     1
 76
     1
 98
        1
 10
-27727862.30714514
 20
-4239643.097745279
450
        0
451
        0
460
0.0
461
0.0
452
        0
462
0.0
453
        2
463
0.0
 63
     5
421
      255
463
1.0
 63
     2
421
 16776960
470
LINEAR
1001
GradientColor1ACI
1070
     5
1001
GradientColor2ACI
1070
     2
1001
ACAD
1010
0.0
1020
0.0
1030
0.0
  0
LWPOLYLINE
  5
38A
102
{ACAD_REACTORS
330
389
102
}
330
36C
100
AcDbEntity
  8
S-COLUMN
100
AcDbPolyline
 90
        4
 70
     1
 43
0.0
 10
5760.614713303745
 20
15800.5101408381
 10
6046.692046109587
 20
15710.17875290848
 10
5820.863576285541
 20
14994.98542086594
 10
5534.78624342382
 20
15085.31680877507
  0
HATCH
  5
38B
330
36C
100
AcDbEntity
  8
S-COL HATCH
100
AcDbHatch
 10
0.0
 20
0.0
 30
0.0
210
0.0
220
0.0
230
1.0
  2
SOLID
 70
     1
 71
     0
 91
        1
 92
        1
 93
        4
 72
     1
 10
25728.05448987708
 20
7433.073313439265
 11
25538.96147533879
 21
7805.489964867011
 72
     1
 10
25538.96147532388
 20
7805.489964885637
 11
24948.42949201167
 21
7699.320399168879
 72
     1
 10
24948.42949201539
 20
7699.32039914839
 11
25019.20920250937
 21
7305.632410265506
 72
     1
 10
25019.2092024982
 20
7305.632410259917
 11
25728.05448985473
 21
7433.073313431815
 97
        0
 75
     1
 76
     1
 98
        1
 10
-1404.083800572902
 20
31410.33008552156
450
        0
451
        0
460
0.0
461
0.0
452
        0
462
0.0
453
        2
463
0.0
 63
     5
421
      255
463
1.0
 63
     2
421
 16776960
470
LINEAR
1001
GradientColor1ACI
1070
     5
1001
GradientColor2ACI
1070
     2
1001
ACAD
1010
0.0
1020
0.0
1030
0.0
  0
LWPOLYLINE
  5
38C
330
36C
100
AcDbEntity
  8
S-COLUMN
100
AcDbPolyline
 90
        4
 70
     1
 43
0.0
 10
25728.05448987708
 20
7433.073313456029
 10
25538.96147532388
 20
7805.489964885637
 10
24948.42949201539
 20
7699.32039914839
 10
25019.2092024982
 20
7305.632410259917
  0
HATCH
  5
38D
330
36C
100
AcDbEntity
  8
S-COL HATCH
100
AcDbHatch
 10
0.0
 20
0.0
 30
0.0
210
0.0
220
0.0
230
1.0
  2
SOLID
 70
     1
 71
     0
 91
        1
 92
        1
 93
        4
 72
     1
 10
10363.03426679224
 20
37694.23861586862
 11
10181.9417697891
 21
38050.89742695165
 72
     1
 10
10181.94176978618
 20
38050.89742695168
 11
9513.206498979968
 21
37711.34899500769
 72
     1
 10
9513.206498980522
 20
37711.34899500757
 11
9694.29899602443
 21
37354.69018394305
 72
     1
 10
9694.298996023833
 20
37354.69018394314
 11
10363.03426678927
 21
37694.23861586862
 97
        0
 75
     1
 76
     1
 98
        1
 10
-55013.08426587283
 20
28011.92686004751
450
        0
451
        0
460
0.0
461
0.0
452
        0
462
0.0
453
        2
463
0.0
 63
     5
421
      255
463
1.0
 63
     2
421
 16776960
470
LINEAR
1001
GradientColor1ACI
1070
     5
1001
GradientColor2ACI
1070
     2
1001
ACAD
1010
0.0
1020
0.0
1030
0.0
  0
HATCH
  5
38E
330
36C
100
AcDbEntity
  8
S-COL HATCH
100
AcDbHatch
 10
0.0
 20
0.0
 30
-0.0000000000349382
210
0.0
220
0.0
230
1.0
  2
SOLID
 70
     1
 71
     1
 91
        1
 92
        1
 93
        4
 72
     1
 10
22806.98427584767
 20
12302.54933471232
 11
23163.64308691025
 21
12483.64183177799
 72
     1
 10
23163.64308691025
 20
12483.64183177799
 11
22824.09457642212
 21
13152.37706266157
 72
     1
 10
22824.09457642212
 20
13152.37706266157
 11
22467.4357653223
 21
12971.28456558287
 72
     1
 10
22467.4357653223
 20
12971.28456558287
 11
22806.98427584767
 21
12302.54933471232
 97
        1
330
391
 75
     1
 76
     1
 98
        1
 10
13056.76275506988
 20
77812.41488163732
450
        0
451
        0
460
0.0
461
0.0
452
        0
462
0.0
453
        2
463
0.0
 63
     5
421
      255
463
1.0
 63
     2
421
 16776960
470
LINEAR
1001
GradientColor1ACI
1070
     5
1001
GradientColor2ACI
1070
     2
1001
ACAD
1010
0.0
1020
0.0
1030
0.0
  0
HATCH
  5
38F
330
36C
100
AcDbEntity
  8
S-COL HATCH
100
AcDbHatch
 10
0.0
 20
0.0
 30
0.0
210
0.0
220
0.0
230
1.0
  2
SOLID
 70
     1
 71
     1
 91
        1
 92
        1
 93
        4
 72
     1
 10
5904.798969697207
 20
35430.58271523751
 11
5723.706472638994
 21
35787.24152632058
 72
     1
 10
5723.706472638994
 20
35787.24152632058
 11
5054.971201881766
 21
35447.69309439324
 72
     1
 10
5054.971201881766
 20
35447.69309439324
 11
5236.06369889155
 21
35091.03428330273
 72
     1
 10
5236.06369889155
 20
35091.03428330273
 11
5904.798969697207
 21
35430.58271523751
 97
        1
330
392
 75
     1
 76
     1
 98
        1
 10
-59605.06661715358
 20
25680.36127306521
450
        0
451
        0
460
0.0
461
0.0
452
        0
462
0.0
453
        2
463
0.0
 63
     5
421
      255
463
1.0
 63
     2
421
 16776960
470
LINEAR
1001
GradientColor1ACI
1070
     5
1001
GradientColor2ACI
1070
     2
1001
ACAD
1010
0.0
1020
0.0
1030
0.0
  0
LWPOLYLINE
  5
390
330
36C
100
AcDbEntity
  8
S-COLUMN
100
AcDbPolyline
 90
        4
 70
     0
 43
0.0
 10
10181.94176978618
 20
38050.89742695168
 10
9513.206498980522
 20
37711.34899500757
 10
9694.298996023833
 20
37354.69018394314
 10
10363.03426679224
 20
37694.23861586862
  0
LWPOLYLINE
  5
391
102
{ACAD_REACTORS
330
38E
102
}
330
36C
100
AcDbEntity
  8
S-COLUMN
100
AcDbPolyline
 90
        4
 70
     1
 43
0.0
 10
22806.98427584767
 20
12302.54933471232
 10
23163.64308691025
 20
12483.64183177799
 10
22824.09457642212
 20
13152.37706266157
 10
22467.4357653223
 20
12971.28456558287
  0
LWPOLYLINE
  5
392
102
{ACAD_REACTORS
330
38F
102
}
330
36C
100
AcDbEntity
  8
S-COLUMN
100
AcDbPolyline
 90
        4
 70
     1
 43
0.0
 10
5904.798969697207
 20
35430.58271523751
 10
5723.706472638994
 20
35787.24152632058
 10
5054.971201881766
 20
35447.69309439324
 10
5236.06369889155
 20
35091.03428330273
  0
HATCH
  5
393
330
36C
100
AcDbEntity
  8
S-COL HATCH
100
AcDbHatch
 10
0.0
 20
0.0
 30
0.0
210
0.0
220
0.0
230
1.0
  2
SOLID
 70
     1
 71
     1
 91
        1
 92
        1
 93
        4
 72
     1
 10
4098.193047393113
 20
30705.60682595894
 11
4454.851858463138
 21
30886.69932300597
 72
     1
 10
4454.851858463138
 20
30886.69932300597
 11
4115.30219386518
 21
31555.43396788463
 72
     1
 10
4115.30219386518
 20
31555.43396788463
 11
3758.643382795155
 21
31374.34147085622
 72
     1
 10
3758.643382795155
 20
31374.34147085622
 11
4098.193047393113
 21
30705.60682595894
 97
        1
330
394
 75
     1
 76
     1
 98
        1
 10
-5652.029627382756
 20
96215.47178693674
450
        0
451
        0
460
0.0
461
0.0
452
        0
462
0.0
453
        2
463
0.0
 63
     5
421
      255
463
1.0
 63
     2
421
 16776960
470
LINEAR
1001
GradientColor1ACI
1070
     5
1001
GradientColor2ACI
1070
     2
1001
ACAD
1010
0.0
1020
0.0
1030
0.0
  0
LWPOLYLINE
  5
394
102
{ACAD_REACTORS
330
393
102
}
330
36C
100
AcDbEntity
  8
S-COLUMN
100
AcDbPolyline
 90
        4
 70
     1
 43
0.0
 10
4098.193047393113
 20
30705.60682595894
 10
4454.851858463138
 20
30886.69932300597
 10
4115.30219386518
 20
31555.43396788463
 10
3758.643382795155
 20
31374.34147085622
  0
HATCH
  5
395
330
36C
100
AcDbEntity
  8
S-COL HATCH
100
AcDbHatch
 10
0.0
 20
0.0
 30
0.0
210
0.0
220
0.0
230
1.0
  2
SOLID
 70
     1
 71
     1
 91
        1
 92
        1
 93
        4
 72
     1
 10
16432.32339400798
 20
24857.34241031483
 11
16788.98220509663
 21
25038.43490731157
 72
     1
 10
16788.98220509663
 20
25038.43490731157
 11
16449.43377315253
 21
25707.1701780986
 72
     1
 10
16449.43377315253
 20
25707.1701780986
 11
16092.77496210858
 21
25526.07768106274
 72
     1
 10
16092.77496210858
 20
25526.07768106274
 11
16432.32339400798
 21
24857.34241031483
 97
        1
330
396
 75
     1
 76
     1
 98
        1
 10
6750.011638231575
 20
90233.46094296872
450
        0
451
        0
460
0.0
461
0.0
452
        0
462
0.0
453
        2
463
0.0
 63
     5
421
      255
463
1.0
 63
     2
421
 16776960
470
LINEAR
1001
GradientColor1ACI
1070
     5
1001
GradientColor2ACI
1070
     2
1001
ACAD
1010
0.0
1020
0.0
1030
0.0
  0
LWPOLYLINE
  5
396
102
{ACAD_REACTORS
330
395
102
}
330
36C
100
AcDbEntity
  8
S-COLUMN
100
AcDbPolyline
 90
        4
 70
     1
 43
0.0
 10
16432.32339400798
 20
24857.34241031483
 10
16788.98220509663
 20
25038.43490731157
 10
16449.43377315253
 20
25707.1701780986
 10
16092.77496210858
 20
25526.07768106274
  0
HATCH
  5
397
330
36C
100
AcDbEntity
  8
S-COL HATCH
100
AcDbHatch
 10
0.0
 20
0.0
 30
0.0
210
0.0
220
0.0
230
1.0
  2
SOLID
 70
     1
 71
     0
 91
        1
 92
        1
 93
        4
 72
     1
 10
4653.961617838591
 20
23773.51929984242
 11
4916.053493142128
 21
23919.49138235487
 72
     1
 10
4916.053493160754
 20
23919.49138234183
 11
5280.983699500561
 21
23264.26169396378
 72
     1
 10
5280.983699489385
 20
23264.26169397682
 11
5018.89182415232
 21
23118.28961146623
 72
     1
 10
5018.891824163496
 20
23118.28961144015
 11
4653.961617857218
 21
23773.51929981634
 97
        0
 75
     1
 76
     1
 98
        1
 10
-9694.402971561999
 20
27989.62795824185
450
        0
451
        0
460
0.0
461
0.0
452
        0
462
0.0
453
        2
463
0.0
 63
     5
421
      255
463
1.0
 63
     2
421
 16776960
470
LINEAR
1001
GradientColor1ACI
1070
     5
1001
GradientColor2ACI
1070
     2
1001
ACAD
1010
0.0
1020
0.0
1030
0.0
  0
LWPOLYLINE
  5
398
330
36C
100
AcDbEntity
  8
S-COLUMN
100
AcDbPolyline
 90
        4
 70
     1
 43
0.0
 38
0.0000000013216095
 10
4653.961617838591
 20
23773.51929984242
 10
4916.053493160754
 20
23919.49138234183
 10
5280.983699489385
 20
23264.26169397682
 10
5018.891824163496
 20
23118.28961144015
  0
HATCH
  5
399
330
36C
100
AcDbEntity
  8
S-COL HATCH
100
AcDbHatch
 10
0.0
 20
0.0
 30
0.0
210
0.0
220
0.0
230
1.0
  2
SOLID
 70
     1
 71
     1
 91
        1
 92
        1
 93
        4
 72
     1
 10
20170.00645713508
 20
17495.61752894334
 11
20526.66526823863
 21
17676.71002592333
 72
     1
 10
20526.66526823863
 20
17676.71002592333
 11
20187.17817160487
 21
18345.47642184794
 72
     1
 10
20187.17817160487
 20
18345.47642184794
 11
19830.51936052739
 21
18164.38392481953
 72
     1
 10
19830.51936052739
 20
18164.38392481953
 11
20170.00645713508
 21
17495.61752894334
 97
        1
330
39A
 75
     1
 76
     1
 98
        1
 10
10487.69470132142
 20
82871.7360615693
450
        0
451
        0
460
0.0
461
0.0
452
        0
462
0.0
453
        2
463
0.0
 63
     5
421
      255
463
1.0
 63
     2
421
 16776960
470
LINEAR
1001
GradientColor1ACI
1070
     5
1001
GradientColor2ACI
1070
     2
1001
ACAD
1010
0.0
1020
0.0
1030
0.0
  0
LWPOLYLINE
  5
39A
102
{ACAD_REACTORS
330
399
102
}
330
36C
100
AcDbEntity
  8
S-COLUMN
100
AcDbPolyline
 90
        4
 70
     1
 43
0.0
 10
20170.00645713508
 20
17495.61752894334
 10
20526.66526823863
 20
17676.71002592333
 10
20187.17817160487
 20
18345.47642184794
 10
19830.51936052739
 20
18164.38392481953
  0
HATCH
  5
39B
330
36C
100
AcDbEntity
  8
S-COL HATCH
100
AcDbHatch
 10
0.0
 20
0.0
 30
0.0
210
0.0
220
0.0
230
1.0
  2
SOLID
 70
     1
 71
     1
 91
        1
 92
        1
 93
        4
 72
     1
 10
12923.1383475773
 20
14208.57284767739
 11
12742.04585056007
 21
14565.23165876791
 72
     1
 10
12742.04585056007
 20
14565.23165876791
 11
12073.31057976559
 21
14225.68322681077
 72
     1
 10
12073.31057976559
 20
14225.68322681077
 11
12254.4030768089
 21
13869.02441571466
 72
     1
 10
12254.4030768089
 20
13869.02441571466
 11
12923.1383475773
 21
14208.57284767739
 97
        1
330
39C
 75
     1
 76
     1
 98
        1
 10
-52452.98018509894
 20
4526.261091869325
450
        0
451
        0
460
0.0
461
0.0
452
        0
462
0.0
453
        2
463
0.0
 63
     5
421
      255
463
1.0
 63
     2
421
 16776960
470
LINEAR
1001
GradientColor1ACI
1070
     5
1001
GradientColor2ACI
1070
     2
1001
ACAD
1010
0.0
1020
0.0
1030
0.0
  0
LWPOLYLINE
  5
39C
102
{ACAD_REACTORS
330
39B
102
}
330
36C
100
AcDbEntity
  8
S-COLUMN
100
AcDbPolyline
 90
        4
 70
     1
 43
0.0
 10
12923.1383475773
 20
14208.57284767739
 10
12742.04585056007
 20
14565.23165876791
 10
12073.31057976559
 20
14225.68322681077
 10
12254.4030768089
 20
13869.02441571466
  0
HATCH
  5
39D
330
36C
100
AcDbEntity
  8
S-COL HATCH
100
AcDbHatch
 10
0.0
 20
0.0
 30
0.0
210
0.0
220
0.0
230
1.0
  2
SOLID
 70
     1
 71
     1
 91
        1
 92
        1
 93
        4
 72
     1
 10
10350.12661074847
 20
12902.09236369654
 11
10169.03411371261
 21
13258.75117476843
 72
     1
 10
10169.03411371261
 20
13258.75117476843
 11
9500.298842929304
 21
12919.20274284296
 72
     1
 10
9500.298842929304
 20
12919.20274284296
 11
9681.39133996889
 21
12562.54393175244
 72
     1
 10
9681.39133996889
 20
12562.54393175244
 11
10350.12661074847
 21
12902.09236369654
 97
        1
330
39E
 75
     1
 76
     1
 98
        1
 10
-55025.99192192778
 20
3219.780607910827
450
        0
451
        0
460
0.0
461
0.0
452
        0
462
0.0
453
        2
463
0.0
 63
     5
421
      255
463
1.0
 63
     2
421
 16776960
470
LINEAR
1001
GradientColor1ACI
1070
     5
1001
GradientColor2ACI
1070
     2
1001
ACAD
1010
0.0
1020
0.0
1030
0.0
  0
LWPOLYLINE
  5
39E
102
{ACAD_REACTORS
330
39D
102
}
330
36C
100
AcDbEntity
  8
S-COLUMN
100
AcDbPolyline
 90
        4
 70
     1
 43
0.0
 10
10350.12661074847
 20
12902.09236369654
 10
10169.03411371261
 20
13258.75117476843
 10
9500.298842929304
 20
12919.20274284296
 10
9681.39133996889
 20
12562.54393175244
  0
HATCH
  5
39F
330
36C
100
AcDbEntity
  8
S-COL HATCH
100
AcDbHatch
 10
0.0
 20
0.0
 30
0.0
210
0.0
220
0.0
230
1.0
  2
SOLID
 70
     1
 71
     1
 91
        1
 92
        1
 93
        4
 72
     1
 10
5622.291972305625
 20
27703.91598066315
 11
5978.950783371925
 21
27885.00847766921
 72
     1
 10
5978.950783371925
 20
27885.00847766921
 11
5639.40266084671
 21
28553.74390557036
 72
     1
 10
5639.40266084671
 20
28553.74390557036
 11
5282.743849817663
 21
28372.65140853077
 72
     1
 10
5282.743849817663
 20
28372.65140853077
 11
5622.291972305625
 21
27703.91598066315
 97
        1
330
3A0
 75
     1
 76
     1
 98
        1
 10
-4060.019783504308
 20
93080.03451334686
450
        0
451
        0
460
0.0
461
0.0
452
        0
462
0.0
453
        2
463
0.0
 63
     5
421
      255
463
1.0
 63
     2
421
 16776960
470
LINEAR
1001
GradientColor1ACI
1070
     5
1001
GradientColor2ACI
1070
     2
1001
ACAD
1010
0.0
1020
0.0
1030
0.0
  0
LWPOLYLINE
  5
3A0
102
{ACAD_REACTORS
330
39F
102
}
330
36C
100
AcDbEntity
  8
S-COLUMN
100
AcDbPolyline
 90
        4
 70
     1
 43
0.0
 10
5622.291972305625
 20
27703.91598066315
 10
5978.950783371925
 20
27885.00847766921
 10
5639.40266084671
 20
28553.74390557036
 10
5282.743849817663
 20
28372.65140853077
  0
HATCH
  5
3A1
330
36C
100
AcDbEntity
  8
S-COL HATCH
100
AcDbHatch
 10
0.0
 20
0.0
 30
0.0
210
0.0
220
0.0
230
1.0
  2
SOLID
 70
     1
 71
     1
 91
        1
 92
        1
 93
        4
 72
     1
 10
8987.070686142891
 20
21077.03652148694
 11
9343.729497227817
 21
21258.12901849672
 72
     1
 10
9343.729497227817
 20
21258.12901849672
 11
9004.209314685315
 21
21926.87862908654
 72
     1
 10
9004.209314685315
 20
21926.87862908654
 11
8647.550503633917
 21
21745.7861320749
 72
     1
 10
8647.550503633917
 20
21745.7861320749
 11
8987.070686142891
 21
21077.03652148694
 97
        1
330
3A2
 75
     1
 76
     1
 98
        1
 10
-695.2410696409643
 20
86453.15505417251
450
        0
451
        0
460
0.0
461
0.0
452
        0
462
0.0
453
        2
463
0.0
 63
     5
421
      255
463
1.0
 63
     2
421
 16776960
470
LINEAR
1001
GradientColor1ACI
1070
     5
1001
GradientColor2ACI
1070
     2
1001
ACAD
1010
0.0
1020
0.0
1030
0.0
  0
LWPOLYLINE
  5
3A2
102
{ACAD_REACTORS
330
3A1
102
}
330
36C
100
AcDbEntity
  8
S-COLUMN
100
AcDbPolyline
 90
        4
 70
     1
 43
0.0
 10
8987.070686142891
 20
21077.03652148694
 10
9343.729497227817
 20
21258.12901849672
 10
9004.209314685315
 20
21926.87862908654
 10
8647.550503633917
 20
21745.7861320749
  0
HATCH
  5
3A3
330
36C
100
AcDbEntity
  8
S-COL HATCH
 62
    30
100
AcDbHatch
 10
0.0
 20
0.0
 30
0.000000002643219
210
0.0
220
0.0
230
1.0
  2
SOLID
 70
     1
 71
     1
 91
        1
 92
        7
 72
     1
 73
     1
 93
        4
 10
2395.551069568843
 20
6471.297972751782
 42
-0.1331977755863529
 10
3334.549930028617
 20
8094.116585206242
 42
0.0
 10
3189.341623101384
 20
8231.691433697939
 42
0.1330649192076544
 10
2201.378166206181
 20
6519.341978909448
 42
0.0
 97
        1
330
3A4
 75
     1
 76
     1
 47
4.935781069970146
 98
        1
 10
2551.425488226116
 20
7269.432562187315
450
        0
451
        0
460
0.0
461
0.0
452
        0
462
0.0
453
        2
463
0.0
 63
     5
421
      255
463
1.0
 63
     2
421
 16776960
470
LINEAR
1001
GradientColor1ACI
1070
     5
1001
GradientColor2ACI
1070
     2
1001
ACAD
1010
0.0
1020
0.0
1030
0.0
  0
LWPOLYLINE
  5
3A4
102
{ACAD_REACTORS
330
3A3
102
}
330
36C
100
AcDbEntity
  8
S-COLUMN
100
AcDbPolyline
 90
        4
 70
     1
 43
0.0
 10
2201.378166206181
 20
6519.341978909448
 42
-0.1330649192076544
 10
3189.341623101384
 20
8231.691433697939
 10
3334.549930028617
 20
8094.116585206242
 42
0.1331977755863529
 10
2395.551069568843
 20
6471.297972751782
  0
HATCH
  5
3A5
330
36C
100
AcDbEntity
  8
S-COL HATCH
 62
    30
100
AcDbHatch
 10
0.0
 20
0.0
 30
0.0
210
0.0
220
0.0
230
1.0
  2
SOLID
 70
     1
 71
     1
 91
        1
 92
        1
 93
        4
 72
     1
 10
9406.23573230952
 20
6865.039021782577
 11
9218.999162748456
 21
6794.730083471164
 72
     2
 10
5862.654433764517
 20
5552.815839424729
 40
3578.742925854851
 50
20.30547513825288
 51
50.63897413315
 73
     1
 72
     1
 10
8132.310132652522
 20
8319.775170143694
 11
8258.116579394787
 21
8475.256464732812
 72
     2
 10
5862.654433809221
 20
5552.815839421004
 40
3778.742925815909
 50
309.3407410849733
 51
339.6799107572341
 73
     0
 97
        1
330
3A6
 75
     1
 76
     1
 98
        1
 10
-56244.59696580469
 20
37782.02193253115
450
        0
451
        0
460
0.0
461
0.0
452
        0
462
0.0
453
        2
463
0.0
 63
     5
421
      255
463
1.0
 63
     2
421
 16776960
470
LINEAR
1001
GradientColor1ACI
1070
     5
1001
GradientColor2ACI
1070
     2
1001
ACAD
1010
0.0
1020
0.0
1030
0.0
  0
LWPOLYLINE
  5
3A6
102
{ACAD_REACTORS
330
3A5
102
}
330
36C
100
AcDbEntity
  8
S-COLUMN
100
AcDbPolyline
 90
        4
 70
     1
 43
0.0
 10
9406.23573230952
 20
6865.039021782577
 10
9218.999162748456
 20
6794.730083471164
 42
0.1331331676250236
 10
8132.310132652522
 20
8319.775170143694
 10
8258.116579394787
 20
8475.256464732812
 42
-0.1331583492614696
  0
HATCH
  5
3A7
330
36C
100
AcDbEntity
  8
S-COL HATCH
 62
    30
100
AcDbHatch
 10
0.0
 20
0.0
 30
0.0
210
0.0
220
0.0
230
1.0
  2
SOLID
 70
     1
 71
     0
 91
        1
 92
        7
 72
     1
 73
     1
 93
        4
 10
2790.976135626435
 20
3698.519892893731
 42
-0.0528602753307659
 10
2470.833519183099
 20
4382.898295687511
 42
0.0
 10
2281.761068988592
 20
4317.693927289918
 42
0.0531660131924717
 10
2619.868129674345
 20
3594.97236289829
 42
0.0
 97
        0
 75
     1
 76
     1
 47
2.498787572180121
 98
        1
 10
2456.784813970327
 20
4031.373030902818
450
        0
451
        0
460
0.0
461
0.0
452
        0
462
0.0
453
        2
463
0.0
 63
     5
421
      255
463
1.0
 63
     2
421
 16776960
470
LINEAR
1001
GradientColor1ACI
1070
     5
1001
GradientColor2ACI
1070
     2
1001
ACAD
1010
0.0
1020
0.0
1030
0.0
  0
LWPOLYLINE
  5
3A8
330
36C
100
AcDbEntity
  8
S-COLUMN
100
AcDbPolyline
 90
        5
 70
     0
 43
0.0
 10
2790.976135626435
 20
3698.519892893731
 42
-0.0528602753307659
 10
2470.833519183099
 20
4382.898295687511
 10
2281.761068988592
 20
4317.693927289918
 42
0.0531660131924717
 10
2619.868129674345
 20
3594.97236289829
 10
2790.976135626435
 20
3698.519892893731
  0
HATCH
  5
3A9
330
36C
100
AcDbEntity
  8
S-COL HATCH
100
AcDbHatch
 10
0.0
 20
0.0
 30
0.0
210
0.0
220
0.0
230
1.0
  2
SOLID
 70
     1
 71
     1
 91
        1
 92
        1
 93
        4
 72
     1
 10
13067.54435796663
 20
31484.22170586884
 11
13424.20316900685
 21
31665.31420284323
 72
     1
 10
13424.20316900685
 20
31665.31420284323
 11
13084.65504648909
 21
32334.04963074997
 72
     1
 10
13084.65504648909
 20
32334.04963074997
 11
12727.99623544141
 21
32152.9571337048
 72
     1
 10
12727.99623544141
 20
32152.9571337048
 11
13067.54435796663
 21
31484.22170586884
 97
        1
330
3AA
 75
     1
 76
     1
 98
        1
 10
3385.232602130622
 20
96860.34023851714
450
        0
451
        0
460
0.0
461
0.0
452
        0
462
0.0
453
        2
463
0.0
 63
     5
421
      255
463
1.0
 63
     2
421
 16776960
470
LINEAR
1001
GradientColor1ACI
1070
     5
1001
GradientColor2ACI
1070
     2
1001
ACAD
1010
0.0
1020
0.0
1030
0.0
  0
LWPOLYLINE
  5
3AA
102
{ACAD_REACTORS
330
3A9
102
}
330
36C
100
AcDbEntity
  8
S-COLUMN
100
AcDbPolyline
 90
        4
 70
     1
 43
0.0
 10
13067.54435796663
 20
31484.22170586884
 10
13424.20316900685
 20
31665.31420284323
 10
13084.65504648909
 20
32334.04963074997
 10
12727.99623544141
 20
32152.9571337048
  0
HATCH
  5
3AB
330
36C
100
AcDbEntity
  8
S-COL HATCH
100
AcDbHatch
 10
0.0
 20
0.0
 30
0.0
210
0.0
220
0.0
230
1.0
  2
SOLID
 70
     1
 71
     1
 91
        1
 92
        1
 93
        4
 72
     1
 10
17951.80876304954
 20
21864.7407828737
 11
18308.46757411211
 21
22045.83327988535
 72
     1
 10
18308.46757411211
 20
22045.83327988535
 11
17968.91914220154
 21
22714.56855065935
 72
     1
 10
17968.91914220154
 20
22714.56855065935
 11
17612.26033115014
 21
22533.47605367005
 72
     1
 10
17612.26033115014
 20
22533.47605367005
 11
17951.80876304954
 21
21864.7407828737
 97
        1
330
3AC
 75
     1
 76
     1
 98
        1
 10
8269.497007329016
 20
87240.85931556672
450
        0
451
        0
460
0.0
461
0.0
452
        0
462
0.0
453
        2
463
0.0
 63
     5
421
      255
463
1.0
 63
     2
421
 16776960
470
LINEAR
1001
GradientColor1ACI
1070
     5
1001
GradientColor2ACI
1070
     2
1001
ACAD
1010
0.0
1020
0.0
1030
0.0
  0
LWPOLYLINE
  5
3AC
102
{ACAD_REACTORS
330
3AB
102
}
330
36C
100
AcDbEntity
  8
S-COLUMN
100
AcDbPolyline
 90
        4
 70
     1
 43
0.0
 10
17951.80876304954
 20
21864.7407828737
 10
18308.46757411211
 20
22045.83327988535
 10
17968.91914220154
 20
22714.56855065935
 10
17612.26033115014
 20
22533.47605367005
  0
HATCH
  5
3AD
330
36C
100
AcDbEntity
  8
S-COL HATCH
 62
    30
100
AcDbHatch
 10
0.0
 20
0.0
 30
0.0
210
0.0
220
0.0
230
1.0
  2
SOLID
 70
     1
 71
     0
 91
        1
 92
        7
 72
     1
 73
     1
 93
        6
 10
8900.850174784661
 20
3663.296547638252
 42
0.0
 10
9069.7863307409
 20
3562.888871520758
 42
0.0641665388057652
 10
9480.994724892081
 20
4470.909757947548
 42
0.0
 10
9577.704991526902
 20
4441.926359230652
 42
0.038549026877663
 10
9704.344317581504
 20
5027.519539499656
 42
0.0
 10
9405.819895651191
 20
5058.595610270277
 42
-0.1048070550564545
 97
        0
 75
     1
 76
     1
 47
3.666331515023203
 98
        1
 10
9442.064708210528
 20
4658.254590000956
450
        0
451
        0
460
0.0
461
0.0
452
        0
462
0.0
453
        2
463
0.0
 63
     5
421
      255
463
1.0
 63
     2
421
 16776960
470
LINEAR
1001
GradientColor1ACI
1070
     5
1001
GradientColor2ACI
1070
     2
1001
ACAD
1010
0.0
1020
0.0
1030
0.0
  0
LWPOLYLINE
  5
3AE
330
36C
100
AcDbEntity
  8
S-COLUMN
100
AcDbPolyline
 90
        7
 70
     1
 43
0.0
 38
-0.000000003351534
 10
9704.344317581504
 20
5027.519539499656
 10
9405.819895651191
 20
5058.595610270277
 10
9405.819895651191
 20
5058.595610270277
 42
-0.1048070550564544
 10
8900.850174784661
 20
3663.296547638252
 10
9069.7863307409
 20
3562.888871520758
 42
0.0641665388057652
 10
9480.994724892081
 20
4470.909757947548
 10
9577.704991526902
 20
4441.926359230652
 42
0.038549026877663
  0
HATCH
  5
3AF
330
36C
100
AcDbEntity
  8
S-COL HATCH
 62
    30
100
AcDbHatch
 10
0.0
 20
0.0
 30
0.0000000013216095
210
0.0
220
0.0
230
1.0
  2
SOLID
 70
     1
 71
     0
 91
        1
 92
        7
 72
     1
 73
     1
 93
        4
 10
5792.835961680859
 20
1771.153568143025
 42
0.0
 10
5796.05689490214
 20
1971.158567693084
 42
-0.0529148986750746
 10
5045.413736462593
 20
2063.699725748971
 42
0.0
 10
5000.16738595441
 20
1868.885019596666
 42
0.0529231911952472
 97
        0
 75
     1
 76
     1
 47
4.967254890069852
 98
        1
 10
5451.277641959489
 20
1891.322441125289
450
        0
451
        0
460
0.0
461
0.0
452
        0
462
0.0
453
        2
463
0.0
 63
     5
421
      255
463
1.0
 63
     2
421
 16776960
470
LINEAR
1001
GradientColor1ACI
1070
     5
1001
GradientColor2ACI
1070
     2
1001
ACAD
1010
0.0
1020
0.0
1030
0.0
  0
LWPOLYLINE
  5
3B0
330
36C
100
AcDbEntity
  8
S-COLUMN
100
AcDbPolyline
 90
        4
 70
     1
 43
0.0
 38
0.0000000013216095
 10
5796.05689490214
 20
1971.158567693084
 42
-0.0529148986750746
 10
5045.413736462593
 20
2063.699725748971
 10
5000.16738595441
 20
1868.885019596666
 42
0.0529231911952471
 10
5792.835961680859
 20
1771.153568143025
  0
HATCH
  5
3B1
330
36C
100
AcDbEntity
  8
S-COL HATCH
100
AcDbHatch
 10
0.0
 20
0.0
 30
0.0000000039648285
210
0.0
220
0.0
230
1.0
  2
SOLID
 70
     1
 71
     1
 91
        1
 92
        1
 93
        4
 72
     1
 10
1810.049582086503
 20
10191.95049286075
 11
1973.396278437227
 21
9940.32009565644
 72
     1
 10
1973.396278437227
 20
9940.32009565644
 11
1344.320285428315
 21
9531.953354844823
 72
     1
 10
1344.320285428315
 20
9531.953354844823
 11
1180.973589122295
 21
9783.583752017468
 72
     1
 10
1180.973589122295
 20
9783.583752017468
 11
1810.049582086503
 21
10191.95049286075
 97
        1
330
3B3
 75
     1
 76
     1
 98
        1
 10
-24108365.28717175
 20
14361571.20070442
450
        0
451
        0
460
0.0
461
0.0
452
        0
462
0.0
453
        2
463
0.0
 63
     5
421
      255
463
1.0
 63
     2
421
 16776960
470
LINEAR
1001
GradientColor1ACI
1070
     5
1001
GradientColor2ACI
1070
     2
1001
ACAD
1010
0.0
1020
0.0
1030
0.0
  0
HATCH
  5
3B2
330
36C
100
AcDbEntity
  8
S-COL HATCH
 62
     8
100
AcDbHatch
 10
0.0
 20
0.0
 30
0.0000000039648285
210
0.0
220
0.0
230
1.0
  2
SOLID
 70
     1
 71
     1
 91
        1
 92
        1
 93
        4
 72
     1
 10
4196.852675132453
 20
12546.10947523638
 11
4433.19738291204
 21
12361.33615706675
 72
     1
 10
4433.19738291204
 20
12361.33615706675
 11
3971.264087427408
 21
11770.47438769415
 72
     1
 10
3971.264087427408
 20
11770.47438769415
 11
3734.919379658997
 21
11955.24770587869
 72
     1
 10
3734.919379658997
 20
11955.24770587869
 11
4196.852675132453
 21
12546.10947523638
 97
        1
330
3B4
 75
     1
 76
     1
 98
        1
 10
-27463984.97836794
 20
5736323.495824572
450
        0
451
        0
460
0.0
461
0.0
452
        0
462
0.0
453
        2
463
0.0
 63
     5
421
      255
463
1.0
 63
     2
421
 16776960
470
LINEAR
1001
GradientColor1ACI
1070
     5
1001
GradientColor2ACI
1070
     2
1001
ACAD
1010
0.0
1020
0.0
1030
0.0
  0
LWPOLYLINE
  5
3B3
102
{ACAD_REACTORS
330
3B1
102
}
330
36C
100
AcDbEntity
  8
S-COLUMN
100
AcDbPolyline
 90
        4
 70
     1
 43
0.0
 38
0.0000000013216095
 10
1810.049582086503
 20
10191.95049286075
 10
1973.396278437227
 20
9940.32009565644
 10
1344.320285428315
 20
9531.953354844823
 10
1180.973589122295
 20
9783.583752017468
  0
LWPOLYLINE
  5
3B4
102
{ACAD_REACTORS
330
3B2
102
}
330
36C
100
AcDbEntity
  8
S-COLUMN
100
AcDbPolyline
 90
        4
 70
     1
 43
0.0
 38
0.0000000013216095
 10
4196.852675132453
 20
12546.10947523638
 10
4433.19738291204
 20
12361.33615706675
 10
3971.264087427408
 20
11770.47438769415
 10
3734.919379658997
 20
11955.24770587869
  0
HATCH
  5
3B5
330
36C
100
AcDbEntity
  8
S-COL HATCH
100
AcDbHatch
 10
0.0
 20
0.0
 30
0.0000000039648285
210
0.0
220
0.0
230
1.0
  2
SOLID
 70
     1
 71
     1
 91
        1
 92
        1
 93
        4
 72
     1
 10
2548.469201456756
 20
26244.55666544475
 11
2751.141217086464
 21
26465.74449075945
 72
     1
 10
2751.141217086464
 20
26465.74449075945
 11
3304.110780421645
 21
25959.06445163116
 72
     1
 10
3304.110780421645
 20
25959.06445163116
 11
3101.438764743507
 21
25737.87662631832
 72
     1
 10
3101.438764743507
 20
25737.87662631832
 11
2548.469201456756
 21
26244.55666544475
 97
        1
330
3B6
 75
     1
 76
     1
 98
        1
 10
-7849566.180985946
 20
-26910847.6433483
450
        0
451
        0
460
0.0
461
0.0
452
        0
462
0.0
453
        2
463
0.0
 63
     5
421
      255
463
1.0
 63
     2
421
 16776960
470
LINEAR
1001
GradientColor1ACI
1070
     5
1001
GradientColor2ACI
1070
     2
1001
ACAD
1010
0.0
1020
0.0
1030
0.0
  0
LWPOLYLINE
  5
3B6
102
{ACAD_REACTORS
330
3B5
102
}
330
36C
100
AcDbEntity
  8
S-COLUMN
100
AcDbPolyline
 90
        4
 70
     1
 43
0.0
 38
0.0000000013216095
 10
2548.469201456756
 20
26244.55666544475
 10
2751.141217086464
 20
26465.74449075945
 10
3304.110780421645
 20
25959.06445163116
 10
3101.438764743507
 20
25737.87662631832
  0
HATCH
  5
3B7
330
36C
100
AcDbEntity
  8
S-COL HATCH
100
AcDbHatch
 10
0.0
 20
0.0
 30
0.0000000039648285
210
0.0
220
0.0
230
1.0
  2
SOLID
 70
     1
 71
     1
 91
        1
 92
        1
 93
        4
 72
     1
 10
2548.469201475382
 20
26244.55666542985
 11
2751.141217112542
 21
26465.74449075386
 72
     1
 10
2751.141217112542
 20
26465.74449075386
 11
3304.110780406744
 21
25959.06445161439
 72
     1
 10
3304.110780406744
 20
25959.06445161439
 11
3101.438764743507
 21
25737.87662631832
 72
     1
 10
3101.438764743507
 20
25737.87662631832
 11
2548.469201475382
 21
26244.55666542985
 97
        1
330
3B8
 75
     1
 76
     1
 98
        1
 10
-7849566.180985942
 20
-26910847.64334834
450
        0
451
        0
460
0.0
461
0.0
452
        0
462
0.0
453
        2
463
0.0
 63
     5
421
      255
463
1.0
 63
     2
421
 16776960
470
LINEAR
1001
GradientColor1ACI
1070
     5
1001
GradientColor2ACI
1070
     2
1001
ACAD
1010
0.0
1020
0.0
1030
0.0
  0
LWPOLYLINE
  5
3B8
102
{ACAD_REACTORS
330
3B7
102
}
330
36C
100
AcDbEntity
  8
S-COLUMN
 62
    30
100
AcDbPolyline
 90
        4
 70
     1
 43
0.0
 38
0.0000000013216095
 10
2548.469201475382
 20
26244.55666542985
 10
2751.141217112542
 20
26465.74449075386
 10
3304.110780406744
 20
25959.06445161439
 10
3101.438764743507
 20
25737.87662631832
  0
CIRCLE
  5
3B9
102
{ACAD_REACTORS
330
376
102
}
330
36C
100
AcDbEntity
  8
Structural
 48
25.0
100
AcDbCircle
 10
667.2457275316119
 20
11592.69373158924
 30
0.0000000013216095
 40
125.0
  0
CIRCLE
  5
3BA
102
{ACAD_REACTORS
330
377
102
}
330
36C
100
AcDbEntity
  8
Structural
 48
25.0
100
AcDbCircle
 10
362.4576920121908
 20
11394.86558561772
 30
0.0000000013216095
 40
125.0
  0
CIRCLE
  5
3BB
102
{ACAD_REACTORS
330
378
102
}
330
36C
100
AcDbEntity
  8
Structural
 48
25.0
100
AcDbCircle
 10
2822.928049657494
 20
13722.89104606956
 30
0.0000000013216095
 40
125.0
  0
CIRCLE
  5
3BC
102
{ACAD_REACTORS
330
379
102
}
330
36C
100
AcDbEntity
  8
Structural
 48
25.0
100
AcDbCircle
 10
2608.636876415462
 20
13429.4442621246
 30
0.0000000013216095
 40
125.0
  0
CIRCLE
  5
3BD
102
{ACAD_REACTORS
330
37A
330
37B
102
}
330
36C
100
AcDbEntity
  8
Structural
 48
25.0
100
AcDbCircle
 10
4077.473480489105
 20
16482.64581992477
 30
0.0000000013216095
 40
125.0
  0
CIRCLE
  5
3BE
102
{ACAD_REACTORS
330
37C
102
}
330
36C
100
AcDbEntity
  8
Structural
 48
25.0
100
AcDbCircle
 10
3981.936976715923
 20
16132.06844133697
 30
0.0000000013216095
 40
125.0
  0
CIRCLE
  5
3BF
102
{ACAD_REACTORS
330
37D
102
}
330
36C
100
AcDbEntity
  8
Structural
 48
25.0
100
AcDbCircle
 10
1720.038207963109
 20
24568.27372419462
 30
0.0000000013216095
 40
125.0
  0
CIRCLE
  5
3C0
102
{ACAD_REACTORS
330
37E
102
}
330
36C
100
AcDbEntity
  8
Structural
 48
25.0
100
AcDbCircle
 10
1451.12903830409
 20
24812.64962402172
 30
0.0000000013216095
 40
125.0
  0
CIRCLE
  5
3C1
102
{ACAD_REACTORS
330
37F
102
}
330
36C
100
AcDbEntity
  8
Structural
 48
25.0
100
AcDbCircle
 10
3504.111343834549
 20
22118.41864310391
 30
0.0000000013216095
 40
125.0
  0
CIRCLE
  5
3C2
102
{ACAD_REACTORS
330
380
102
}
330
36C
100
AcDbEntity
  8
Structural
 48
25.0
100
AcDbCircle
 10
3339.930160652846
 20
22442.5733299721
 30
0.0000000013216095
 40
125.0
  0
CIRCLE
  5
3C3
102
{ACAD_REACTORS
330
381
102
}
330
36C
100
AcDbEntity
  8
Structural
 48
25.0
100
AcDbCircle
 10
4297.342604931444
 20
19192.51454072445
 30
0.0000000013216095
 40
125.0
  0
CIRCLE
  5
3C4
102
{ACAD_REACTORS
330
382
102
}
330
36C
100
AcDbEntity
  8
Structural
 48
25.0
100
AcDbCircle
 10
4259.572879485786
 20
19553.90791335143
 30
0.0000000013216095
 40
125.0
  0
LWPOLYLINE
  5
3C5
102
{ACAD_REACTORS
330
374
102
}
330
36C
100
AcDbEntity
  8
S-COLUMN
100
AcDbPolyline
 90
        4
 70
     1
 43
0.0
 38
0.0000000013216095
 10
2999.077970001847
 20
22544.44728290848
 10
3436.994217596949
 20
21758.17165687494
 10
3874.03312888369
 20
22001.5804994572
 10
3436.116881292313
 20
22787.85612548702
  0
LWPOLYLINE
  5
3C6
102
{ACAD_REACTORS
330
375
102
}
330
36C
100
AcDbEntity
  8
S-COLUMN
100
AcDbPolyline
 90
        4
 70
     1
 43
0.0
 38
0.0000000013096724
 10
1089.142713181674
 20
24810.67485863529
 10
1752.706189140677
 20
24202.65881166421
 10
2090.492881901562
 20
24571.30518719554
 10
1426.639447592199
 20
25179.58691987395
  0
LWPOLYLINE
  5
3C7
102
{ACAD_REACTORS
330
371
102
}
330
36C
100
AcDbEntity
  8
S-COLUMN
100
AcDbPolyline
 90
        4
 70
     1
 43
0.0
 10
3979.087125163525
 20
19768.22528147511
 10
4111.775762595236
 20
18878.06028244644
 10
4606.311873167753
 20
18951.77619213052
 10
4473.623235736042
 20
19841.94119115919
  0
LWPOLYLINE
  5
3C8
102
{ACAD_REACTORS
330
372
102
}
330
36C
100
AcDbEntity
  8
S-COLUMN
100
AcDbPolyline
 90
        4
 70
     1
 43
0.0
 38
0.0000000013096724
 10
4418.364178102463
 20
16676.78656458296
 10
4147.427582781761
 20
15818.53638837486
 10
3670.60399966687
 20
15969.09755183942
 10
3941.598163511604
 20
16827.32955028862
  0
LWPOLYLINE
  5
3C9
102
{ACAD_REACTORS
330
373
102
}
330
36C
100
AcDbEntity
  8
S-COLUMN
100
AcDbPolyline
 90
        5
 70
     0
 43
0.0
 38
0.0000000013096724
 10
2779.275128845126
 20
14100.26787587814
 10
2224.955174349249
 20
13391.23375254683
 10
2618.863020647317
 20
13083.27822227217
 10
3173.182975139469
 20
13792.31234560348
 10
2779.275128845126
 20
14100.26787587814
  0
LWPOLYLINE
  5
3CA
102
{ACAD_REACTORS
330
370
102
}
330
36C
100
AcDbEntity
  8
S-COLUMN
100
AcDbPolyline
 90
        5
 70
     0
 43
0.0
 38
0.0000000013096724
 10
0.0
 20
11467.29653247446
 10
272.1962780952454
 20
11047.98681207187
 10
1027.135685496032
 20
11537.9526261799
 10
754.8911915905773
 20
11957.336621508
 10
0.0
 20
11467.29653247446
  0
ARC
  5
3CB
330
36C
100
AcDbEntity
  8
STR-RC WALL
  6
Continuous
100
AcDbCircle
 10
15816.40567145124
 20
6402.604435222222
 30
0.0
 40
6352.604597935929
100
AcDbArc
 50
192.2105944684752
 51
200.7603752854048
  0
LINE
  5
3CC
330
36C
100
AcDbEntity
  8
STR-RC WALL
  6
Continuous
100
AcDbLine
 10
9876.269413396716
 20
4150.858025256544
 30
0.0
 11
10048.25375626236
 21
4261.818960456177
 31
0.0
  0
HATCH
  5
3CD
330
36C
100
AcDbEntity
  8
0
 62
     9
100
AcDbHatch
 10
0.0
 20
0.0
 30
0.000000002643219
210
0.0
220
0.0
230
1.0
  2
SOLID
 70
     1
 71
     1
 91
        1
 92
        7
 72
     1
 73
     1
 93
        4
 10
2201.378479532897
 20
6519.342144818977
 42
0.0
 10
2395.551382899284
 20
6471.298138648271
 42
-0.1331977755863529
 10
3334.55024336651
 20
8094.116751106456
 42
0.0
 10
3189.3419364281
 20
8231.691599613055
 42
0.1330649192076544
 97
        1
330
3CE
 75
     1
 76
     1
 47
4.935781069970146
 98
        1
 10
2551.425801545382
 20
7269.432728081942
450
        0
451
        0
460
0.0
461
0.0
452
        0
462
0.0
453
        2
463
0.0
 63
     5
421
      255
463
1.0
 63
     2
421
 16776960
470
LINEAR
1001
GradientColor1ACI
1070
     5
1001
GradientColor2ACI
1070
     2
1001
ACAD
1010
0.0
1020
0.0
1030
0.0
  0
LWPOLYLINE
  5
3CE
102
{ACAD_REACTORS
330
3CD
102
}
330
36C
100
AcDbEntity
  8
STR-RC WALL
100
AcDbPolyline
 90
        4
 70
     1
 43
0.0
 10
2201.378479532897
 20
6519.342144818977
 42
-0.1330649192076544
 10
3189.3419364281
 20
8231.691599613055
 10
3334.55024336651
 20
8094.116751106456
 42
0.1331977755863529
 10
2395.551382899284
 20
6471.298138648271
  0
HATCH
  5
3CF
330
36C
100
AcDbEntity
  8
0
 62
     9
100
AcDbHatch
 10
0.0
 20
0.0
 30
0.0
210
0.0
220
0.0
230
1.0
  2
SOLID
 70
     1
 71
     1
 91
        1
 92
        1
 93
        4
 72
     1
 10
9406.236045636237
 20
6865.039187680929
 11
9218.999476078897
 21
6794.730249384418
 72
     2
 10
5862.654747098684
 20
5552.816005351022
 40
3578.742925846589
 50
20.30547513806723
 51
50.63897413296436
 73
     1
 72
     1
 10
8132.310445990412
 20
8319.775336056947
 11
8258.116892740131
 21
8475.256630655378
 72
     2
 10
5862.65474710241
 20
5552.816005365923
 40
3778.74292583292
 50
309.34074108582
 51
339.6799107580808
 73
     0
 97
        1
330
3D0
 75
     1
 76
     1
 98
        1
 10
-56244.5966524668
 20
37782.02209844813
450
        0
451
        0
460
0.0
461
0.0
452
        0
462
0.0
453
        2
463
0.0
 63
     5
421
      255
463
1.0
 63
     2
421
 16776960
470
LINEAR
1001
GradientColor1ACI
1070
     5
1001
GradientColor2ACI
1070
     2
1001
ACAD
1010
0.0
1020
0.0
1030
0.0
  0
LWPOLYLINE
  5
3D0
102
{ACAD_REACTORS
330
3CF
102
}
330
36C
100
AcDbEntity
  8
STR-RC WALL
100
AcDbPolyline
 90
        4
 70
     1
 43
0.0
 10
9406.236045636237
 20
6865.039187680929
 10
9218.999476078897
 20
6794.730249384418
 42
0.1331331676250236
 10
8132.310445990412
 20
8319.775336056947
 10
8258.116892740131
 20
8475.256630655378
 42
-0.1331583492614696
  0
HATCH
  5
3D1
330
36C
100
AcDbEntity
  8
0
 62
     9
100
AcDbHatch
 10
0.0
 20
0.0
 30
0.0
210
0.0
220
0.0
230
1.0
  2
SOLID
 70
     1
 71
     1
 91
        1
 92
        7
 72
     1
 73
     1
 93
        4
 10
2619.868443015963
 20
3594.972528809682
 42
0.0
 10
2790.976448964328
 20
3698.520058797673
 42
-0.0528602753307659
 10
2470.833832532168
 20
4382.898461611941
 42
0.0
 10
2281.761382330209
 20
4317.69409320131
 42
0.0531660131924717
 97
        1
330
3D2
 75
     1
 76
     1
 47
2.498787572180121
 98
        1
 10
2456.785127300769
 20
4031.373196823522
450
        0
451
        0
460
0.0
461
0.0
452
        0
462
0.0
453
        2
463
0.0
 63
     5
421
      255
463
1.0
 63
     2
421
 16776960
470
LINEAR
1001
GradientColor1ACI
1070
     5
1001
GradientColor2ACI
1070
     2
1001
ACAD
1010
0.0
1020
0.0
1030
0.0
  0
LWPOLYLINE
  5
3D2
102
{ACAD_REACTORS
330
3D1
102
}
330
36C
100
AcDbEntity
  8
STR-RC WALL
100
AcDbPolyline
 90
        5
 70
     0
 43
0.0
 10
2790.976448964328
 20
3698.520058797673
 42
-0.0528602753307659
 10
2470.833832532168
 20
4382.898461611941
 10
2281.761382330209
 20
4317.69409320131
 42
0.0531660131924717
 10
2619.868443015963
 20
3594.972528809682
 10
2790.976448964328
 20
3698.520058797673
  0
HATCH
  5
3D3
330
36C
100
AcDbEntity
  8
0
 62
     9
100
AcDbHatch
 10
0.0
 20
0.0
 30
0.0
210
0.0
220
0.0
230
1.0
  2
SOLID
 70
     1
 71
     1
 91
        1
 92
        7
 72
     1
 73
     1
 93
        5
 10
8900.850488122554
 20
3663.296713553369
 42
0.0
 10
9069.786644060163
 20
3562.8890374396
 42
0.0641665388057652
 10
9480.995038252324
 20
4470.909923853352
 42
0.0385889995429131
 10
9704.344630926847
 20
5027.519705414772
 42
0.0
 10
9405.820208989084
 20
5058.595776187257
 42
-0.1048070550564545
 97
        1
330
3D4
 75
     1
 76
     1
 47
3.666331515023203
 98
        1
 10
9442.065021540969
 20
4658.254755901173
450
        0
451
        0
460
0.0
461
0.0
452
        0
462
0.0
453
        2
463
0.0
 63
     5
421
      255
463
1.0
 63
     2
421
 16776960
470
LINEAR
1001
GradientColor1ACI
1070
     5
1001
GradientColor2ACI
1070
     2
1001
ACAD
1010
0.0
1020
0.0
1030
0.0
  0
LWPOLYLINE
  5
3D4
102
{ACAD_REACTORS
330
3D3
102
}
330
36C
100
AcDbEntity
  8
STR-RC WALL
100
AcDbPolyline
 90
        7
 70
     1
 43
0.0
 38
-0.000000003351534
 10
9704.344630926847
 20
5027.519705414772
 10
9405.820208989084
 20
5058.595776187257
 10
9405.820208989084
 20
5058.595776187257
 42
-0.1048070550564544
 10
8900.850488122554
 20
3663.296713553369
 10
9069.786644060163
 20
3562.8890374396
 42
0.0641665388057652
 10
9480.995038252324
 20
4470.909923853352
 10
9577.705304864794
 20
4441.926525156945
 42
0.038549026877663
  0
LINE
  5
3D5
330
36C
100
AcDbEntity
  8
0
 48
20.0
100
AcDbLine
 10
8132.310445990412
 20
8319.775336056947
 30
0.0
 11
8259.151392430068
 21
8474.408367153257
 31
0.0
  0
LWPOLYLINE
  5
3D6
330
36C
100
AcDbEntity
  8
STR-RC WALL
 48
20.0
100
AcDbPolyline
 90
        3
 70
     0
 43
0.0
 10
8259.151392430068
 20
8474.408367153257
 42
-0.1463558368927955
 10
9469.799656491726
 20
6678.606262117624
 42
-0.1234096679896117
 10
10350.21548615768
 20
9639.323459293693
 42
-0.2262452299917971
  0
LINE
  5
3D7
330
36C
100
AcDbEntity
  8
STR-RC WALL
  6
Continuous
100
AcDbLine
 10
9069.7863307409
 20
3562.888871520758
 30
-0.0000000033760443
 11
9001.118217330427
 21
3405.770499095321
 31
0.0
  0
HATCH
  5
3D8
330
36C
100
AcDbEntity
  8
S- Structural
  6
Continuous
 62
     9
 48
150.0
100
AcDbHatch
 10
0.0
 20
0.0
 30
0.0
210
0.0
220
0.0
230
1.0
  2
ANSI31
 70
     0
 71
     0
 91
        1
 92
        1
 93
       10
 72
     1
 10
10623.84464195743
 20
9708.895265880972
 11
10451.76791651547
 21
9810.801858950407
 72
     2
 10
15859.72407219559
 20
6395.339310076088
 40
6396.199981592317
 50
147.7250275288765
 51
177.4617255676124
 73
     1
 72
     2
 10
5862.65474710241
 20
5552.81600534916
 40
3778.742925837649
 50
17.33314772749167
 51
20.32008924216035
 73
     1
 72
     1
 10
9406.236045636237
 20
6865.039187680929
 11
9217.894718211145
 21
6794.315403325483
 72
     2
 10
5855.764614678919
 20
5554.064986340701
 40
3583.593159094449
 50
339.7515729566055
 51
367.9457415744159
 73
     0
 72
     1
 10
9404.953200865538
 20
5058.686030799523
 11
9704.344630926847
 21
5027.519705414772
 72
     2
 10
5848.951470423489
 20
5554.790097404271
 40
3891.281342735942
 50
7.787559755852882
 51
11.0878328695382
 73
     0
 72
     2
 10
15816.40567145124
 20
6402.604435214773
 40
6352.604597932832
 50
194.552132968604
 51
200.7603753095291
 73
     1
 72
     2
 10
12746.29623536765
 20
-106.6682331264019
 40
5134.548104201812
 50
236.0158237867317
 51
238.3000054704633
 73
     0
 72
     2
 10
15831.63402016461
 20
6404.639915125445
 40
6167.590585534568
 50
159.6700813182815
 51
212.3944444503905
 73
     0
 97
        0
 75
     1
 76
     1
 52
35.0
 41
10.0
 77
     0
 78
     1
 53
80.0
 43
-25089095.75268919
 44
-12441536.78265784
 45
-31.2676461581376
 46
5.513329640925039
 79
     0
 98
        1
 10
9516.964104227723
 20
6127.244880467653
1001
GradientColor1ACI
1070
     5
1001
GradientColor2ACI
1070
     2
1001
ACAD
1010
0.0
1020
0.0
1030
0.0
  0
HATCH
  5
3D9
330
36C
100
AcDbEntity
  8
S- Structural
  6
Continuous
 62
     9
 48
150.0
100
AcDbHatch
 10
0.0
 20
0.0
 30
0.0
210
0.0
220
0.0
230
1.0
  2
ANSI31
 70
     0
 71
     0
 91
        1
 92
        7
 72
     1
 73
     1
 93
        6
 10
16289.70077729225
 20
5739.694513672962
 42
0.0
 10
16254.3104015626
 20
5936.541403112933
 42
0.0
 10
15778.8724283427
 20
5851.246134560555
 42
-0.6512487688640537
 10
15442.81177740171
 20
6856.254849519581
 42
0.0
 10
15270.73008703813
 20
6958.1515558213
 42
0.6435807293746877
 10
15791.83382734284
 20
5650.369917090983
 42
0.0
 97
        0
 75
     1
 76
     1
 52
35.0
 41
10.0
 77
     0
 78
     1
 53
80.0
 43
-25048358.35676278
 44
-12385616.63491952
 45
-31.2676461581376
 46
5.513329640925039
 79
     0
 47
8.939997524369594
 98
        1
 10
15654.11309591681
 20
5739.49709955044
1001
GradientColor1ACI
1070
     5
1001
GradientColor2ACI
1070
     2
1001
ACAD
1010
0.0
1020
0.0
1030
0.0
  0
HATCH
  5
3DA
330
36C
100
AcDbEntity
  8
S- Structural
  6
Continuous
 62
     9
 48
150.0
100
AcDbHatch
 10
0.0
 20
0.0
 30
0.0
210
0.0
220
0.0
230
1.0
  2
ANSI31
 70
     0
 71
     0
 91
       14
 92
        7
 72
     1
 73
     1
 93
        6
 10
5145.517608981579
 20
35269.36337649636
 42
0.0
 10
5054.97136047855
 20
35447.69278204255
 42
0.4142140032433907
 10
3738.22604957968
 20
31414.55394482613
 42
0.0
 10
3758.643744535744
 20
31374.34165452793
 42
0.0
 10
3936.973135069012
 20
31464.88789542578
 42
0.0
 10
3916.555318839849
 20
31505.10046174191
 42
-0.4142140032454739
 97
        0
 92
        7
 72
     0
 73
     1
 93
        4
 10
6358.161627460272
 20
35885.07992828265
 10
6267.615378905087
 20
36063.4093338009
 10
5723.706631232053
 20
35787.24121397361
 10
5814.252879757434
 20
35608.91180844046
 97
        0
 92
        7
 72
     0
 73
     1
 93
        4
 10
9513.206498984247
 20
37711.3489949964
 10
8969.305872805417
 20
37435.1849988345
 10
9059.8521213606
 20
37256.8555933144
 10
9603.752747509629
 20
37533.01958946139
 97
        0
 92
        7
 72
     0
 73
     1
 93
        4
 10
10363.03426681459
 20
37694.23861588165
 10
10184.70486127585
 20
37603.69236736745
 10
10899.03201258555
 20
36196.8363314718
 10
11077.36141812429
 20
36287.38257998973
 97
        0
 92
        7
 72
     0
 73
     1
 93
        4
 10
12449.13708315789
 20
33585.69208608009
 10
12270.80779463798
 20
33495.14560709708
 10
12906.32558836788
 20
32243.50335552171
 10
13084.65499390289
 20
32334.04960404895
 97
        0
 92
        7
 72
     0
 73
     1
 93
        4
 10
13424.20342585072
 20
31665.31433325634
 10
13245.87402030453
 20
31574.76808475517
 10
14112.00625906512
 20
29868.93432812951
 10
14290.33554758131
 20
29959.48080711812
 97
        0
 92
        7
 72
     0
 73
     1
 93
        6
 10
15662.1112126112
 20
27257.79031320848
 10
15483.78180707246
 20
27167.24406469054
 10
25427.96716385335
 20
7582.328153900802
 10
24983.79092235863
 20
7502.641351548955
 10
25019.16459438577
 20
7305.887718362734
 10
25728.05504419655
 20
7433.073010450229
 97
        0
 92
        7
 72
     1
 73
     1
 93
       10
 10
7879.409615773707
 20
12100.59496402182
 42
0.0
 10
6046.691892579198
 20
15710.178266678
 42
0.0
 10
5960.685782201588
 20
15437.79898382909
 42
0.0
 10
7701.079453714192
 20
12010.05020547658
 42
-0.3748146044818484
 10
7524.024956017733
 20
11309.04590641521
 42
0.0
 10
3551.989864889532
 20
8555.431342540309
 42
0.03218052180444
 10
3185.884113844484
 20
8234.967647850513
 42
0.0
 10
3331.127493992448
 20
8097.359569899738
 42
-0.0314423734886145
 10
3669.977128475905
 20
8393.866563048213
 42
0.0
 10
7637.971664372831
 20
11144.68001075834
 42
0.3748146044814535
 97
        0
 92
        7
 72
     1
 73
     1
 93
        4
 10
2391.790618821978
 20
6472.228417297825
 42
0.0
 10
2197.639873880893
 20
6520.2669408191
 42
0.1488984230330705
 10
2280.052400477231
 20
4317.104726098477
 42
0.0
 10
2469.151340518147
 20
4382.318229911849
 42
-0.1491422121730191
 97
        0
 92
        7
 72
     1
 73
     1
 93
        4
 10
2790.240277696401
 20
3698.074558213353
 42
0.0
 10
2619.08274371922
 20
3594.497055899352
 42
0.2022568584402394
 10
5000.032760452479
 20
1868.305370025337
 42
0.0
 10
5045.324663799256
 20
2063.316210512072
 42
-0.2022572387291834
 97
        0
 92
        7
 72
     1
 73
     1
 93
        6
 10
8819.022543855011
 20
3200.91480987519
 42
-0.0133477015984474
 10
9001.118217330427
 20
3405.770499093458
 42
0.0
 10
9069.7863307409
 20
3562.888871520758
 42
0.0
 10
8900.201078191399
 20
3663.682340011001
 42
-0.2638255150658925
 10
5796.053847208619
 20
1970.969319995493
 42
0.0
 10
5792.829556055367
 20
1770.755808439106
 42
0.2331743197435576
 97
        0
 92
        7
 72
     0
 73
     1
 93
        4
 10
4415.272385440767
 20
18923.29970816523
 10
4206.750980067998
 20
18892.21735693328
 10
5779.561650779098
 20
15794.52748173475
 10
6046.691569250077
 20
15710.17890348099
 97
        0
 92
        7
 72
     0
 73
     1
 93
        9
 10
3561.650196950882
 20
26657.21483308822
 10
5622.142186954618
 20
27704.21098087914
 10
5531.596016768366
 20
27882.54043656588
 10
3350.075210139156
 20
26774.04601292871
 10
3772.631035007537
 20
22183.64726514742
 10
3874.03312888369
 20
22001.5804994572
 10
3793.518519107253
 20
21956.73788368516
 10
3994.760628964752
 20
19770.561585268
 10
4192.892316490412
 20
19800.09523765556
 97
        0
 92
        7
 72
     0
 73
     1
 93
        4
 10
4276.521567553282
 20
30796.15262493677
 10
4098.192426528782
 20
30705.60651071742
 10
5282.744638867676
 20
28372.65180916712
 10
5461.07290945202
 20
28463.19748143107
 97
        0
 75
     1
 76
     1
 52
35.0
 41
10.0
 77
     0
 78
     1
 53
80.0
 43
-25047300.56897713
 44
-12424795.02859187
 45
-31.2676461581376
 46
5.513329640925039
 79
     0
 47
27.37511749160858
 98
       14
 10
4625.411980770528
 20
35093.15119373985
 10
5907.169204242528
 20
35749.05402305909
 10
9179.890097744763
 20
37535.55560573377
 10
10636.01658840477
 20
36961.6370024588
 10
12771.82965613156
 20
32795.76454371028
 10
13879.27373383939
 20
30489.90377190896
 10
16014.9745587036
 20
26178.66529961862
 10
7741.666341632605
 20
11335.68961824663
 10
2246.593143194914
 20
4594.38064407371
 10
3522.457617051899
 20
2657.78263056837
 10
7030.327280923724
 20
2030.987829117105
 10
5096.270735748112
 20
17349.29789575748
 10
4068.070110008121
 20
20382.71425939165
 10
4753.088222436606
 20
29735.15553589724
1001
GradientColor1ACI
1070
     5
1001
GradientColor2ACI
1070
     2
1001
ACAD
1010
0.0
1020
0.0
1030
0.0
  0
LWPOLYLINE
  5
3DB
330
36C
100
AcDbEntity
  8
STR-RC WALL
  6
Continuous
100
AcDbPolyline
 90
        2
 70
     0
 43
0.0
 10
10522.30836207419
 20
9537.421339301394
 42
0.2262431691890455
 10
10048.23718263954
 20
4261.862593404948
  0
LWPOLYLINE
  5
3DC
330
36C
100
AcDbEntity
  8
STR-RC WALL
  6
Continuous
100
AcDbPolyline
 90
        3
 70
     0
 43
0.0
 10
8969.305872805417
 20
37435.1849988345
 10
10181.94176978618
 20
38050.89742695168
 10
11077.36141812801
 20
36287.38257998414
  0
LWPOLYLINE
  5
3DD
330
36C
100
AcDbEntity
  8
STR-RC WALL
  6
Continuous
100
AcDbPolyline
 90
        2
 70
     0
 43
0.0
 10
12449.13708315789
 20
33585.69208608009
 10
14290.33554758504
 20
29959.48080711253
  0
LWPOLYLINE
  5
3DE
330
36C
100
AcDbEntity
  8
STR-RC WALL
  6
Continuous
100
AcDbPolyline
 90
        2
 70
     0
 43
0.0
 10
15649.29868683219
 20
27283.02438025549
 10
15649.29877747223
 20
27283.02420174144
  0
LWPOLYLINE
  5
3DF
330
36C
100
AcDbEntity
  8
STR-RC WALL
  6
Continuous
100
AcDbPolyline
 90
        2
 70
     0
 43
0.0
 10
15662.1112126112
 20
27257.79031320848
 10
25538.96140143276
 20
7805.489951601252
  0
LWPOLYLINE
  5
3E0
330
36C
100
AcDbEntity
  8
STR-RC WALL
  6
Continuous
100
AcDbPolyline
 90
        2
 70
     0
 43
0.0
 10
25570.65382872522
 20
7743.072216894478
 10
25570.65425966308
 20
7743.071368167178
  0
LWPOLYLINE
  5
3E1
330
36C
100
AcDbEntity
  8
STR-RC WALL
  6
Continuous
100
AcDbPolyline
 90
        6
 70
     0
 43
0.0
 10
16289.70077729225
 20
5739.694513672962
 10
15791.83382734284
 20
5650.369917090983
 42
-0.6435807293746878
 10
15270.73008703813
 20
6958.1515558213
 10
15442.81177740171
 20
6856.254849519581
 42
0.6512487688640541
 10
15778.8724283427
 20
5851.246134560555
 10
16254.3104015626
 20
5936.541403112933
  0
LWPOLYLINE
  5
3E2
330
36C
100
AcDbEntity
  8
STR-RC WALL
  6
Continuous
100
AcDbPolyline
 90
        2
 70
     0
 43
0.0
 10
25333.42040819302
 20
7768.536495039239
 10
22985.313682504
 20
12393.09558381513
  0
LWPOLYLINE
  5
3E3
330
36C
100
AcDbEntity
  8
STR-RC WALL
  6
Continuous
100
AcDbPolyline
 90
        2
 70
     0
 43
0.0
 10
22645.76525056362
 20
13061.83085458539
 10
20348.5045792535
 20
17586.24944279156
  0
LWPOLYLINE
  5
3E4
330
36C
100
AcDbEntity
  8
STR-RC WALL
  6
Continuous
100
AcDbPolyline
 90
        2
 70
     0
 43
0.0
 10
20008.95615446195
 20
18254.98469948768
 10
18130.13816861063
 20
21955.2870313935
  0
LWPOLYLINE
  5
3E5
330
36C
100
AcDbEntity
  8
STR-RC WALL
  6
Continuous
100
AcDbPolyline
 90
        2
 70
     0
 43
0.0
 10
17790.58973667025
 20
22624.0223021619
 10
16610.6531201899
 20
24947.88882161491
  0
LWPOLYLINE
  5
3E6
330
36C
100
AcDbEntity
  8
STR-RC WALL
  6
Continuous
100
AcDbPolyline
 90
        2
 70
     0
 43
0.0
 10
16271.10468825698
 20
25616.62409237772
 10
15483.78180707246
 20
27167.24406469054
  0
LWPOLYLINE
  5
3E7
330
36C
100
AcDbEntity
  8
STR-RC WALL
  6
Continuous
100
AcDbPolyline
 90
        2
 70
     0
 43
0.0
 10
15470.83891871944
 20
27192.73487877101
 10
15470.83814442903
 20
27192.73640372045
  0
LWPOLYLINE
  5
3E8
330
36C
100
AcDbEntity
  8
STR-RC WALL
  6
Continuous
100
AcDbPolyline
 90
        2
 70
     0
 43
0.0
 10
14112.00625906512
 20
29868.93432812951
 10
13245.87402030453
 20
31574.76808475517
  0
LWPOLYLINE
  5
3E9
330
36C
100
AcDbEntity
  8
STR-RC WALL
  6
Continuous
100
AcDbPolyline
 90
        2
 70
     0
 43
0.0
 10
12906.32558836788
 20
32243.50335552171
 10
12270.80779463798
 20
33495.14560709894
  0
LWPOLYLINE
  5
3EA
330
36C
100
AcDbEntity
  8
STR-RC WALL
  6
Continuous
100
AcDbPolyline
 90
        2
 70
     0
 43
0.0
 10
10899.03212960809
 20
36196.83610100113
 10
10184.70486127585
 20
37603.69236736745
  0
LWPOLYLINE
  5
3EB
330
36C
100
AcDbEntity
  8
STR-RC WALL
  6
Continuous
100
AcDbPolyline
 90
        2
 70
     0
 43
0.0
 10
9603.752747509629
 20
37533.01958946139
 10
9059.8521213606
 20
37256.8555933144
  0
LWPOLYLINE
  5
3EC
330
36C
100
AcDbEntity
  8
STR-RC WALL
  6
Continuous
100
AcDbPolyline
 90
        2
 70
     0
 43
0.0
 10
6358.161627460272
 20
35885.07992828265
 10
5814.252879757434
 20
35608.91180844046
  0
LWPOLYLINE
  5
3ED
330
36C
100
AcDbEntity
  8
STR-RC WALL
  6
Continuous
100
AcDbPolyline
 90
       10
 70
     0
 43
0.0
 10
5145.517609011381
 20
35269.36337651126
 10
5145.517609003931
 20
35269.36337650754
 42
0.4142140032686584
 10
3916.555318929255
 20
31505.10046156682
 10
5800.44405831024
 20
27794.81136824191
 10
3561.650196950882
 20
26657.21483308822
 10
4242.233816664666
 20
19264.10348861664
 10
7879.409615773707
 20
12100.59496402368
 42
-0.3748146044815324
 10
7637.971664372831
 20
11144.68001075834
 10
3669.977128475905
 20
8393.866563048213
 42
2.363285978003679
 10
8760.647943351418
 20
7652.586555615068
 42
2.363285978003679
  0
LWPOLYLINE
  5
3EE
330
36C
100
AcDbEntity
  8
STR-RC WALL
 48
20.0
100
AcDbPolyline
 90
        3
 70
     0
 43
0.0
 10
9406.236045636237
 20
6865.039187680929
 42
-0.0130337289720073
 10
9469.799656491726
 20
6678.606262117624
 42
-0.1234096679896117
 10
10350.21548615768
 20
9639.323459293693
  0
LINE
  5
3EF
330
36C
100
AcDbEntity
  8
STR-RC WALL
  6
Continuous
100
AcDbLine
 10
6267.615380451083
 20
36063.40933075175
 30
0.0
 11
6358.161629009992
 21
35885.0799252335
 31
0.0
  0
LINE
  5
3F0
330
36C
100
AcDbEntity
  8
STR-RC WALL
  6
Continuous
100
AcDbLine
 10
8969.305874355137
 20
37435.18499578349
 30
0.0
 11
9059.852122910321
 21
37256.85559026524
 31
0.0
  0
LINE
  5
3F1
330
36C
100
AcDbEntity
  8
STR-RC WALL
  6
Continuous
100
AcDbLine
 10
11077.36482532695
 20
36287.38430998661
 30
0.0
 11
10899.03314070031
 21
36196.83690426871
 31
0.0
  0
LINE
  5
3F2
330
36C
100
AcDbEntity
  8
STR-RC WALL
  6
Continuous
100
AcDbLine
 10
12449.14012288302
 20
33585.6936294958
 30
0.0
 11
12270.80892274901
 21
33495.14617989399
 31
0.0
  0
LINE
  5
3F3
330
36C
100
AcDbEntity
  8
STR-RC WALL
  6
Continuous
100
AcDbLine
 10
14290.33208805695
 20
29959.47905054875
 30
0.0
 11
14112.00738717615
 21
29868.93490092643
 31
0.0
  0
LINE
  5
3F4
330
36C
100
AcDbEntity
  8
STR-RC WALL
  6
Continuous
100
AcDbLine
 10
15662.1112126112
 20
27257.79031320848
 30
0.0
 11
15483.78180707618
 21
27167.24406469241
 31
0.0
  0
LINE
  5
3F5
330
36C
100
AcDbEntity
  8
STR-RC WALL
  6
Continuous
100
AcDbLine
 10
10350.21548615768
 20
9639.323459293693
 30
0.0
 11
10451.76791651547
 21
9810.801858950407
 31
0.0
  0
LINE
  5
3F6
330
36C
100
AcDbEntity
  8
STR-RC WALL
  6
Continuous
100
AcDbLine
 10
10451.76791651547
 20
9810.801858950407
 30
0.0
 11
10623.84464195743
 21
9708.895265880972
 31
0.0
  0
LINE
  5
3F7
330
36C
100
AcDbEntity
  8
STR-RC WALL
  6
Continuous
100
AcDbLine
 10
10623.84464195743
 20
9708.895265880972
 30
0.0
 11
10522.30949018895
 21
9537.421912103893
 31
0.0
  0
LWPOLYLINE
  5
3F8
330
36C
100
AcDbEntity
  8
STR-RC WALL
  6
Continuous
100
AcDbPolyline
 90
       11
 70
     0
 43
0.0
 10
9001.118217330427
 20
3405.770499093458
 42
0.0133477015984965
 10
8819.022543855011
 20
3200.91480987519
 42
-1.130647793762396
 10
3551.989864889532
 20
8555.431342540309
 10
7524.024956021458
 20
11309.04590641707
 42
0.3748146044806575
 10
7701.079453714192
 20
12010.05020547844
 10
4046.574177853763
 20
19207.68956709839
 10
3350.075210139156
 20
26774.04601292871
 10
5531.597215682268
 20
27882.54104576819
 10
3738.226049691439
 20
31414.5539446082
 42
-0.4142140032682225
 10
5054.971360486001
 20
35447.69278204627
 10
6267.615378908813
 20
36063.40933380276
  0
HATCH
  5
3F9
330
36C
100
AcDbEntity
  8
S- Structural
  6
Continuous
 62
     9
 48
150.0
100
AcDbHatch
 10
0.0
 20
0.0
 30
0.0
210
0.0
220
0.0
230
1.0
  2
ANSI31
 70
     0
 71
     0
 91
        1
 92
        1
 93
        4
 72
     1
 10
7480.93420471251
 20
6507.894130259753
 11
7303.551402408629
 21
6405.066528193653
 72
     2
 10
6124.870485916733
 20
5652.119861999526
 40
1398.648413660497
 50
327.4293768524066
 51
344.1118937535795
 73
     0
 72
     1
 10
7470.087954837829
 20
6035.013249699026
 11
7661.693442758172
 21
6092.11350106448
 72
     2
 10
5057.496587950737
 20
5207.13017937541
 40
2750.461186466147
 50
18.76928412697139
 51
28.22438226272346
 73
     1
 97
        0
 75
     1
 76
     1
 52
35.0
 41
10.0
 77
     0
 78
     1
 53
80.0
 43
4.39049682021141
 44
-20.59010162204504
 45
-31.2676461581376
 46
5.513329640925039
 79
     0
 98
        1
 10
7374.344177521765
 20
6446.84372112155
1001
GradientColor1ACI
1070
     5
1001
GradientColor2ACI
1070
     2
1001
ACAD
1010
0.0
1020
0.0
1030
0.0
  0
HATCH
  5
3FA
330
36C
100
AcDbEntity
  8
S- Structural
  6
Continuous
 62
     9
 48
150.0
100
AcDbHatch
 10
0.0
 20
0.0
 30
0.0
210
0.0
220
0.0
230
1.0
  2
ANSI31
 70
     0
 71
     0
 91
        1
 92
        1
 93
        4
 72
     1
 10
6740.263539813459
 20
4121.586954860016
 11
6845.327005460858
 21
3951.408881705255
 72
     2
 10
5859.560352869332
 20
5551.405211819336
 40
1879.288202948135
 50
301.6374539949022
 51
336.915814979443
 73
     1
 72
     1
 10
7588.373491857201
 20
4814.567861920223
 11
7404.79340145737
 21
4893.012514756993
 72
     2
 10
5856.82755985111
 20
5554.542139055207
 40
1683.395286498068
 50
23.13964204933371
 51
58.34561417374347
 73
     0
 97
        0
 75
     1
 76
     1
 52
35.0
 41
10.0
 77
     0
 78
     1
 53
80.0
 43
13.50420066714287
 44
50.85808785818517
 45
-31.2676461581376
 46
5.513329640925039
 79
     0
 98
        1
 10
7179.475691497327
 20
4434.034131726249
1001
GradientColor1ACI
1070
     5
1001
GradientColor2ACI
1070
     2
1001
ACAD
1010
0.0
1020
0.0
1030
0.0
  0
HATCH
  5
3FB
330
36C
100
AcDbEntity
  8
S- Structural
  6
Continuous
 62
     9
 48
150.0
100
AcDbHatch
 10
0.0
 20
0.0
 30
0.0
210
0.0
220
0.0
230
1.0
  2
ANSI31
 70
     0
 71
     0
 91
        1
 92
        1
 93
        4
 72
     1
 10
5068.837224457413
 20
3844.107016049326
 11
5147.088161669671
 21
4028.157611710951
 72
     2
 10
5805.603206142784
 20
5577.186371192336
 40
1683.191065060013
 50
113.0310628137033
 51
126.8557192395754
 73
     0
 72
     1
 10
4796.021815821528
 20
4230.383647028356
 11
4676.076253350823
 21
4070.332260787487
 72
     2
 10
5804.975496940315
 20
5576.212131533772
 40
1882.043487089438
 50
233.1425393176343
 51
246.9746873513642
 73
     1
 97
        0
 75
     1
 76
     1
 52
35.0
 41
10.0
 77
     0
 78
     1
 53
80.0
 43
-8.514853954315185
 44
-6.635194465517997
 45
-31.2676461581376
 46
5.513329640925039
 79
     0
 98
        1
 10
5104.134665437043
 20
3940.836276160553
1001
GradientColor1ACI
1070
     5
1001
GradientColor2ACI
1070
     2
1001
ACAD
1010
0.0
1020
0.0
1030
0.0
  0
LWPOLYLINE
  5
3FC
330
36C
100
AcDbEntity
  8
S-COLUMN
100
AcDbPolyline
 90
        4
 70
     1
 43
0.0
 10
6740.263539813459
 20
4121.586954858154
 10
6845.327005460858
 20
3951.408881705255
 42
0.1548395674944414
 10
7588.707280114293
 20
4814.425196979195
 10
7404.79340145737
 20
4893.012514756993
 42
-0.1548348620323221
  0
LWPOLYLINE
  5
3FD
330
36C
100
AcDbEntity
  8
S-COLUMN
100
AcDbPolyline
 90
        4
 70
     1
 43
0.0
 10
7308.517354045064
 20
6406.523675536736
 42
-0.0603610880457303
 10
7470.087954837829
 20
6035.013249699026
 10
7661.693442758172
 20
6092.11350106448
 42
0.0605652353832259
 10
7480.998645853252
 20
6507.783675616607
  0
LWPOLYLINE
  5
3FE
330
36C
100
AcDbEntity
  8
S-COLUMN
100
AcDbPolyline
 90
        4
 70
     1
 43
0.0
 10
5147.088161669671
 20
4028.157611710951
 42
-0.0603947131971267
 10
4796.021815821528
 20
4230.383647028356
 10
4676.016208618879
 20
4070.446090146899
 42
0.0605657292620205
 10
5068.837224457413
 20
3844.107016049326
  0
INSERT
  5
3FF
330
36C
100
AcDbEntity
  8
Staircase
 62
     6
 48
50.0
100
AcDbBlockReference
  2
st
 10
-5979.361612193287
 20
-14416.45790022053
 30
0.0
  0
ARC
  5
400
330
36C
100
AcDbEntity
  8
Staircase
 62
     1
 48
25.0
100
AcDbCircle
 10
5857.020186532288
 20
5554.3837303482
 30
0.0
 40
1883.156610901033
100
AcDbArc
 50
296.9817186119115
 51
30.42009385555211
  0
ENDBLK
  5
401
330
36C
100
AcDbEntity
  8
0
 62
     1
100
AcDbBlockEnd
  0
BLOCK
  5
405
330
402
100
AcDbEntity
  8
0
 48
20.0
100
AcDbBlockBegin
  2
A$Ce47450c8
 70
     0
 10
0.0
 20
0.0
 30
0.0
  3
A$Ce47450c8
  1

  0
LINE
  5
406
330
402
100
AcDbEntity
  8
G-ANNO-SYMB
 62
     2
100
AcDbLine
 10
641.5218995958566
 20
252.34375
 30
0.0
 11
1422.985443849117
 21
252.34375
 31
0.0
210
0.0
220
0.0
230
-1.0
  0
LINE
  5
407
330
402
100
AcDbEntity
  8
G-ANNO-SYMB
100
AcDbLine
 10
390.3115636557341
 20
642.6553136575967
 30
0.0
 11
0.0
 21
252.34375
 31
0.0
210
0.0
220
0.0
230
-1.0
  0
LINE
  5
408
330
402
100
AcDbEntity
  8
G-ANNO-SYMB
100
AcDbLine
 10
390.3115636557341
 20
642.6553136575967
 30
0.0
 11
780.6231273114681
 21
252.34375
 31
0.0
210
0.0
220
0.0
230
-1.0
  0
LINE
  5
409
330
402
100
AcDbEntity
  8
G-ANNO-SYMB
100
AcDbLine
 10
641.5218995958566
 20
252.34375
 30
0.0
 11
780.6231273114681
 21
252.34375
 31
0.0
210
0.0
220
0.0
230
-1.0
  0
LINE
  5
40A
330
402
100
AcDbEntity
  8
G-ANNO-SYMB
100
AcDbLine
 10
136.8343995958566
 20
252.34375
 30
0.0
 11
0.0
 21
252.34375
 31
0.0
210
0.0
220
0.0
230
-1.0
  0
ARC
  5
40B
330
402
100
AcDbEntity
  8
G-ANNO-SYMB
 62
     2
100
AcDbCircle
 10
-389.1781495958566
 20
252.34375
 30
0.0
 40
252.34375
210
0.0
220
0.0
230
-1.0
100
AcDbArc
 50
180.0
 51
0.0
  0
ARC
  5
40C
330
402
100
AcDbEntity
  8
G-ANNO-SYMB
100
AcDbCircle
 10
-389.1781495958566
 20
252.34375
 30
0.0
 40
252.34375
210
0.0
220
0.0
230
-1.0
100
AcDbArc
 50
0.0
 51
180.0
  0
HATCH
  5
40D
330
402
100
AcDbEntity
  8
G-ANNO-SYMB
 62
     9
100
AcDbHatch
 10
0.0
 20
0.0
 30
0.0
210
0.0
220
0.0
230
-1.0
  2
SOLID
 70
     1
 71
     0
 91
        1
 92
        0
 93
        5
 72
     1
 10
-136.8343995958566
 20
252.34375
 11
0.0
 21
252.34375
 72
     1
 10
0.0
 20
252.34375
 11
-390.3115636557341
 21
642.6553136575967
 72
     1
 10
-390.3115636557341
 20
642.6553136575967
 11
-780.6231273114681
 21
252.34375
 72
     1
 10
-780.6231273114681
 20
252.34375
 11
-641.5218995958566
 21
252.34375
 72
     2
 10
-389.1781495958566
 20
252.34375
 40
252.3437499999996
 50
179.9999999999995
 51
360.0000000000001
 73
     0
 97
        0
 75
     0
 76
     1
 98
        1
 10
-994.8031495958566
 20
252.34375
450
        0
451
        0
460
0.0
461
0.0
452
        0
462
0.0
453
        0
470

  0
ARC
  5
40E
330
402
100
AcDbEntity
  8
G-ANNO-SYMB
 62
     2
100
AcDbCircle
 10
-389.1781495958566
 20
252.34375
 30
0.0
 40
252.3437499999996
210
0.0
220
0.0
230
-1.0
100
AcDbArc
 50
0.0
 51
180.0
  0
LINE
  5
40F
330
402
100
AcDbEntity
  8
G-ANNO-SYMB
 62
     5
100
AcDbLine
 10
641.5218995958566
 20
252.34375
 30
0.0
 11
780.6231273114681
 21
252.34375
 31
0.0
210
0.0
220
0.0
230
-1.0
  0
LINE
  5
410
330
402
100
AcDbEntity
  8
G-ANNO-SYMB
 62
     1
100
AcDbLine
 10
780.6231273114681
 20
252.34375
 30
0.0
 11
390.3115636557341
 21
642.6553136575967
 31
0.0
210
0.0
220
0.0
230
-1.0
  0
LINE
  5
411
330
402
100
AcDbEntity
  8
G-ANNO-SYMB
 62
     1
100
AcDbLine
 10
390.3115636557341
 20
642.6553136575967
 30
0.0
 11
0.0
 21
252.34375
 31
0.0
210
0.0
220
0.0
230
-1.0
  0
LINE
  5
412
330
402
100
AcDbEntity
  8
G-ANNO-SYMB
 62
     1
100
AcDbLine
 10
0.0
 20
252.34375
 30
0.0
 11
136.8343995958566
 21
252.34375
 31
0.0
210
0.0
220
0.0
230
-1.0
  0
ENDBLK
  5
413
330
402
100
AcDbEntity
  8
0
 48
20.0
100
AcDbBlockEnd
  0
BLOCK
  5
417
330
414
100
AcDbEntity
  8
0
 62
     1
 48
20.0
100
AcDbBlockBegin
  2
GROUN FLOOR
 70
     0
 10
0.0
 20
0.0
 30
0.0
  3
GROUN FLOOR
  1

  0
HATCH
  5
418
330
414
100
AcDbEntity
  8
Hatch
 48
20.0
100
AcDbHatch
 10
0.0
 20
0.0
 30
0.0
210
0.0
220
0.0
230
1.0
  2
AR-CONC
 70
     0
 71
     0
 91
        1
 92
        7
 72
     0
 73
     1
 93
        8
 10
24832545.11530221
 20
12480441.66555175
 10
24829919.31591119
 20
12485613.13594841
 10
24825461.0821995
 20
12483349.48047549
 10
24825528.99188589
 20
12483215.73342134
 10
24829853.47854331
 20
12485411.47920828
 10
24832343.4585614
 20
12480507.50291985
 10
24828018.97190088
 20
12478311.75713133
 10
24828086.88158726
 20
12478178.01007717
 97
        0
 75
     1
 76
     1
 52
0.0
 41
1.0
 77
     0
 78
    13
 53
50.0
 43
-266034.7601025589
 44
17478.01838609762
 45
182.184668996004
 46
-15.93908553890308
 79
     2
 49
19.05
 49
-209.55
 53
355.0
 43
-266034.7601025589
 44
17478.01838609762
 45
-35.24342142496934
 46
191.0568452390351
 79
     2
 49
15.24
 49
-167.64058417
 53
100.4514446999999
 43
-266019.5780955591
 44
17476.69013259746
 45
146.9412470903533
 46
175.1177519121951
 79
     2
 49
16.19000879999999
 49
-178.0902445999999
 53
46.1842
 43
-266034.7601025589
 44
17528.81838609837
 45
271.0790408921299
 46
-42.04232793272715
 79
     2
 49
28.575
 49
-314.325
 53
96.6355576099999
 43
-266012.1702025608
 44
17525.31488609686
 45
237.404134051503
 46
247.4261245977215
 79
     2
 49
24.28502314
 49
-267.13560816
 53
351.18415117
 43
-266034.7601025589
 44
17528.81838609837
 45
237.404134064977
 46
247.4261245855327
 79
     2
 49
22.85996707
 49
-251.45973192
 53
21.0
 43
-266009.3601025604
 44
17516.11838609725
 45
151.6143912691324
 46
-102.2651981870876
 79
     2
 49
19.05
 49
-209.55
 53
326.0
 43
-266009.3601025604
 44
17516.11838609725
 45
61.80202834764707
 46
184.1879661223192
 79
     2
 49
15.24
 49
-167.64
 53
71.45144499999999
 43
-265996.7255699597
 44
17507.59628619812
 45
213.4164192787161
 46
81.92276888590525
 79
     2
 49
16.1900088
 49
-178.0899375999999
 53
37.5
 43
-266034.7601025589
 44
17478.01838609762
 45
3.088603250591816
 46
84.55503887315311
 79
     6
 49
0.0
 49
-165.608
 49
0.0
 49
-170.18
 49
0.0
 49
-168.275
 53
7.499999999999999
 43
-266034.7601025589
 44
17478.01838609762
 45
66.81966251030575
 46
100.1805748181195
 79
     6
 49
0.0
 49
-97.02799999999999
 49
0.0
 49
-161.798
 49
0.0
 49
-64.135
 53
327.5
 43
-266091.4021025599
 44
17478.01838609762
 45
135.5905951668714
 46
-5.728743992673443
 79
     6
 49
0.0
 49
-63.5
 49
0.0
 49
-198.12
 49
0.0
 49
-262.89
 53
317.5
 43
-266116.8021025583
 44
17478.01838609762
 45
148.129181386018
 46
25.42649103333303
 79
     6
 49
0.0
 49
-82.55
 49
0.0
 49
-131.572
 49
0.0
 49
-186.69
 47
13.90171698247387
 98
        1
 10
24829058.36052351
 20
12478758.58227875
1001
GradientColor1ACI
1070
     5
1001
GradientColor2ACI
1070
     2
1001
ACAD
1010
0.0
1020
0.0
1030
0.0
  0
HATCH
  5
419
330
414
100
AcDbEntity
  8
Hatch
 48
20.0
100
AcDbHatch
 10
0.0
 20
0.0
 30
0.0
210
0.0
220
0.0
230
1.0
  2
AR-CONC
 70
     0
 71
     0
 91
        1
 92
        7
 72
     1
 73
     1
 93
       10
 10
24808451.61962383
 20
12498853.74037082
 42
-0.0160429291992869
 10
24808491.23759546
 20
12499042.0842825
 42
0.0
 10
24805079.39420395
 20
12497309.73066318
 42
0.0
 10
24804754.81277777
 20
12493510.41103019
 42
0.0
 10
24804315.47533012
 20
12492957.76940396
 42
0.0
 10
24805137.39757804
 20
12492304.36002358
 42
0.0
 10
24805230.74177524
 20
12492421.77748757
 42
0.0
 10
24804526.23699131
 20
12492981.84267075
 42
0.0
 10
24804900.41330801
 20
12493452.51825115
 42
0.0
 10
24805221.74339818
 20
12497213.78005394
 42
0.0
 97
        0
 75
     1
 76
     1
 52
0.0
 41
1.0
 77
     0
 78
    13
 53
50.0
 43
-266034.7601025589
 44
17478.01838609762
 45
182.184668996004
 46
-15.93908553890308
 79
     2
 49
19.05
 49
-209.55
 53
355.0
 43
-266034.7601025589
 44
17478.01838609762
 45
-35.24342142496934
 46
191.0568452390351
 79
     2
 49
15.24
 49
-167.64058417
 53
100.4514446999999
 43
-266019.5780955591
 44
17476.69013259746
 45
146.9412470903533
 46
175.1177519121951
 79
     2
 49
16.19000879999999
 49
-178.0902445999999
 53
46.1842
 43
-266034.7601025589
 44
17528.81838609837
 45
271.0790408921299
 46
-42.04232793272715
 79
     2
 49
28.575
 49
-314.325
 53
96.6355576099999
 43
-266012.1702025608
 44
17525.31488609686
 45
237.404134051503
 46
247.4261245977215
 79
     2
 49
24.28502314
 49
-267.13560816
 53
351.18415117
 43
-266034.7601025589
 44
17528.81838609837
 45
237.404134064977
 46
247.4261245855327
 79
     2
 49
22.85996707
 49
-251.45973192
 53
21.0
 43
-266009.3601025604
 44
17516.11838609725
 45
151.6143912691324
 46
-102.2651981870876
 79
     2
 49
19.05
 49
-209.55
 53
326.0
 43
-266009.3601025604
 44
17516.11838609725
 45
61.80202834764707
 46
184.1879661223192
 79
     2
 49
15.24
 49
-167.64
 53
71.45144499999999
 43
-265996.7255699597
 44
17507.59628619812
 45
213.4164192787161
 46
81.92276888590525
 79
     2
 49
16.1900088
 49
-178.0899375999999
 53
37.5
 43
-266034.7601025589
 44
17478.01838609762
 45
3.088603250591816
 46
84.55503887315311
 79
     6
 49
0.0
 49
-165.608
 49
0.0
 49
-170.18
 49
0.0
 49
-168.275
 53
7.499999999999999
 43
-266034.7601025589
 44
17478.01838609762
 45
66.81966251030575
 46
100.1805748181195
 79
     6
 49
0.0
 49
-97.02799999999999
 49
0.0
 49
-161.798
 49
0.0
 49
-64.135
 53
327.5
 43
-266091.4021025599
 44
17478.01838609762
 45
135.5905951668714
 46
-5.728743992673443
 79
     6
 49
0.0
 49
-63.5
 49
0.0
 49
-198.12
 49
0.0
 49
-262.89
 53
317.5
 43
-266116.8021025583
 44
17478.01838609762
 45
148.129181386018
 46
25.42649103333303
 79
     6
 49
0.0
 49
-82.55
 49
0.0
 49
-131.572
 49
0.0
 49
-186.69
 47
6.970248106579812
 98
        1
 10
24805252.12363272
 20
12497312.8039023
1001
GradientColor1ACI
1070
     5
1001
GradientColor2ACI
1070
     2
1001
ACAD
1010
0.0
1020
0.0
1030
0.0
  0
HATCH
  5
41A
330
414
100
AcDbEntity
  8
S-BALCONY HATCH
100
AcDbHatch
 10
0.0
 20
0.0
 30
0.0
210
0.0
220
0.0
230
1.0
  2
CROSS
 70
     0
 71
     0
 91
        1
 92
        7
 72
     1
 73
     1
 93
        5
 10
24813327.99859226
 20
12477435.43305707
 42
0.0
 10
24812949.33517322
 20
12477243.16778293
 42
-0.0918072902759413
 10
24812872.70790843
 20
12476981.01759797
 42
0.0
 10
24813034.80787369
 20
12476501.08109265
 42
0.0
 10
24813580.66381942
 20
12476684.82351682
 42
0.0
 97
        0
 75
     1
 76
     1
 52
0.0
 41
25.0
 77
     0
 78
     2
 53
0.0
 43
-266034.7601025589
 44
17478.01838609762
 45
158.75
 46
158.75
 79
     2
 49
79.375
 49
-238.125
 53
90.0
 43
-265995.0726025589
 44
17438.33088609762
 45
-158.75
 46
158.75
 79
     2
 49
79.375
 49
-238.125
 47
7.417392663185522
 98
        1
 10
24813240.86181322
 20
12476926.54279088
1001
GradientColor1ACI
1070
     5
1001
GradientColor2ACI
1070
     2
1001
ACAD
1010
0.0
1020
0.0
1030
0.0
  0
ARC
  5
41B
330
414
100
AcDbEntity
  8
STR-BEAM
 48
30.0
100
AcDbCircle
 10
24810847.39401969
 20
12471098.2596943
 30
0.0
 40
1872.322707904049
100
AcDbArc
 50
244.9599541185617
 51
301.9372356520409
  0
ARC
  5
41C
330
414
100
AcDbEntity
  8
STR-BEAM
 48
30.0
100
AcDbCircle
 10
24810860.17844126
 20
12471112.9353644
 30
0.0
 40
1873.92959203333
100
AcDbArc
 50
333.0457075764221
 51
18.01200073510637
  0
ARC
  5
41D
330
414
100
AcDbEntity
  8
STR-BEAM
  6
HIDDEN
 48
30.0
100
AcDbCircle
 10
24800169.72969685
 20
12483093.27993158
 30
0.0000000013216095
 40
11609.89647132659
100
AcDbArc
 50
49.71747288903261
 51
51.46662259854952
  0
ARC
  5
41E
330
414
100
AcDbEntity
  8
STR-BEAM
 48
30.0
100
AcDbCircle
 10
24805392.77703164
 20
12489321.08408615
 30
0.000000003964843
 40
3282.763754189938
100
AcDbArc
 50
45.51811976942093
 51
51.58954050253022
  0
ARC
  5
41F
330
414
100
AcDbEntity
  8
STR-BEAM
  6
HIDDEN
 48
30.0
100
AcDbCircle
 10
24800960.39885117
 20
12484060.08991299
 30
-0.000037566151812
 40
10158.77092411697
100
AcDbArc
 50
305.1083464518927
 51
319.8722861089858
  0
ARC
  5
420
330
414
100
AcDbEntity
  8
STR-BEAM
  6
HIDDEN
 48
30.0
100
AcDbCircle
 10
24800961.24714162
 20
12484061.29838355
 30
0.0000000013216095
 40
10158.28991728589
100
AcDbArc
 50
324.0934130760927
 51
340.3620873811943
  0
ARC
  5
421
330
414
100
AcDbEntity
  8
STR-BEAM
  6
HIDDEN
 48
30.0
100
AcDbCircle
 10
24800993.77954076
 20
12484060.35989952
 30
0.0000751415548904
 40
10126.3221857345
100
AcDbArc
 50
346.3557002446334
 51
6.72848977996767
  0
ARC
  5
422
330
414
100
AcDbEntity
  8
STR-BEAM
  6
HIDDEN
 48
30.0
100
AcDbCircle
 10
24800960.05815743
 20
12484061.56482206
 30
-0.0000000013216095
 40
10160.16284283713
100
AcDbArc
 50
31.24445233359106
 51
45.35934391815278
  0
ARC
  5
423
330
414
100
AcDbEntity
  8
STR-BEAM
 48
30.0
100
AcDbCircle
 10
24800924.21207847
 20
12484098.29707012
 30
0.0000000013216095
 40
10410.21003594287
100
AcDbArc
 50
305.1097438441076
 51
307.030843710734
  0
ARC
  5
424
330
414
100
AcDbEntity
  8
STR-BEAM
  6
HIDDEN
 48
30.0
100
AcDbCircle
 10
24800924.21207847
 20
12484098.29707012
 30
0.0000000013216095
 40
10410.21003594287
100
AcDbArc
 50
308.1370226266723
 51
319.8810689026021
  0
ARC
  5
425
330
414
100
AcDbEntity
  8
STR-BEAM
  6
HIDDEN
 48
30.0
100
AcDbCircle
 10
24800960.56980116
 20
12484061.60936154
 30
0.0000000013216095
 40
10359.02694243426
100
AcDbArc
 50
324.055874417626
 51
340.4025568548375
  0
ARC
  5
426
330
414
100
AcDbEntity
  8
STR-BEAM
  6
HIDDEN
 48
30.0
100
AcDbCircle
 10
24800973.41373698
 20
12484061.23314026
 30
0.000037568795031
 40
10346.4473610586
100
AcDbArc
 50
345.098887844059
 51
6.744305394219326
  0
ARC
  5
427
330
414
100
AcDbEntity
  8
STR-BEAM
  6
HIDDEN
 48
30.0
100
AcDbCircle
 10
24800925.34808215
 20
12484049.90532237
 30
0.0000000066080474
 40
10396.39789863368
100
AcDbArc
 50
10.90966018209849
 51
27.02485814133252
  0
ARC
  5
428
330
414
100
AcDbEntity
  8
STR-BEAM
  6
HIDDEN
 48
30.0
100
AcDbCircle
 10
24795875.80440275
 20
12482295.53216094
 30
-0.0000000039650558
 40
15509.29253655921
100
AcDbArc
 50
13.77519015084827
 51
24.29416210259952
  0
ARC
  5
429
330
414
100
AcDbEntity
  8
STR-BEAM
  6
HIDDEN
 48
30.0
100
AcDbCircle
 10
24800960.05815743
 20
12484061.56482206
 30
-0.0000000013216095
 40
10360.1636071085
100
AcDbArc
 50
31.20333744954601
 51
45.44071865404339
  0
ARC
  5
42A
330
414
100
AcDbEntity
  8
STR-BEAM
 48
30.0
100
AcDbCircle
 10
24790582.91339314
 20
12501435.58798184
 30
0.0000000021005894
 40
30396.21744140337
100
AcDbArc
 50
300.6591669345541
 51
301.1925974884321
  0
ARC
  5
42B
330
414
100
AcDbEntity
  8
STR-BEAM
 48
30.0
100
AcDbCircle
 10
24800689.76656469
 20
12484525.34023948
 30
-0.000000000544351
 40
10895.97885968657
100
AcDbArc
 50
299.1879245471831
 51
300.8705184331817
  0
LWPOLYLINE
  5
42C
330
414
100
AcDbEntity
  8
STR-BEAM
 48
30.0
100
AcDbPolyline
 90
        2
 70
     0
 43
0.0
 10
24807402.3524137
 20
12492175.06837039
 10
24806036.83303068
 20
12490462.91290645
  0
LWPOLYLINE
  5
42D
330
414
100
AcDbEntity
  8
STR-BEAM
 48
30.0
100
AcDbPolyline
 90
        2
 70
     0
 43
0.0
 38
-0.0000000013216095
 10
24807432.32807107
 20
12491893.39227584
 10
24807246.66825389
 20
12491659.60169495
  0
LWPOLYLINE
  5
42E
330
414
100
AcDbEntity
  8
STR-BEAM
 62
     4
 48
30.0
100
AcDbPolyline
 90
        2
 70
     0
 43
0.0
 38
0.0000000005426296
 10
24804910.41193178
 20
12476979.38475289
 10
24805909.2671594
 20
12475188.92239949
  0
LWPOLYLINE
  5
42F
330
414
100
AcDbEntity
  8
STR-BEAM
  6
HIDDEN
 48
30.0
100
AcDbPolyline
 90
        2
 70
     0
 43
0.0
 10
24807352.95491303
 20
12475910.32647776
 10
24808489.17740673
 20
12474086.32518261
  0
LWPOLYLINE
  5
430
330
414
100
AcDbEntity
  8
STR-BEAM
 48
30.0
100
AcDbPolyline
 90
        3
 70
     0
 43
0.0
 10
24807193.70756889
 20
12475787.70748285
 10
24807548.63292605
 20
12475217.93852059
 10
24806784.71055798
 20
12474742.10611896
  0
LWPOLYLINE
  5
431
330
414
100
AcDbEntity
  8
STR-BEAM
 48
30.0
100
AcDbPolyline
 90
        2
 70
     0
 43
0.0
 10
24807627.78256782
 20
12475090.87797576
 10
24808301.66669252
 20
12474009.07795592
  0
LINE
  5
432
330
414
100
AcDbEntity
  8
STR-BEAM
 48
30.0
100
AcDbLine
 10
24814598.99385457
 20
12470091.5549923
 30
-0.0000000013216095
 11
24815380.84583649
 21
12470232.12125382
 31
-0.0000000013216095
  0
LINE
  5
433
330
414
100
AcDbEntity
  8
STR-BEAM
 48
30.0
100
AcDbLine
 10
24816577.61046767
 20
12470448.30487532
 30
0.0000000013223187
 11
24821282.81767377
 21
12471294.24692181
 31
-0.0000000001502407
  0
LINE
  5
434
330
414
100
AcDbEntity
  8
STR-BEAM
 48
30.0
100
AcDbLine
 10
24814650.42452102
 20
12470305.02818056
 30
0.0000000018168629
 11
24821247.50593024
 21
12471491.09886
 31
0.0000000000922855
  0
ARC
  5
435
330
414
100
AcDbEntity
  8
STR-BEAM
 48
30.0
100
AcDbCircle
 10
24817749.33709401
 20
12465409.30381955
 30
0.0000000013216095
 40
5173.300737130773
100
AcDbArc
 50
103.0599586113278
 51
136.5066925073304
  0
ARC
  5
436
330
414
100
AcDbEntity
  8
STR-BEAM
 48
30.0
100
AcDbCircle
 10
24817749.33709401
 20
12465409.30381955
 30
0.0000000013216095
 40
5373.300737130773
100
AcDbArc
 50
116.1662567714478
 51
135.1278850290731
  0
LINE
  5
437
330
414
100
AcDbEntity
  8
STR-BEAM
 48
30.0
100
AcDbLine
 10
24806280.48968402
 20
12475173.00522339
 30
-0.000000000544351
 11
24807301.16995783
 21
12473534.7819597
 31
-0.0000000001231807
  0
LINE
  5
438
330
414
100
AcDbEntity
  8
STR-BEAM
  6
HIDDEN
 48
30.0
100
AcDbLine
 10
24815161.54167257
 20
12478816.6966843
 30
-0.0000000000000004
 11
24817065.81749963
 21
12479783.62841188
 31
0.0
  0
LINE
  5
439
330
414
100
AcDbEntity
  8
STR-BEAM
  6
HIDDEN
 48
30.0
100
AcDbLine
 10
24815342.64028831
 20
12478460.04098004
 30
-0.0000000000000004
 11
24817246.90999671
 21
12479426.96960076
 31
0.0
  0
LINE
  5
43A
330
414
100
AcDbEntity
  8
STR-BEAM
  6
HIDDEN
 48
30.0
100
AcDbLine
 10
24821423.15231558
 20
12490418.80756271
 30
-0.0000000000691538
 11
24817055.08312237
 21
12488198.23816089
 31
-0.000000000028858
  0
LINE
  5
43B
330
414
100
AcDbEntity
  8
STR-BEAM
  6
HIDDEN
 48
30.0
100
AcDbLine
 10
24821151.25127661
 20
12490953.6625197
 30
-0.0000000000691538
 11
24816917.15836164
 21
12488801.20184301
 31
-0.000000000030094
  0
LINE
  5
43C
330
414
100
AcDbEntity
  8
STR-BEAM
  6
HIDDEN
 48
30.0
100
AcDbLine
 10
24816787.65561172
 20
12488062.28762507
 30
0.0000000129530428
 11
24814335.60219263
 21
12486815.75178666
 31
-0.0000000000033509
  0
LINE
  5
43D
330
414
100
AcDbEntity
  8
STR-BEAM
  6
HIDDEN
 48
30.0
100
AcDbLine
 10
24816382.30334034
 20
12488529.30077135
 30
0.0000000122479005
 11
24814063.70115368
 21
12487350.60674364
 31
-0.0000000000033509
  0
LINE
  5
43E
330
414
100
AcDbEntity
  8
STR-BEAM
  6
HIDDEN
 48
30.0
100
AcDbLine
 10
24821682.76089138
 20
12481679.26027765
 30
-0.0000000000399285
 11
24823040.99690941
 21
12479004.23590456
 31
-0.0000000000130475
  0
LINE
  5
43F
330
414
100
AcDbEntity
  8
STR-BEAM
  6
HIDDEN
 48
30.0
100
AcDbLine
 10
24824410.11623883
 20
12476307.77702166
 30
0.0000000000000001
 11
24826292.09292114
 21
12472601.25368702
 31
0.0000000000000001
  0
LINE
  5
440
330
414
100
AcDbEntity
  8
STR-BEAM
  6
HIDDEN
 48
30.0
100
AcDbLine
 10
24821415.26678301
 20
12481543.44090484
 30
-0.0000000016299284
 11
24822773.50280102
 21
12478868.41653176
 31
-0.0000000016299284
  0
LINE
  5
441
330
414
100
AcDbEntity
  8
STR-BEAM
  6
HIDDEN
 48
30.0
100
AcDbLine
 10
24823045.14154658
 20
12478333.42831515
 30
0.0000000011236805
 11
24823870.98338491
 21
12476706.94586545
 31
-0.0000000002289695
  0
LINE
  5
442
330
414
100
AcDbEntity
  8
STR-BEAM
  6
HIDDEN
 48
30.0
100
AcDbLine
 10
24824142.62213048
 20
12476171.95764883
 30
0.0000000003779546
 11
24825983.7814312
 21
12472545.82350217
 31
-0.0000000016032748
  0
LINE
  5
443
330
414
100
AcDbEntity
  8
STR-BEAM
  6
HIDDEN
 48
30.0
100
AcDbLine
 10
24813801.24437625
 20
12486544.44299037
 30
0.0000000000274912
 11
24811345.54121836
 21
12485296.05175589
 31
0.0000000000502909
  0
LINE
  5
444
330
414
100
AcDbEntity
  8
STR-BEAM
  6
HIDDEN
 48
30.0
100
AcDbLine
 10
24813529.60559805
 20
12487079.43127128
 30
0.0000000000274888
 11
24811252.2786449
 21
12485921.72008899
 31
0.0000000000486324
  0
ARC
  5
445
330
414
100
AcDbEntity
  8
STR-BEAM
  6
HIDDEN
 48
30.0
100
AcDbCircle
 10
24810851.05021981
 20
12471107.97489455
 30
0.0
 40
3583.887976616761
100
AcDbArc
 50
50.61644763586425
 51
58.29794813199343
  0
ARC
  5
446
330
414
100
AcDbEntity
  8
STR-BEAM
 48
30.0
100
AcDbCircle
 10
24810875.72105392
 20
12471121.88773877
 30
0.0
 40
3757.114626086212
100
AcDbArc
 50
50.79417662796934
 51
68.02957168522984
  0
ARC
  5
447
330
414
100
AcDbEntity
  8
STR-BEAM
  6
HIDDEN
 48
30.0
100
AcDbCircle
 10
24810851.10118597
 20
12471108.52173407
 30
0.0
 40
3783.349335439885
100
AcDbArc
 50
70.93503652915867
 51
106.0316828647164
  0
LINE
  5
448
330
414
100
AcDbEntity
  8
STR-BEAM
  6
HIDDEN
 48
30.0
100
AcDbLine
 10
24815073.72371285
 20
12478771.84919018
 30
0.0000000010792286
 11
24813401.6902379
 21
12482060.89654267
 31
0.0000000004540449
  0
LINE
  5
449
330
414
100
AcDbEntity
  8
STR-BEAM
  6
HIDDEN
 48
30.0
100
AcDbLine
 10
24814717.8304043
 20
12478589.25077147
 30
0.0000000002423809
 11
24813045.03138394
 21
12481879.80402387
 31
0.0000000002423809
  0
LINE
  5
44A
330
414
100
AcDbEntity
  8
STR-BEAM
  6
HIDDEN
 48
30.0
100
AcDbLine
 10
24816612.43094249
 20
12475740.14981681
 30
0.0
 11
24815252.89994011
 21
12478414.47536766
 31
0.0
  0
LINE
  5
44B
330
414
100
AcDbEntity
  8
STR-BEAM
 48
30.0
100
AcDbLine
 10
24816255.77208852
 20
12475559.05729801
 30
-0.0000000000709491
 11
24814896.32996878
 21
12478233.20800836
 31
-0.0000000000709491
  0
LINE
  5
44C
330
414
100
AcDbEntity
  8
STR-BEAM
  6
HIDDEN
 48
30.0
100
AcDbLine
 10
24819428.67034661
 20
12480983.3602253
 30
0.0
 11
24818942.01592639
 21
12481941.81841524
 31
0.0
  0
LINE
  5
44D
330
414
100
AcDbEntity
  8
STR-BEAM
  6
HIDDEN
 48
30.0
100
AcDbLine
 10
24818851.46967786
 20
12482120.14782077
 30
0.0
 11
24818523.22461535
 21
12482766.6212841
 31
0.0
  0
LINE
  5
44E
330
414
100
AcDbEntity
  8
STR-BEAM
 48
30.0
100
AcDbLine
 10
24818432.67836682
 20
12482944.95068964
 30
-0.0000000000000002
 11
24818092.78516688
 21
12483614.36497552
 31
0.0
  0
LINE
  5
44F
330
414
100
AcDbEntity
  8
STR-BEAM
  6
HIDDEN
 48
30.0
100
AcDbLine
 10
24812874.36820324
 20
12477653.71152856
 30
0.0000000013216095
 11
24814629.71710608
 21
12478544.98494191
 31
0.0000000013216095
  0
LINE
  5
450
330
414
100
AcDbEntity
  8
STR-BEAM
 48
30.0
100
AcDbLine
 10
24812949.33516975
 20
12477243.16778117
 30
0.0000000013216095
 11
24813733.50256126
 21
12477641.32654411
 31
0.0000000013216095
  0
LINE
  5
451
330
414
100
AcDbEntity
  8
0
  6
HIDDEN
 62
     1
 48
50.0
100
AcDbLine
 10
24812549.00740271
 20
12474993.17015414
 30
0.0
 11
24813590.90779145
 21
12474229.5969441
 31
0.0
  0
LINE
  5
452
330
414
100
AcDbEntity
  8
0
  6
HIDDEN
 62
     1
 48
50.0
100
AcDbLine
 10
24813268.57256228
 20
12475183.9515289
 30
0.0
 11
24812975.68427096
 21
12474238.99756195
 31
0.0
  0
LINE
  5
453
330
414
100
AcDbEntity
  8
STR-BEAM
  6
HIDDEN
 48
30.0
100
AcDbLine
 10
24816787.65561172
 20
12488062.28762507
 30
0.0000000129530424
 11
24818126.65864195
 21
12485425.14231757
 31
0.0
  0
LINE
  5
454
330
414
100
AcDbEntity
  8
STR-BEAM
  6
HIDDEN
 48
30.0
100
AcDbLine
 10
24810763.68180052
 20
12500920.37668568
 30
0.0
 11
24811342.06715454
 21
12499781.25587124
 31
-0.0000000000015464
  0
LINE
  5
455
330
414
100
AcDbEntity
  8
STR-BEAM
  6
HIDDEN
 48
30.0
100
AcDbLine
 10
24811477.88652732
 20
12499513.76176294
 30
-0.0000000000019095
 11
24812849.66219235
 21
12496812.07126904
 31
-0.0000000000055772
  0
LINE
  5
456
330
414
100
AcDbEntity
  8
STR-BEAM
  6
HIDDEN
 48
30.0
100
AcDbLine
 10
24812985.48156514
 20
12496544.57716074
 30
-0.0000000000059403
 11
24813553.08967235
 21
12495426.68196359
 31
-0.0000000000074579
  0
LINE
  5
457
330
414
100
AcDbEntity
  8
STR-BEAM
  6
HIDDEN
 48
30.0
100
AcDbLine
 10
24813824.7284179
 20
12494891.69374698
 30
-0.0000000000081841
 11
24814555.22752844
 21
12493452.98729299
 31
-0.0000000000101372
  0
LINE
  5
458
330
414
100
AcDbEntity
  8
STR-BEAM
  6
HIDDEN
 48
30.0
100
AcDbLine
 10
24814690.86065681
 20
12493185.85999008
 30
-0.0000000000104999
 11
24816062.63620484
 21
12490484.16972665
 31
-0.0000000000141675
  0
LINE
  5
459
330
414
100
AcDbEntity
  8
STR-BEAM
  6
HIDDEN
 48
30.0
100
AcDbLine
 10
24816198.45557761
 20
12490216.67561835
 30
-0.0000000000145306
 11
24816917.15836165
 21
12488801.201843
 31
-0.0000000000164522
  0
LINE
  5
45A
330
414
100
AcDbEntity
  8
STR-BEAM
  6
HIDDEN
 48
30.0
100
AcDbLine
 10
24810228.6935839
 20
12500648.73794013
 30
0.0
 11
24813018.10145572
 21
12495155.04321804
 31
0.0
  0
LINE
  5
45B
330
414
100
AcDbEntity
  8
STR-BEAM
  6
HIDDEN
 48
30.0
100
AcDbLine
 10
24813289.74020127
 20
12494620.05500143
 30
0.0
 11
24816382.30334034
 21
12488529.30077135
 31
0.0
  0
LINE
  5
45C
330
414
100
AcDbEntity
  8
STR-BEAM
  6
HIDDEN
 48
30.0
100
AcDbLine
 10
24817055.08312237
 20
12488198.23816089
 30
-0.000000000028858
 11
24818394.15275024
 21
12485560.96169032
 31
0.0
  0
LINE
  5
45D
330
414
100
AcDbEntity
  8
STR-BEAM
  6
HIDDEN
 48
30.0
100
AcDbLine
 10
24810699.81920796
 20
12493977.94199962
 30
0.0
 11
24813018.10145572
 21
12495155.04321804
 31
0.0
  0
LINE
  5
45E
330
414
100
AcDbEntity
  8
STR-BEAM
  6
HIDDEN
 48
30.0
100
AcDbLine
 10
24813553.08967235
 20
12495426.68196361
 30
0.0
 11
24817788.41310371
 21
12497577.15539122
 31
0.0
  0
LINE
  5
45F
330
414
100
AcDbEntity
  8
STR-BEAM
  6
HIDDEN
 48
30.0
100
AcDbLine
 10
24810971.45732021
 20
12493442.95346144
 30
0.0
 11
24813289.74020127
 21
12494620.05500143
 31
0.0
  0
LINE
  5
460
330
414
100
AcDbEntity
  8
STR-BEAM
  6
HIDDEN
 48
30.0
100
AcDbLine
 10
24813824.7284179
 20
12494891.69374698
 30
0.0
 11
24818060.05160172
 21
12497042.16704891
 31
0.0
  0
LINE
  5
461
330
414
100
AcDbEntity
  8
STR-BEAM
  6
HIDDEN
 48
30.0
100
AcDbLine
 10
24810174.29077447
 20
12489001.65682245
 30
0.0000000013216095
 11
24812065.92433697
 21
12489962.12838425
 31
0.0000000013216095
  0
LINE
  5
462
330
414
100
AcDbEntity
  8
STR-BEAM
  6
HIDDEN
 48
30.0
100
AcDbLine
 10
24810038.4714017
 20
12489269.15093075
 30
0.0000000013216095
 11
24811930.10496419
 21
12490229.62249257
 31
0.0000000013216095
  0
LINE
  5
463
330
414
100
AcDbEntity
  8
STR-BEAM
  6
HIDDEN
 48
30.0
100
AcDbLine
 10
24810971.45732021
 20
12493442.95346144
 30
0.0
 11
24813996.6879869
 21
12487484.8094715
 31
0.0
  0
LINE
  5
464
330
414
100
AcDbEntity
  8
STR-BEAM
  6
HIDDEN
 48
30.0
100
AcDbLine
 10
24810437.94117049
 20
12493168.41550342
 30
0.0
 11
24811930.10496419
 21
12490229.62249257
 31
0.0000000000400984
  0
LINE
  5
465
330
414
100
AcDbEntity
  8
STR-BEAM
  6
HIDDEN
 48
30.0
100
AcDbLine
 10
24812065.92433697
 20
12489962.12838425
 30
0.0
 11
24813529.60559805
 21
12487079.43127128
 31
0.0000000000012753
  0
LINE
  5
466
330
414
100
AcDbEntity
  8
STR-BEAM
  6
HIDDEN
 48
30.0
100
AcDbLine
 10
24814336.23361974
 20
12486816.07971352
 30
0.0
 11
24814968.0193396
 21
12485571.78772244
 31
0.0
  0
LINE
  5
467
330
414
100
AcDbEntity
  8
STR-BEAM
  6
HIDDEN
 48
30.0
100
AcDbLine
 10
24814968.0193396
 20
12485571.78772244
 30
0.0
 11
24815674.62896885
 21
12484180.13122427
 31
0.0
  0
LINE
  5
468
330
414
100
AcDbEntity
  8
STR-BEAM
  6
HIDDEN
 48
30.0
100
AcDbLine
 10
24815855.72146588
 20
12483823.47241319
 30
0.0
 11
24816308.08657775
 21
12482932.54647416
 31
0.0
  0
LINE
  5
469
330
414
100
AcDbEntity
  8
STR-BEAM
  6
HIDDEN
 48
30.0
100
AcDbLine
 10
24816398.63670591
 20
12482754.20942772
 30
0.0
 11
24816648.00122344
 21
12482263.08995118
 31
0.0
  0
LINE
  5
46A
330
414
100
AcDbEntity
  8
STR-BEAM
  6
HIDDEN
 48
30.0
100
AcDbLine
 10
24816738.54747196
 20
12482084.76054563
 30
0.0
 11
24817157.33878299
 21
12481259.95767677
 31
0.0
  0
LINE
  5
46B
330
414
100
AcDbEntity
  8
STR-BEAM
  6
HIDDEN
 48
30.0
100
AcDbLine
 10
24817247.88503151
 20
12481081.62827124
 30
0.0
 11
24817734.53945172
 21
12480123.17008129
 31
0.0
  0
LINE
  5
46C
330
414
100
AcDbEntity
  8
STR-BEAM
  6
HIDDEN
 48
30.0
100
AcDbLine
 10
24813801.24437625
 20
12486544.44299037
 30
0.0000000000274912
 11
24815348.15922298
 21
12483497.8186458
 31
0.0
  0
LINE
  5
46D
330
414
100
AcDbEntity
  8
STR-BEAM
  6
HIDDEN
 48
30.0
100
AcDbLine
 10
24815529.25172002
 20
12483141.15983473
 30
0.0
 11
24817199.5512351
 21
12479851.53133575
 31
0.0
  0
LINE
  5
46E
330
414
100
AcDbEntity
  8
STR-BEAM
  6
HIDDEN
 48
30.0
100
AcDbLine
 10
24815855.72146588
 20
12483823.47241319
 30
0.0
 11
24817549.85236072
 21
12484683.66255718
 31
0.0
  0
LINE
  5
46F
330
414
100
AcDbEntity
  8
STR-BEAM
 48
30.0
100
AcDbLine
 10
24817728.18176626
 20
12484774.2088057
 30
0.0
 11
24822944.31568293
 21
12487422.68596793
 31
0.0
  0
LINE
  5
470
330
414
100
AcDbEntity
  8
STR-BEAM
  6
HIDDEN
 48
30.0
100
AcDbLine
 10
24815674.62896885
 20
12484180.13122427
 30
0.0
 11
24817066.28494599
 21
12484886.740589
 31
0.0
  0
LINE
  5
471
330
414
100
AcDbEntity
  8
STR-BEAM
  6
HIDDEN
 48
30.0
100
AcDbLine
 10
24817066.28494599
 20
12484886.740589
 30
0.0
 11
24818126.65864195
 21
12485425.14231757
 31
0.0
  0
LINE
  5
472
330
414
100
AcDbEntity
  8
STR-BEAM
  6
HIDDEN
 48
30.0
100
AcDbLine
 10
24818394.15275024
 20
12485560.96169032
 30
0.0
 11
24822763.2231859
 21
12487779.34477902
 31
0.0
  0
LINE
  5
473
330
414
100
AcDbEntity
  8
STR-BEAM
  6
HIDDEN
 48
30.0
100
AcDbLine
 10
24811022.31217432
 20
12481301.38210895
 30
0.0
 11
24815348.15922298
 21
12483497.8186458
 31
0.0
  0
LINE
  5
474
330
414
100
AcDbEntity
  8
STR-BEAM
  6
HIDDEN
 48
30.0
100
AcDbLine
 10
24811203.40169063
 20
12480944.72178442
 30
0.0
 11
24813045.03138394
 21
12481879.80402387
 31
0.0
  0
LINE
  5
475
330
414
100
AcDbEntity
  8
STR-BEAM
  6
HIDDEN
 48
30.0
100
AcDbLine
 10
24813401.6902379
 20
12482060.89654267
 30
0.0
 11
24815529.25172002
 21
12483141.15983473
 31
0.0
  0
LINE
  5
476
330
414
100
AcDbEntity
  8
STR-BEAM
  6
HIDDEN
 48
30.0
100
AcDbLine
 10
24817915.64526745
 20
12479766.51803276
 30
0.0
 11
24821415.26678301
 21
12481543.44090484
 31
0.0
  0
LINE
  5
477
330
414
100
AcDbEntity
  8
STR-BEAM
  6
HIDDEN
 48
30.0
100
AcDbLine
 10
24821682.76089138
 20
12481679.26027765
 30
0.0
 11
24825004.24220278
 21
12483365.73296768
 31
0.0
  0
LINE
  5
478
330
414
100
AcDbEntity
  8
STR-BEAM
  6
HIDDEN
 48
30.0
100
AcDbLine
 10
24817734.55277042
 20
12480123.17684383
 30
0.0
 11
24819428.67034661
 21
12480983.3602253
 31
0.0
  0
LINE
  5
479
330
414
100
AcDbEntity
  8
STR-BEAM
 48
30.0
100
AcDbLine
 10
24819696.16445492
 20
12481119.17959808
 30
0.0
 11
24823530.24570572
 21
12483065.92344958
 31
0.0
  0
LINE
  5
47A
330
414
100
AcDbEntity
  8
STR-BEAM
 48
30.0
100
AcDbLine
 10
24823708.57511126
 20
12483156.4696981
 30
0.0
 11
24824823.18241411
 21
12483722.40838634
 31
0.0
  0
LINE
  5
47B
330
414
100
AcDbEntity
  8
STR-BEAM
  6
HIDDEN
 48
30.0
100
AcDbLine
 10
24821950.14677554
 20
12471820.63107052
 30
0.0
 11
24820643.00061503
 21
12474395.03477659
 31
-0.0000000000000001
  0
LINE
  5
47C
330
414
100
AcDbEntity
  8
STR-BEAM
  6
HIDDEN
 48
30.0
100
AcDbLine
 10
24820371.36186946
 20
12474930.02299321
 30
0.0
 11
24819545.52003104
 21
12476556.50544306
 31
0.0
  0
LINE
  5
47D
330
414
100
AcDbEntity
  8
STR-BEAM
  6
HIDDEN
 48
30.0
100
AcDbLine
 10
24819273.88128549
 20
12477091.49365967
 30
0.0000000000543635
 11
24817915.64526746
 21
12479766.51803275
 31
0.0
  0
LINE
  5
47E
330
414
100
AcDbEntity
  8
STR-BEAM
 48
30.0
100
AcDbLine
 10
24813777.9146231
 20
12474300.93221661
 30
0.0
 11
24816255.77208852
 21
12475559.05729801
 31
0.0
  0
LINE
  5
47F
330
414
100
AcDbEntity
  8
STR-BEAM
  6
HIDDEN
 48
30.0
100
AcDbLine
 10
24816612.43094249
 20
12475740.14981681
 30
0.0
 11
24818605.14601473
 21
12476751.94522773
 31
0.0
  0
LINE
  5
480
330
414
100
AcDbEntity
  8
STR-BEAM
  6
HIDDEN
 48
30.0
100
AcDbLine
 10
24819273.88128549
 20
12477091.49365967
 30
0.0
 11
24822773.50280102
 21
12478868.41653176
 31
-0.0000000000622919
  0
LINE
  5
481
330
414
100
AcDbEntity
  8
STR-BEAM
  6
HIDDEN
 48
30.0
100
AcDbLine
 10
24823040.99690941
 20
12479004.23590456
 30
0.0
 11
24826540.79158937
 21
12480781.24670039
 31
0.0
  0
LINE
  5
482
330
414
100
AcDbEntity
  8
STR-BEAM
  6
HIDDEN
 48
30.0
100
AcDbLine
 10
24813705.69864277
 20
12473591.3527408
 30
0.0
 11
24818876.78476029
 21
12476216.95701113
 31
0.0
  0
LINE
  5
483
330
414
100
AcDbEntity
  8
STR-BEAM
  6
HIDDEN
 48
30.0
100
AcDbLine
 10
24819545.52003104
 20
12476556.50544306
 30
0.0
 11
24823045.14154658
 21
12478333.42831515
 31
0.0
  0
LINE
  5
484
330
414
100
AcDbEntity
  8
STR-BEAM
  6
HIDDEN
 48
30.0
100
AcDbLine
 10
24823312.63565495
 20
12478469.24768795
 30
0.0
 11
24826812.43033492
 21
12480246.25848378
 31
0.0
  0
LINE
  5
485
330
414
100
AcDbEntity
  8
STR-BEAM
  6
HIDDEN
 48
30.0
100
AcDbLine
 10
24823312.63565495
 20
12478469.24768795
 30
0.0
 11
24824138.4774933
 21
12476842.76523827
 31
0.0
  0
LINE
  5
486
330
414
100
AcDbEntity
  8
STR-BEAM
  6
HIDDEN
 48
30.0
100
AcDbLine
 10
24824138.4774933
 20
12476842.76523827
 30
0.0
 11
24827459.94572919
 21
12478529.23128927
 31
0.0
  0
LINE
  5
487
330
414
100
AcDbEntity
  8
STR-BEAM
  6
HIDDEN
 48
30.0
100
AcDbLine
 10
24824410.11623883
 20
12476307.77702166
 30
0.0000000000000001
 11
24827731.58447475
 21
12477994.24307266
 31
0.0000000000000001
  0
LINE
  5
488
330
414
100
AcDbEntity
  8
STR-BEAM
  6
HIDDEN
 48
30.0
100
AcDbLine
 10
24823870.98338491
 20
12476706.94586545
 30
-0.000000001707858
 11
24820371.36186946
 21
12474930.02299321
 31
0.0000000003313992
  0
LINE
  5
489
330
414
100
AcDbEntity
  8
STR-BEAM
  6
HIDDEN
 48
30.0
100
AcDbLine
 10
24824142.62213048
 20
12476171.95764883
 30
0.000000000377955
 11
24820643.00061502
 21
12474395.03477659
 31
-0.0000000000000017
  0
LINE
  5
48A
330
414
100
AcDbEntity
  8
STR-BEAM
 48
30.0
100
AcDbLine
 10
24824005.47124414
 20
12485774.52042485
 30
0.0
 11
24822712.58313148
 21
12485118.06016244
 31
0.0
  0
LINE
  5
48B
330
414
100
AcDbEntity
  8
STR-BEAM
 48
30.0
100
AcDbLine
 10
24822534.25372595
 20
12485027.51391393
 30
0.0
 11
24818700.17247513
 21
12483080.77006242
 31
0.0
  0
LINE
  5
48C
330
414
100
AcDbEntity
  8
STR-BEAM
 48
30.0
100
AcDbLine
 10
24817534.62697034
 20
12482488.96764702
 30
0.0000000000644678
 11
24818432.67836682
 21
12482944.95068964
 31
-0.0000000000000002
  0
LINE
  5
48D
330
414
100
AcDbEntity
  8
STR-BEAM
  6
HIDDEN
 48
30.0
100
AcDbLine
 10
24817526.92009032
 20
12482260.75049487
 30
0.0
 11
24818523.22461535
 21
12482766.6212841
 31
-0.0000000000000002
  0
LINE
  5
48E
330
414
100
AcDbEntity
  8
STR-BEAM
  6
HIDDEN
 48
30.0
100
AcDbLine
 10
24818851.46967786
 20
12482120.14782077
 30
0.0
 11
24817498.98153071
 21
12481433.42581034
 31
0.0
  0
LINE
  5
48F
330
414
100
AcDbEntity
  8
STR-BEAM
  6
HIDDEN
 48
30.0
100
AcDbLine
 10
24818942.01592639
 20
12481941.81841524
 30
0.0
 11
24817247.88503151
 21
12481081.62827124
 31
0.0
  0
LWPOLYLINE
  5
490
330
414
100
AcDbEntity
  8
STR-BEAM
  6
HIDDEN
 48
30.0
100
AcDbPolyline
 90
        3
 70
     0
 43
0.0
 38
0.0000000005426296
 10
24805320.16748377
 20
12476655.40916265
 10
24805861.84324271
 20
12475684.44757849
 10
24806268.25274928
 20
12475931.94928008
  0
LINE
  5
491
102
{ACAD_REACTORS
330
618
102
}
330
414
100
AcDbEntity
  8
STR-BEAM
 48
30.0
100
AcDbLine
 10
24804910.48187812
 20
12476979.32872943
 30
-0.0000000013216095
 11
24806006.49674866
 21
12475014.56751843
 31
0.0
  0
HATCH
  5
492
330
414
100
AcDbEntity
  8
S-BALCONY HATCH
100
AcDbHatch
 10
0.0
 20
0.0
 30
0.0
210
0.0
220
0.0
230
1.0
  2
CROSS
 70
     0
 71
     0
 91
        1
 92
        1
 93
        4
 72
     1
 10
24823122.64508846
 20
12487513.23221643
 11
24823914.92484525
 21
12485952.84975597
 72
     1
 10
24823914.92484525
 20
12485952.84975597
 11
24818520.46152305
 21
12483213.82634524
 72
     1
 10
24818520.46152306
 20
12483213.82634524
 11
24817728.18176627
 21
12484774.2088057
 72
     1
 10
24817728.18176626
 20
12484774.2088057
 11
24823122.64508846
 21
12487513.23221644
 97
        0
 75
     1
 76
     1
 52
0.0
 41
25.0
 77
     0
 78
     2
 53
0.0
 43
-266034.7601025589
 44
17478.01838609762
 45
158.75
 46
158.75
 79
     2
 49
79.375
 49
-238.125
 53
90.0
 43
-265995.0726025589
 44
17438.33088609762
 45
-158.75
 46
158.75
 79
     2
 49
79.375
 49
-238.125
 98
        1
 10
24815086.66553262
 20
12503339.96695795
1001
GradientColor1ACI
1070
     5
1001
GradientColor2ACI
1070
     2
1001
ACAD
1010
0.0
1020
0.0
1030
0.0
  0
HATCH
  5
493
330
414
100
AcDbEntity
  8
S-BALCONY HATCH
100
AcDbHatch
 10
0.0
 20
0.0
 30
0.0
210
0.0
220
0.0
230
1.0
  2
CROSS
 70
     0
 71
     0
 91
        2
 92
        1
 93
        4
 72
     1
 10
24823530.26187121
 20
12483065.89161192
 11
24822534.25372596
 21
12485027.51391392
 72
     1
 10
24822534.25372596
 20
12485027.51391393
 11
24818611.00777237
 21
12483035.49693815
 72
     1
 10
24818611.00777236
 20
12483035.49693815
 11
24819606.99975214
 21
12481073.90647382
 72
     1
 10
24819606.99975215
 20
12481073.90647383
 11
24823530.2618712
 21
12483065.89161193
 97
        0
 92
        1
 93
        4
 72
     1
 10
24823414.31682101
 20
12483736.00675052
 11
24824707.18578131
 21
12484392.45728837
 72
     1
 10
24824707.18578131
 20
12484392.45728838
 11
24824005.30270385
 21
12485774.434849
 72
     1
 10
24824005.30270385
 20
12485774.43484899
 11
24822712.58313149
 21
12485118.06016244
 72
     1
 10
24822712.58313148
 20
12485118.06016244
 11
24823414.31682101
 21
12483736.00675053
 97
        0
 75
     1
 76
     1
 52
0.0
 41
25.0
 77
     0
 78
     2
 53
0.0
 43
-266034.7601025589
 44
17478.01838609762
 45
158.75
 46
158.75
 79
     2
 49
79.375
 49
-238.125
 53
90.0
 43
-265995.0726025589
 44
17438.33088609762
 45
-158.75
 46
158.75
 79
     2
 49
79.375
 49
-238.125
 98
        1
 10
24815086.66553262
 20
12503339.96695795
1001
GradientColor1ACI
1070
     5
1001
GradientColor2ACI
1070
     2
1001
ACAD
1010
0.0
1020
0.0
1030
0.0
  0
LINE
  5
494
330
414
100
AcDbEntity
  8
STR-BEAM
 48
30.0
100
AcDbLine
 10
24823708.57511126
 20
12483156.4696981
 30
0.0
 11
24823504.86306952
 21
12483557.677345
 31
0.0
  0
LINE
  5
495
330
414
100
AcDbEntity
  8
STR-BEAM
  6
HIDDEN
 48
30.0
100
AcDbLine
 10
24823414.31682101
 20
12483736.00675053
 30
0.0
 11
24822712.58313148
 21
12485118.06016244
 31
0.0
  0
LINE
  5
496
330
414
100
AcDbEntity
  8
STR-BEAM
  6
HIDDEN
 48
30.0
100
AcDbLine
 10
24823530.24570572
 20
12483065.92344958
 30
0.0
 11
24822534.25372595
 21
12485027.51391393
 31
0.0
  0
LINE
  5
497
330
414
100
AcDbEntity
  8
STR-BEAM
 48
30.0
100
AcDbLine
 10
24823504.86306952
 20
12483557.677345
 30
0.0
 11
24824797.68970143
 21
12484214.10639071
 31
0.0
  0
LINE
  5
498
330
414
100
AcDbEntity
  8
STR-BEAM
  6
HIDDEN
 48
30.0
100
AcDbLine
 10
24823414.31682101
 20
12483736.00675053
 30
0.0
 11
24824707.14345292
 21
12484392.43579624
 31
0.0
  0
LINE
  5
499
330
414
100
AcDbEntity
  8
STR-BEAM
 48
30.0
100
AcDbLine
 10
24806502.14438341
 20
12475195.72933849
 30
0.0
 11
24806784.71055798
 21
12474742.10611896
 31
0.0
  0
LINE
  5
49A
330
414
100
AcDbEntity
  8
STR-BEAM
 48
30.0
100
AcDbLine
 10
24806864.04460597
 20
12474614.80280033
 30
-0.0000000003886292
 11
24807392.63081868
 21
12473766.22642717
 31
-0.0000000003886292
  0
LINE
  5
49B
330
414
100
AcDbEntity
  8
STR-BEAM
 48
30.0
100
AcDbLine
 10
24807392.63081868
 20
12473766.22642717
 30
-0.0000000003886292
 11
24808297.26561342
 21
12474007.87921629
 31
0.0
  0
LINE
  5
49C
330
414
100
AcDbEntity
  8
STR-BEAM
 48
30.0
100
AcDbLine
 10
24807301.16995783
 20
12473534.7819597
 30
-0.0000000001231807
 11
24808197.98710646
 21
12473774.34644091
 31
-0.0000000000177408
  0
LINE
  5
49D
330
414
100
AcDbEntity
  8
STR-BEAM
 48
30.0
100
AcDbLine
 10
24806867.44708077
 20
12474616.92223393
 30
0.0000000009329803
 11
24807627.944454
 21
12475090.62127283
 31
0.0000000001585048
  0
MTEXT
  5
49E
330
414
100
AcDbEntity
  8
STR-BEAM NO.
100
AcDbMText
 10
24813794.03241138
 20
12469411.83693764
 30
0.0
 40
250.0000000000001
 41
1398.56088639224
 46
0.0
 71
     5
 72
     5
  1
30
  7
EL
 11
0.9999999998849844
 21
0.0000151667768433
 31
0.0
 73
     1
 44
1.0
  0
MTEXT
  5
49F
330
414
100
AcDbEntity
  8
STR-BEAM NO.
100
AcDbMText
 10
24812468.2354248
 20
12468140.88373175
 30
0.0
 40
250.0000000000001
 41
1398.56088639224
 46
0.0
 71
     5
 72
     5
  1
31
  7
EL
 11
0.9999999998849844
 21
0.0000151667768433
 31
0.0
 73
     1
 44
1.0
  0
LWPOLYLINE
  5
4A0
330
414
100
AcDbEntity
  8
STR-BEAM
 48
30.0
100
AcDbPolyline
 90
        3
 70
     0
 43
0.0
 10
24812281.36284431
 20
12474606.14971155
 10
24812306.58966349
 20
12474926.97948736
 10
24813268.57256223
 20
12475183.95152907
  0
LINE
  5
4A1
330
414
100
AcDbEntity
  8
STR-BEAM
 48
30.0
100
AcDbLine
 10
24813250.62349681
 20
12474033.20164679
 30
0.0
 11
24813597.71749036
 21
12474209.43763492
 31
0.0
  0
LINE
  5
4A2
330
414
100
AcDbEntity
  8
STR-BEAM
 48
30.0
100
AcDbLine
 10
24813597.71749036
 20
12474209.43763492
 30
0.0
 11
24813268.57256043
 21
12475183.95152299
 31
0.0
  0
LINE
  5
4A3
330
414
100
AcDbEntity
  8
STR-BEAM
 48
30.0
100
AcDbLine
 10
24813204.43965833
 20
12475373.83263038
 30
0.0
 11
24812728.31292126
 21
12476783.52202726
 31
0.0
  0
LINE
  5
4A4
330
414
100
AcDbEntity
  8
STR-BEAM
 48
30.0
100
AcDbLine
 10
24813777.9146231
 20
12474300.93221661
 30
0.0
 11
24813180.73481704
 21
12476069.02876552
 31
0.0
  0
LINE
  5
4A5
330
414
100
AcDbEntity
  8
STR-BEAM
 48
30.0
100
AcDbLine
 10
24813178.8051457
 20
12476074.74202845
 30
0.0
 11
24813082.80696437
 21
12476358.96807125
 31
0.0
  0
LWPOLYLINE
  5
4A6
330
414
100
AcDbEntity
  8
STR-BEAM
  6
HIDDEN
 62
     4
 48
30.0
100
AcDbPolyline
 90
        2
 70
     0
 43
0.0
 10
24813268.57256233
 20
12475183.9515291
 10
24813268.57255055
 20
12475183.95155227
  0
LINE
  5
4A7
330
414
100
AcDbEntity
  8
STR-BEAM
  6
HIDDEN
 48
30.0
100
AcDbLine
 10
24812086.89440763
 20
12474684.34993286
 30
0.0
 11
24812118.29476065
 21
12475083.69351012
 31
0.0
  0
LINE
  5
4A8
330
414
100
AcDbEntity
  8
STR-BEAM
  6
HIDDEN
 48
30.0
100
AcDbLine
 10
24812118.29476065
 20
12475083.69351012
 30
0.0
 11
24813204.43965833
 21
12475373.83263038
 31
0.0
  0
LINE
  5
4A9
330
414
100
AcDbEntity
  8
STR-BEAM
  6
HIDDEN
 48
30.0
100
AcDbLine
 10
24817549.85236072
 20
12484683.66255718
 30
0.0
 11
24817979.6193679
 21
12483837.24322824
 31
0.0
  0
LINE
  5
4AA
330
414
100
AcDbEntity
  8
STR-BEAM
  6
HIDDEN
 48
30.0
100
AcDbLine
 10
24818002.28652499
 20
12483792.71855368
 30
-0.0000000004032495
 11
24816308.08657775
 21
12482932.54647415
 31
0.0
  0
LINE
  5
4AB
330
414
100
AcDbEntity
  8
STR-BEAM
 48
30.0
100
AcDbLine
 10
24818092.83279365
 20
12483614.38915801
 30
-0.0000000004032495
 11
24817563.55728319
 21
12483345.66461712
 31
-0.0000000004032495
  0
LINE
  5
4AC
330
414
100
AcDbEntity
  8
STR-BEAM
  6
HIDDEN
 48
30.0
100
AcDbLine
 10
24817360.1500695
 20
12483242.39040732
 30
-0.0000000004032495
 11
24816398.63670591
 21
12482754.20942772
 31
-0.0000000004032495
  0
LINE
  5
4AD
330
414
100
AcDbEntity
  8
STR-BEAM
  6
HIDDEN
 48
30.0
100
AcDbLine
 10
24817367.66033748
 20
12483470.54203737
 30
0.0
 11
24817367.65919589
 21
12483470.50823236
 31
0.0
  0
LINE
  5
4AE
330
414
100
AcDbEntity
  8
STR-BEAM
  6
HIDDEN
 48
30.0
100
AcDbLine
 10
24817359.95235863
 20
12483242.29002526
 30
0.0
 11
24817338.72866637
 21
12482613.80484599
 31
0.0
  0
LINE
  5
4AF
330
414
100
AcDbEntity
  8
STR-BEAM
 48
30.0
100
AcDbLine
 10
24817563.55833842
 20
12483345.69586486
 30
-0.0000000004032495
 11
24817534.62697034
 21
12482488.96764702
 31
0.0000000000644678
  0
LINE
  5
4B0
330
414
100
AcDbEntity
  8
STR-BEAM
  6
HIDDEN
 48
30.0
100
AcDbLine
 10
24817331.02180625
 20
12482385.58770397
 30
0.0
 11
24817295.37640789
 21
12481330.04588826
 31
0.0
  0
LINE
  5
4B1
330
414
100
AcDbEntity
  8
STR-BEAM
  6
HIDDEN
 48
30.0
100
AcDbLine
 10
24817526.92009032
 20
12482260.75049487
 30
0.0
 11
24817498.98153071
 21
12481433.42581034
 31
0.0
  0
LINE
  5
4B2
330
414
100
AcDbEntity
  8
STR-BEAM
  6
HIDDEN
 48
30.0
100
AcDbLine
 10
24817295.37640789
 20
12481330.04588826
 30
0.0
 11
24817157.33878299
 21
12481259.95767677
 31
0.0
  0
LINE
  5
4B3
330
414
100
AcDbEntity
  8
STR-BEAM
 48
30.0
100
AcDbLine
 10
24815355.54118668
 20
12503252.18380094
 30
0.0
 11
24818075.26110083
 21
12497895.73838157
 31
0.0
  0
LINE
  5
4B4
330
414
100
AcDbEntity
  8
STR-BEAM
 48
30.0
100
AcDbLine
 10
24815177.21178094
 20
12503161.63755281
 30
0.0
 11
24817898.83249944
 21
12497801.4485293
 31
0.0
  0
LINE
  5
4B5
330
414
100
AcDbEntity
  8
STR-BEAM
 48
30.0
100
AcDbLine
 10
24818418.42389782
 20
12497219.87271577
 30
0.0
 11
24821441.94100392
 21
12491265.11551421
 31
0.0
  0
LINE
  5
4B6
330
414
100
AcDbEntity
  8
STR-BEAM
 48
30.0
100
AcDbLine
 10
24818240.1009166
 20
12497129.32972919
 30
0.0
 11
24821263.61159838
 21
12491174.56926568
 31
0.0
  0
LINE
  5
4B7
330
414
100
AcDbEntity
  8
STR-BEAM
 48
30.0
100
AcDbLine
 10
24810716.21354852
 20
12501345.18640411
 30
0.0
 11
24814505.71326551
 21
12503269.29448204
 31
0.0
  0
LINE
  5
4B8
330
414
100
AcDbEntity
  8
STR-BEAM
 48
30.0
100
AcDbLine
 10
24810813.70081354
 20
12501170.38128064
 30
0.0
 11
24814596.25951404
 21
12503090.96507649
 31
0.0
  0
LINE
  5
4B9
330
414
100
AcDbEntity
  8
STR-BEAM
 48
30.0
100
AcDbLine
 10
24826517.02807658
 20
12472235.28058323
 30
0.0
 11
24830011.67006026
 21
12472863.8326399
 31
0.0000000000000001
  0
LINE
  5
4BA
330
414
100
AcDbEntity
  8
STR-BEAM
 48
30.0
100
AcDbLine
 10
24826481.62385649
 20
12472432.12199452
 30
0.0
 11
24829976.26584017
 21
12473060.67405119
 31
0.0000000000000001
  0
LINE
  5
4BB
330
414
100
AcDbEntity
  8
STR-BEAM
 48
30.0
100
AcDbLine
 10
24822055.80879038
 20
12471433.21784977
 30
0.0
 11
24825926.4500401
 21
12472129.36601045
 31
0.0000000000000001
  0
LINE
  5
4BC
330
414
100
AcDbEntity
  8
STR-BEAM
 48
30.0
100
AcDbLine
 10
24821985.67065243
 20
12471623.81224632
 30
0.0
 11
24825891.04738369
 21
12472326.20770299
 31
0.0000000000000001
  0
LINE
  5
4BD
330
414
100
AcDbEntity
  8
STR-CUTOUT
  6
HIDDEN
 62
     1
 48
15.0
100
AcDbLine
 10
24823504.86306952
 20
12483557.677345
 30
0.0
 11
24825001.35568593
 21
12483812.87535841
 31
0.0
  0
LINE
  5
4BE
330
414
100
AcDbEntity
  8
STR-CUTOUT
  6
HIDDEN
 62
     1
 48
15.0
100
AcDbLine
 10
24824797.68970143
 20
12484214.10639071
 30
0.0
 11
24823708.57511126
 21
12483156.4696981
 31
0.0
  0
ARC
  5
4BF
330
414
100
AcDbEntity
  8
Staircase
 62
     1
 48
50.0
100
AcDbCircle
 10
24800959.55150725
 20
12484062.26509931
 30
0.0000000013216095
 40
5760.000000002291
100
AcDbArc
 50
299.1530389898449
 51
51.56973101126006
  0
ARC
  5
4C0
330
414
100
AcDbEntity
  8
Staircase
 62
     1
 48
50.0
100
AcDbCircle
 10
24800959.55150725
 20
12484062.26509931
 30
0.0000000013216095
 40
6135.000000002291
100
AcDbArc
 50
299.1530389898449
 51
51.56973101126006
  0
ARC
  5
4C1
330
414
100
AcDbEntity
  8
Staircase
 62
     1
 48
50.0
100
AcDbCircle
 10
24800959.55150725
 20
12484062.26509931
 30
0.0000000013216095
 40
8010.000000002291
100
AcDbArc
 50
299.1530389898449
 51
51.56973101126006
  0
ARC
  5
4C2
330
414
100
AcDbEntity
  8
Staircase
 62
     1
 48
50.0
100
AcDbCircle
 10
24800959.55150725
 20
12484062.26509931
 30
0.0000000013216095
 40
7635.000000002292
100
AcDbArc
 50
299.1530389898449
 51
51.56973101126006
  0
ARC
  5
4C3
330
414
100
AcDbEntity
  8
Staircase
 62
     1
 48
50.0
100
AcDbCircle
 10
24800959.55150725
 20
12484062.26509931
 30
0.0000000013216095
 40
7260.000000002292
100
AcDbArc
 50
299.1530389898449
 51
51.56973101126006
  0
ARC
  5
4C4
330
414
100
AcDbEntity
  8
Staircase
 62
     1
 48
50.0
100
AcDbCircle
 10
24800959.55150725
 20
12484062.26509931
 30
0.0000000013216095
 40
6885.000000002292
100
AcDbArc
 50
299.1530389898449
 51
51.56973101126006
  0
ARC
  5
4C5
330
414
100
AcDbEntity
  8
Staircase
 62
     1
 48
50.0
100
AcDbCircle
 10
24800959.55150725
 20
12484062.26509931
 30
0.0000000013216095
 40
6510.000000002292
100
AcDbArc
 50
299.1530389898449
 51
51.56973101126006
  0
LWPOLYLINE
  5
4C6
330
414
100
AcDbEntity
  8
Staircase
 62
     1
 48
50.0
100
AcDbPolyline
 90
        2
 70
     0
 43
0.0
 38
0.0000000013216095
 10
24804068.34535868
 20
12476641.66590959
 10
24804068.32619265
 20
12476641.65521802
  0
LWPOLYLINE
  5
4C7
330
414
100
AcDbEntity
  8
Staircase
 62
     1
 48
50.0
100
AcDbPolyline
 90
        2
 70
     0
 43
0.0
 38
0.0000000013216095
 10
24803515.41273985
 20
12477632.87250715
 10
24803515.39346355
 20
12477632.86175406
  0
LINE
  5
4C8
330
414
100
AcDbEntity
  8
STR-CUTOUT
  6
HIDDEN
 62
     1
 48
15.0
100
AcDbLine
 10
24806867.44708077
 20
12474616.92223393
 30
0.0000000009329803
 11
24808297.26561342
 21
12474007.87921629
 31
0.0
  0
LINE
  5
4C9
330
414
100
AcDbEntity
  8
STR-CUTOUT
  6
HIDDEN
 62
     1
 48
15.0
100
AcDbLine
 10
24807627.944454
 20
12475090.62127282
 30
0.0000000001585048
 11
24807392.60945841
 21
12473766.2607183
 31
-0.0000000003886292
  0
LINE
  5
4CA
330
414
100
AcDbEntity
  8
STR-CUTOUT
  6
HIDDEN
 62
     1
 48
15.0
100
AcDbLine
 10
24806504.72030405
 20
12475198.88679837
 30
0.0000000013216095
 11
24807548.63292605
 21
12475217.93852059
 31
0.0
  0
LINE
  5
4CB
330
414
100
AcDbEntity
  8
STR-CUTOUT
  6
HIDDEN
 62
     1
 48
15.0
100
AcDbLine
 10
24807264.13583425
 20
12475674.64754261
 30
0.0
 11
24806784.57047709
 21
12474742.33233629
 31
0.0
  0
LINE
  5
4CC
330
414
100
AcDbEntity
  8
Wall
 48
20.0
100
AcDbLine
 10
24815100.66388898
 20
12470385.97544799
 30
0.0
 11
24815548.37918325
 21
12470466.46891931
 31
0.0
  0
LWPOLYLINE
  5
4CD
330
414
100
AcDbEntity
  8
STR-BEAM
 48
20.0
100
AcDbPolyline
 90
        5
 70
     0
 43
0.0
 10
24829925.93161952
 20
12473672.50618244
 10
24829646.61903563
 20
12473530.68601229
 10
24829703.39941542
 20
12473214.82337081
 10
24830120.26487207
 20
12473289.7699126
 10
24829925.93161952
 20
12473672.50618244
  0
LINE
  5
4CE
330
414
100
AcDbEntity
  8
STR-CUTOUT
  6
HIDDEN
 62
     1
 48
15.0
100
AcDbLine
 10
24829646.61903564
 20
12473530.68601229
 30
0.0
 11
24830120.64737531
 21
12473289.57535545
 31
0.0
  0
LINE
  5
4CF
330
414
100
AcDbEntity
  8
STR-CUTOUT
  6
HIDDEN
 62
     1
 48
15.0
100
AcDbLine
 10
24829925.93161952
 20
12473672.50618244
 30
0.0
 11
24829703.3994183
 21
12473214.82337673
 31
0.0
  0
LINE
  5
4D0
330
414
100
AcDbEntity
  8
STR-BEAM
  6
HIDDEN
 48
30.0
100
AcDbLine
 10
24829738.79249832
 20
12473017.96170523
 30
0.0
 11
24829738.83526265
 21
12473017.72384356
 31
0.0
  0
LINE
  5
4D1
330
414
100
AcDbEntity
  8
STR-BEAM
 48
30.0
100
AcDbLine
 10
24807743.64876928
 20
12492023.68998989
 30
0.0000000013216095
 11
24808301.85186978
 21
12492307.26904669
 31
0.0000000002931618
  0
LINE
  5
4D2
330
414
100
AcDbEntity
  8
STR-BEAM
  6
HIDDEN
 48
30.0
100
AcDbLine
 10
24807834.23387689
 20
12491845.38032028
 30
0.0000000013216095
 11
24808392.43697739
 21
12492128.95937707
 31
0.0000000002931618
  0
ARC
  5
4D3
330
414
100
AcDbEntity
  8
STR-BEAM
  6
HIDDEN
 48
30.0
100
AcDbCircle
 10
24800959.67586505
 20
12484062.02428723
 30
0.0000000013216095
 40
8170.000000002291
100
AcDbArc
 50
306.1553141660461
 51
320.7633287235023
  0
ARC
  5
4D4
330
414
100
AcDbEntity
  8
STR-BEAM
  6
HIDDEN
 48
30.0
100
AcDbCircle
 10
24800959.67586505
 20
12484062.02428723
 30
0.0000000013216095
 40
8170.000000002291
100
AcDbArc
 50
327.0818050615881
 51
341.7901842746368
  0
ARC
  5
4D5
330
414
100
AcDbEntity
  8
STR-BEAM
  6
HIDDEN
 48
30.0
100
AcDbCircle
 10
24800959.67586505
 20
12484062.02428723
 30
0.0000000013216095
 40
8170.000000002291
100
AcDbArc
 50
348.1109323977405
 51
2.641118387106428
  0
ARC
  5
4D6
330
414
100
AcDbEntity
  8
STR-BEAM
  6
HIDDEN
 48
30.0
100
AcDbCircle
 10
24800959.67586505
 20
12484062.02428723
 30
0.0000000013216095
 40
8170.000000002291
100
AcDbArc
 50
29.87503618892244
 51
44.58388182157293
  0
ARC
  5
4D7
330
414
100
AcDbEntity
  8
STR-BEAM
 48
30.0
100
AcDbCircle
 10
24800959.67586505
 20
12484062.02428723
 30
0.0000000013216095
 40
8170.000000002291
100
AcDbArc
 50
50.89903738144318
 51
51.57879090501731
  0
ARC
  5
4D8
330
414
100
AcDbEntity
  8
STR-BEAM
  6
HIDDEN
 48
30.0
100
AcDbCircle
 10
24800959.67586505
 20
12484062.02428723
 30
0.0000000013216095
 40
8370.000000002292
100
AcDbArc
 50
306.0795989946556
 51
320.7924497353885
  0
ARC
  5
4D9
330
414
100
AcDbEntity
  8
STR-BEAM
  6
HIDDEN
 48
30.0
100
AcDbCircle
 10
24800959.67586505
 20
12484062.02428723
 30
0.0000000013216095
 40
8370.000000002292
100
AcDbArc
 50
326.959631197629
 51
341.8065732929065
  0
ARC
  5
4DA
330
414
100
AcDbEntity
  8
STR-BEAM
  6
HIDDEN
 48
30.0
100
AcDbCircle
 10
24800959.67586505
 20
12484062.02428723
 30
0.0000000013216095
 40
8370.000000002292
100
AcDbArc
 50
347.9758672220808
 51
2.781060002100049
  0
ARC
  5
4DB
330
414
100
AcDbEntity
  8
STR-BEAM
  6
HIDDEN
 48
30.0
100
AcDbCircle
 10
24800959.67586505
 20
12484062.02428723
 30
0.0000000013216095
 40
8370.000000002292
100
AcDbArc
 50
29.85688913976998
 51
44.65365131717008
  0
ARC
  5
4DC
330
414
100
AcDbEntity
  8
STR-BEAM
  6
HIDDEN
 62
     4
 48
30.0
100
AcDbCircle
 10
24800959.67586505
 20
12484062.02428723
 30
0.0000000013216095
 40
8370.000000002292
100
AcDbArc
 50
51.55365601166415
 51
51.55534460429714
  0
LWPOLYLINE
  5
4DD
330
414
100
AcDbEntity
  8
Staircase
 62
     1
 48
50.0
100
AcDbPolyline
 90
        2
 70
     0
 43
0.0
 38
0.0000000013216095
 10
24804473.24520134
 20
12489936.60758565
 10
24804473.16778001
 20
12489936.66913362
  0
LWPOLYLINE
  5
4DE
330
414
100
AcDbEntity
  8
Staircase
 48
25.0
100
AcDbPolyline
 90
        3
 70
     0
 43
0.0
 10
24809707.83329074
 20
12495040.24101677
 10
24808730.73389998
 20
12496972.50019426
 42
-0.1622775363076514
 10
24808450.80270301
 20
12498849.10176576
  0
HATCH
  5
4DF
330
414
100
AcDbEntity
  8
Hatch
 48
20.0
100
AcDbHatch
 10
0.0
 20
0.0
 30
0.0
210
0.0
220
0.0
230
1.0
  2
AR-CONC
 70
     0
 71
     0
 91
        1
 92
        7
 72
     0
 73
     1
 93
        4
 10
24805233.4237235
 20
12492419.64540006
 10
24805140.0795263
 20
12492302.22793608
 10
24805881.04154041
 20
12491713.18008909
 10
24805974.3858049
 20
12491830.59749958
 97
        0
 75
     1
 76
     1
 52
0.0
 41
1.0
 77
     0
 78
    13
 53
50.0
 43
-266034.7601025589
 44
17478.01838609762
 45
182.184668996004
 46
-15.93908553890308
 79
     2
 49
19.05
 49
-209.55
 53
355.0
 43
-266034.7601025589
 44
17478.01838609762
 45
-35.24342142496934
 46
191.0568452390351
 79
     2
 49
15.24
 49
-167.64058417
 53
100.4514446999999
 43
-266019.5780955591
 44
17476.69013259746
 45
146.9412470903533
 46
175.1177519121951
 79
     2
 49
16.19000879999999
 49
-178.0902445999999
 53
46.1842
 43
-266034.7601025589
 44
17528.81838609837
 45
271.0790408921299
 46
-42.04232793272715
 79
     2
 49
28.575
 49
-314.325
 53
96.6355576099999
 43
-266012.1702025608
 44
17525.31488609686
 45
237.404134051503
 46
247.4261245977215
 79
     2
 49
24.28502314
 49
-267.13560816
 53
351.18415117
 43
-266034.7601025589
 44
17528.81838609837
 45
237.404134064977
 46
247.4261245855327
 79
     2
 49
22.85996707
 49
-251.45973192
 53
21.0
 43
-266009.3601025604
 44
17516.11838609725
 45
151.6143912691324
 46
-102.2651981870876
 79
     2
 49
19.05
 49
-209.55
 53
326.0
 43
-266009.3601025604
 44
17516.11838609725
 45
61.80202834764707
 46
184.1879661223192
 79
     2
 49
15.24
 49
-167.64
 53
71.45144499999999
 43
-265996.7255699597
 44
17507.59628619812
 45
213.4164192787161
 46
81.92276888590525
 79
     2
 49
16.1900088
 49
-178.0899375999999
 53
37.5
 43
-266034.7601025589
 44
17478.01838609762
 45
3.088603250591816
 46
84.55503887315311
 79
     6
 49
0.0
 49
-165.608
 49
0.0
 49
-170.18
 49
0.0
 49
-168.275
 53
7.499999999999999
 43
-266034.7601025589
 44
17478.01838609762
 45
66.81966251030575
 46
100.1805748181195
 79
     6
 49
0.0
 49
-97.02799999999999
 49
0.0
 49
-161.798
 49
0.0
 49
-64.135
 53
327.5
 43
-266091.4021025599
 44
17478.01838609762
 45
135.5905951668714
 46
-5.728743992673443
 79
     6
 49
0.0
 49
-63.5
 49
0.0
 49
-198.12
 49
0.0
 49
-262.89
 53
317.5
 43
-266116.8021025583
 44
17478.01838609762
 45
148.129181386018
 46
25.42649103333303
 79
     6
 49
0.0
 49
-82.55
 49
0.0
 49
-131.572
 49
0.0
 49
-186.69
 47
4.403839833724381
 98
        1
 10
24805605.77685038
 20
12492030.33247939
1001
GradientColor1ACI
1070
     5
1001
GradientColor2ACI
1070
     2
1001
ACAD
1010
0.0
1020
0.0
1030
0.0
  0
HATCH
  5
4E0
330
414
100
AcDbEntity
  8
Hatch
 48
20.0
100
AcDbHatch
 10
0.0
 20
0.0
 30
0.0
210
0.0
220
0.0
230
1.0
  2
AR-CONC
 70
     0
 71
     0
 91
        2
 92
        7
 72
     0
 73
     1
 93
        4
 10
24808906.82216076
 20
12494637.7536544
 10
24808838.91246705
 20
12494771.50070484
 10
24807991.84781425
 20
12494341.405978
 10
24808059.75750796
 20
12494207.65892756
 97
        0
 92
        7
 72
     0
 73
     1
 93
        4
 10
24809706.12444942
 20
12495043.5971734
 10
24809638.4350539
 20
12495177.45607963
 10
24808838.91625308
 20
12494771.50262719
 10
24808906.82594679
 20
12494637.75557675
 97
        0
 75
     1
 76
     1
 52
0.0
 41
1.0
 77
     0
 78
    13
 53
50.0
 43
-266034.7601025589
 44
17478.01838609762
 45
182.184668996004
 46
-15.93908553890308
 79
     2
 49
19.05
 49
-209.55
 53
355.0
 43
-266034.7601025589
 44
17478.01838609762
 45
-35.24342142496934
 46
191.0568452390351
 79
     2
 49
15.24
 49
-167.64058417
 53
100.4514446999999
 43
-266019.5780955591
 44
17476.69013259746
 45
146.9412470903533
 46
175.1177519121951
 79
     2
 49
16.19000879999999
 49
-178.0902445999999
 53
46.1842
 43
-266034.7601025589
 44
17528.81838609837
 45
271.0790408921299
 46
-42.04232793272715
 79
     2
 49
28.575
 49
-314.325
 53
96.6355576099999
 43
-266012.1702025608
 44
17525.31488609686
 45
237.404134051503
 46
247.4261245977215
 79
     2
 49
24.28502314
 49
-267.13560816
 53
351.18415117
 43
-266034.7601025589
 44
17528.81838609837
 45
237.404134064977
 46
247.4261245855327
 79
     2
 49
22.85996707
 49
-251.45973192
 53
21.0
 43
-266009.3601025604
 44
17516.11838609725
 45
151.6143912691324
 46
-102.2651981870876
 79
     2
 49
19.05
 49
-209.55
 53
326.0
 43
-266009.3601025604
 44
17516.11838609725
 45
61.80202834764707
 46
184.1879661223192
 79
     2
 49
15.24
 49
-167.64
 53
71.45144499999999
 43
-265996.7255699597
 44
17507.59628619812
 45
213.4164192787161
 46
81.92276888590525
 79
     2
 49
16.1900088
 49
-178.0899375999999
 53
37.5
 43
-266034.7601025589
 44
17478.01838609762
 45
3.088603250591816
 46
84.55503887315311
 79
     6
 49
0.0
 49
-165.608
 49
0.0
 49
-170.18
 49
0.0
 49
-168.275
 53
7.499999999999999
 43
-266034.7601025589
 44
17478.01838609762
 45
66.81966251030575
 46
100.1805748181195
 79
     6
 49
0.0
 49
-97.02799999999999
 49
0.0
 49
-161.798
 49
0.0
 49
-64.135
 53
327.5
 43
-266091.4021025599
 44
17478.01838609762
 45
135.5905951668714
 46
-5.728743992673443
 79
     6
 49
0.0
 49
-63.5
 49
0.0
 49
-198.12
 49
0.0
 49
-262.89
 53
317.5
 43
-266116.8021025583
 44
17478.01838609762
 45
148.129181386018
 46
25.42649103333303
 79
     6
 49
0.0
 49
-82.55
 49
0.0
 49
-131.572
 49
0.0
 49
-186.69
 47
3.075590400120557
 98
        2
 10
24808395.75063443
 20
12494507.05254938
 10
24809140.57222665
 20
12494759.26794962
1001
GradientColor1ACI
1070
     5
1001
GradientColor2ACI
1070
     2
1001
ACAD
1010
0.0
1020
0.0
1030
0.0
  0
LWPOLYLINE
  5
4E1
330
414
100
AcDbEntity
  8
Elevation-1
  6
ACAD_ISO14W100
 48
20.0
100
AcDbPolyline
 90
        5
 70
     0
 43
0.0
 10
24805139.10641936
 20
12492301.00386695
 10
24805775.72533082
 20
12493101.80542028
 10
24806077.54739965
 20
12496634.72018151
 10
24807520.79342849
 20
12497367.52434765
 10
24808908.5481581
 20
12494634.36370926
  0
TEXT
  5
4E2
330
414
100
AcDbEntity
  8
S - SLAB TXT
  6
Continuous
 62
     3
100
AcDbText
 10
24810288.51111299
 20
12477279.25839125
 30
0.0
 40
300.0
  1
150 THK
 50
359.9892789508061
  7
S - GRID TXT
100
AcDbText
1001
ACAD
1000
ACAD_MTEXT_DEFINED_HEIGHT_BEGIN
1070
    46
1040
0.0
1000
ACAD_MTEXT_DEFINED_HEIGHT_END
  0
LWPOLYLINE
  5
4E3
330
414
100
AcDbEntity
  8
slab thk box
  6
ByBlock
 62
   251
100
AcDbPolyline
 90
        4
 70
     1
 43
0.0
 10
24811864.90862274
 20
12477190.95007691
 10
24810235.38452189
 20
12477190.9500769
 91
       85
 10
24810235.38452189
 20
12477728.78918229
 91
       86
 10
24811864.90862274
 20
12477728.78918229
  0
TEXT
  5
4E4
330
414
100
AcDbEntity
  8
S - SLAB TXT
  6
Continuous
 62
     3
100
AcDbText
 10
24808066.30430391
 20
12478300.43045534
 30
0.0
 40
200.0
  1
150 THK
 50
359.9892789508061
  7
S - GRID TXT
100
AcDbText
1001
ACAD
1000
ACAD_MTEXT_DEFINED_HEIGHT_BEGIN
1070
    46
1040
0.0
1000
ACAD_MTEXT_DEFINED_HEIGHT_END
  0
LWPOLYLINE
  5
4E5
330
414
100
AcDbEntity
  8
slab thk box
  6
ByBlock
 62
   251
100
AcDbPolyline
 90
        4
 70
     1
 43
0.0
 10
24809014.94608724
 20
12478212.122141
 10
24808013.17771281
 20
12478212.12214099
 91
       85
 10
24808013.1777128
 20
12478573.90267906
 91
       86
 10
24809014.94608726
 20
12478573.90267905
  0
INSERT
  5
4E6
330
414
100
AcDbEntity
  8
Elevation-1
 48
20.0
100
AcDbBlockReference
  2
A$Ce47450c8
 10
24812827.35216461
 20
12504236.08079894
 30
0.0
 41
-1.0
 50
116.9190531340981
  0
INSERT
  5
4E7
330
414
100
AcDbEntity
  8
Elevation-1
 48
20.0
100
AcDbBlockReference
  2
A$Ce47450c8
 10
24814317.68788136
 20
12501226.95066088
 30
0.0
 50
116.9190531340982
  0
MTEXT
  5
4E8
330
414
100
AcDbEntity
  8
STR-LEVEL TEXT
 48
50.0
100
AcDbMText
 10
24806275.20352701
 20
12484435.79447392
 30
0.0000000013216111
 40
150.0
 41
0.0
 46
0.0
 71
     5
 72
     5
  1
ENTRY 
  7
SOBHA SMALL
 73
     1
 44
1.0
 90
        2
  0
INSERT
  5
4E9
102
{ACAD_XDICTIONARY
360
4EA
102
}
330
414
100
AcDbEntity
  8
Wall
 62
     4
 48
50.0
100
AcDbBlockReference
  2
*U49
 10
24807021.50989057
 20
12484266.40439077
 30
0.0000000026432222
 41
-1.0
 42
1.0
 50
126.4946271897625
  0
POINT
  5
4F7
330
414
100
AcDbEntity
  8
Defpoints
 48
30.0
100
AcDbPoint
 10
24810851.24605208
 20
12471108.84546806
 30
0.0
 50
343.8117950183699
  0
ARC
  5
4F8
330
414
100
AcDbEntity
  8
Staircase
  6
HIDDEN
 62
     8
 48
25.0
100
AcDbCircle
 10
24810851.22681985
 20
12471108.70746189
 30
0.0
 40
3583.029091278895
100
AcDbArc
 50
238.2959273268954
 51
30.42281484692927
  0
LEADER
  5
4F9
330
414
100
AcDbEntity
  8
0
 48
30.0
100
AcDbLeader
  3
A-GFC-100
 76
     2
 10
24809815.81971951
 20
12468483.47965196
 30
0.0
 10
24809250.52305265
 20
12468751.46488913
 30
0.0
211
0.9781483596376164
221
-0.2079081204240004
231
0.0
1001
ACAD
1000
DSTYLE
1002
{
1070
   176
1070
     6
1070
   341
1005
2F1
1070
   147
1040
0.0
1070
    77
1070
     0
1070
    49
1040
0.18
1070
    90
1070
     1
1070
   290
1070
     1
1002
}
  0
LWPOLYLINE
  5
4FA
330
414
100
AcDbEntity
  8
Hidden
 48
25.0
100
AcDbPolyline
 90
        2
 70
     0
 43
0.0
 10
24809484.37403679
 20
12469741.99145606
 10
24809484.42352167
 20
12469742.04094029
  0
LWPOLYLINE
  5
4FB
330
414
100
AcDbEntity
  8
Hidden
 48
25.0
100
AcDbPolyline
 90
        2
 70
     0
 43
0.0
 10
24812218.11287227
 20
12469741.97864787
 10
24812218.19466571
 20
12469741.89685443
  0
LINE
  5
4FC
330
414
100
AcDbEntity
  8
0
  6
HIDDEN
 62
     1
 48
50.0
100
AcDbLine
 10
24817563.55648315
 20
12483345.64092591
 30
-0.0000000004032195
 11
24818432.33296077
 21
12482945.62938079
 31
0.0
  0
LINE
  5
4FD
330
414
100
AcDbEntity
  8
0
  6
HIDDEN
 62
     1
 48
50.0
100
AcDbLine
 10
24818092.78516527
 20
12483614.36497868
 30
-0.0000000004032495
 11
24817534.7550691
 21
12482492.76096296
 31
0.0000000000623004
  0
INSERT
  5
4FE
330
414
100
AcDbEntity
  8
Elevation-1
 48
20.0
100
AcDbBlockReference
  2
A$Ce47450c8
 10
24804437.02981006
 20
12491012.35971694
 30
0.0
 50
51.51610386049408
  0
MTEXT
  5
4FF
330
414
100
AcDbEntity
  8
G-ANNO-SYMB
 62
     1
100
AcDbMText
 10
24804387.46681068
 20
12491556.89293389
 30
0.0
 40
250.0
 41
333.0937499999996
 46
0.0
 71
     2
 72
     1
  1
02
  7
Swis721 LtCn BT_B
 11
0.7541687074950697
 21
0.656680714377403
 31
0.0
 73
     2
 44
0.9642671421142559
1001
REVIT
1002
{
1070
     1
1000
912768
1002
}
1002
{
1070
     5
1000
31117
1002
}
1002
{
1070
     2
1000
-2000200
1002
}
  0
LINE
  5
500
330
414
100
AcDbEntity
  8
STR-BEAM
  6
HIDDEN
 48
30.0
100
AcDbLine
 10
24815891.53905222
 20
12501754.78128064
 30
0.0
 11
24811477.88652732
 21
12499513.76176294
 31
0.0
  0
LINE
  5
501
330
414
100
AcDbEntity
  8
STR-BEAM
  6
HIDDEN
 48
30.0
100
AcDbLine
 10
24815755.71967944
 20
12502022.27538894
 30
0.0
 11
24811342.06715454
 21
12499781.25587125
 31
0.0
  0
LINE
  5
502
330
414
100
AcDbEntity
  8
STR-BEAM
  6
HIDDEN
 48
30.0
100
AcDbLine
 10
24819104.51283379
 20
12495426.87933112
 30
0.0
 11
24814690.86065681
 21
12493185.85999008
 31
-0.0000000000104999
  0
LINE
  5
503
330
414
100
AcDbEntity
  8
STR-BEAM
  6
HIDDEN
 48
30.0
100
AcDbLine
 10
24818968.69346102
 20
12495694.37343943
 30
0.0
 11
24814555.04128404
 21
12493453.35409838
 31
-0.0000000000104999
  0
LINE
  5
504
330
414
100
AcDbEntity
  8
STR-BEAM
  6
HIDDEN
 48
30.0
100
AcDbLine
 10
24820612.1085059
 20
12492457.69534087
 30
0.0
 11
24816198.45557761
 21
12490216.67561835
 31
-0.0000000000104999
  0
LINE
  5
505
330
414
100
AcDbEntity
  8
STR-BEAM
  6
HIDDEN
 48
30.0
100
AcDbLine
 10
24820476.28913312
 20
12492725.18944918
 30
0.0
 11
24816062.63620484
 21
12490484.16972665
 31
-0.0000000000104999
  0
LINE
  5
506
330
414
100
AcDbEntity
  8
STR-BEAM
  6
HIDDEN
 48
30.0
100
AcDbLine
 10
24817399.13442909
 20
12498785.59685061
 30
0.0
 11
24812985.48156514
 21
12496544.57716073
 31
0.0
  0
LINE
  5
507
330
414
100
AcDbEntity
  8
STR-BEAM
  6
HIDDEN
 48
30.0
100
AcDbLine
 10
24817263.31505632
 20
12499053.09095891
 30
0.0
 11
24812849.66219235
 21
12496812.07126904
 31
0.0
  0
INSERT
  5
508
330
414
100
AcDbEntity
  8
Elevation-1
 48
20.0
100
AcDbBlockReference
  2
A$Ce47450c8
 10
24809327.77657162
 20
12493251.31906831
 30
0.0
 41
-0.9999999999999998
 42
0.9999999999999998
 50
296.9190531348834
  0
MTEXT
  5
509
330
414
100
AcDbEntity
  8
G-ANNO-SYMB
 62
     1
100
AcDbMText
 10
24809498.4844548
 20
12493748.64197356
 30
0.0
 40
250.0
 41
333.0937499999996
 46
0.0
 71
     2
 72
     1
  1
02
  7
Swis721 LtCn BT_B
 11
0.452731242584469
 21
-0.8916470276897259
 31
0.0
 73
     2
 44
0.9642671421142559
1001
REVIT
1002
{
1070
     1
1000
912768
1002
}
1002
{
1070
     5
1000
31117
1002
}
1002
{
1070
     2
1000
-2000200
1002
}
  0
LEADER
  5
50A
330
414
100
AcDbEntity
  8
Elevation-1
 48
20.0
100
AcDbLeader
  3
S-75
 76
     3
 10
24806292.47339032
 20
12497869.63601678
 30
0.0
 10
24805898.33143023
 20
12498645.8923785
 30
0.0
 10
24806225.32821713
 20
12498811.92406712
 30
0.0
1001
ACAD
1000
DSTYLE
1002
{
1070
    41
1040
2.0
1070
   341
1005
367
1070
   147
1040
0.5
1070
    77
1070
     0
1002
}
  0
LEADER
  5
50B
330
414
100
AcDbEntity
  8
Elevation-1
 48
20.0
100
AcDbLeader
  3
S-75
 76
     2
 10
24831916.00627736
 20
12481475.26889301
 30
0.0
 10
24833052.3460673
 20
12482052.24218975
 30
0.0
1001
ACAD
1000
DSTYLE
1002
{
1070
    41
1040
2.0
1070
    77
1070
     0
1070
   341
1005
367
1002
}
  0
TEXT
  5
50C
330
414
100
AcDbEntity
  8
S - SLAB TXT
  6
Continuous
 62
     1
100
AcDbText
 10
24828487.58184936
 20
12480535.69539377
 30
0.0
 40
200.0
  1
+96.750  LVL
 50
26.90833206134509
  7
S - GRID TXT
100
AcDbText
1001
ACAD
1000
ACAD_MTEXT_DEFINED_HEIGHT_BEGIN
1070
    46
1040
0.0
1000
ACAD_MTEXT_DEFINED_HEIGHT_END
  0
LWPOLYLINE
  5
50D
330
414
100
AcDbEntity
  8
slab thk box
  6
ByBlock
 62
     5
100
AcDbPolyline
 90
        4
 70
     1
 43
0.0
 10
24829829.13559414
 20
12481117.82594923
 10
24828480.1916152
 20
12480432.90348017
 91
       85
 10
24828316.40226266
 20
12480755.48402161
 91
       86
 10
24829665.3462416
 20
12481440.40649067
  0
INSERT
  5
50E
102
{ACAD_XDICTIONARY
360
50F
102
}
330
414
100
AcDbEntity
  8
Wall
 62
     4
 48
50.0
100
AcDbBlockReference
  2
*U49
 10
24828779.5168284
 20
12486252.29944988
 30
0.0
 41
-1.0
 50
63.41374963510488
  0
INSERT
  5
51C
330
414
100
AcDbEntity
  8
Elevation-1
 48
20.0
100
AcDbBlockReference
  2
A$Ce47450c8
 10
24803693.12783103
 20
12493704.91330899
 30
0.0
 50
26.91905313487698
  0
MTEXT
  5
51D
330
414
100
AcDbEntity
  8
G-ANNO-SYMB
 62
     1
100
AcDbMText
 10
24803848.76107254
 20
12494207.15781877
 30
0.0
 40
250.0
 41
333.0937499999996
 46
0.0
 71
     2
 72
     1
  1
01
  7
Swis721 LtCn BT_B
 11
0.8916470276897763
 21
0.4527312425843697
 31
0.0
 73
     2
 44
0.9642671421142559
1001
REVIT
1002
{
1070
     1
1000
912768
1002
}
1002
{
1070
     5
1000
31117
1002
}
1002
{
1070
     2
1000
-2000200
1002
}
  0
INSERT
  5
51E
330
414
100
AcDbEntity
  8
Elevation-1
 48
20.0
100
AcDbBlockReference
  2
A$Ce47450c8
 10
24810734.0048916
 20
12497317.44016637
 30
0.0
 41
-0.9999999999999998
 42
0.9999999999999998
 50
26.91905313487691
  0
MTEXT
  5
51F
330
414
100
AcDbEntity
  8
G-ANNO-SYMB
 62
     1
100
AcDbMText
 10
24810236.68198634
 20
12497488.14804956
 30
0.0
 40
250.0
 41
333.0937499999996
 46
0.0
 71
     2
 72
     1
  1
01
  7
Swis721 LtCn BT_B
 11
0.8916470276897763
 21
0.4527312425843697
 31
0.0
 73
     2
 44
0.9642671421142559
1001
REVIT
1002
{
1070
     1
1000
912768
1002
}
1002
{
1070
     5
1000
31117
1002
}
1002
{
1070
     2
1000
-2000200
1002
}
  0
INSERT
  5
520
330
414
100
AcDbEntity
  8
Elevation-1
 48
20.0
100
AcDbBlockReference
  2
A$Ce47450c8
 10
24815576.09838287
 20
12499232.92370023
 30
0.0
 50
26.9190531349029
  0
MTEXT
  5
521
330
414
100
AcDbEntity
  8
G-ANNO-SYMB
 62
     1
100
AcDbMText
 10
24815731.73162438
 20
12499735.16821001
 30
0.0
 40
250.0
 41
333.0937499999996
 46
0.0
 71
     2
 72
     1
  1
03
  7
Swis721 LtCn BT_B
 11
0.8916470276895713
 21
0.4527312425847731
 31
0.0
 73
     2
 44
0.9642671421142559
1001
REVIT
1002
{
1070
     1
1000
912768
1002
}
1002
{
1070
     5
1000
31117
1002
}
1002
{
1070
     2
1000
-2000200
1002
}
  0
INSERT
  5
522
330
414
100
AcDbEntity
  8
Elevation-1
 48
20.0
100
AcDbBlockReference
  2
A$Ce47450c8
 10
24818554.91923776
 20
12500782.95307117
 30
0.0
 41
-1.0
 50
26.9190531349029
  0
MTEXT
  5
523
330
414
100
AcDbEntity
  8
G-ANNO-SYMB
 62
     1
100
AcDbMText
 10
24818057.59633252
 20
12500953.66095435
 30
0.0
 40
250.0
 41
333.0937499999996
 46
0.0
 71
     2
 72
     1
  1
03
  7
Swis721 LtCn BT_B
 11
0.8916470276895713
 21
0.4527312425847731
 31
0.0
 73
     2
 44
0.9642671421142559
1001
REVIT
1002
{
1070
     1
1000
912768
1002
}
1002
{
1070
     5
1000
31117
1002
}
1002
{
1070
     2
1000
-2000200
1002
}
  0
INSERT
  5
524
330
414
100
AcDbEntity
  8
Elevation-1
 48
20.0
100
AcDbBlockReference
  2
A$Ce47450c8
 10
24818232.08731713
 20
12494001.99546711
 30
0.0
 50
26.9190531349029
  0
MTEXT
  5
525
330
414
100
AcDbEntity
  8
G-ANNO-SYMB
 62
     1
100
AcDbMText
 10
24818387.72055865
 20
12494504.2399769
 30
0.0
 40
250.0
 41
333.0937499999996
 46
0.0
 71
     2
 72
     1
  1
03
  7
Swis721 LtCn BT_B
 11
0.8916470276895713
 21
0.4527312425847731
 31
0.0
 73
     2
 44
0.9642671421142559
1001
REVIT
1002
{
1070
     1
1000
912768
1002
}
1002
{
1070
     5
1000
31117
1002
}
1002
{
1070
     2
1000
-2000200
1002
}
  0
INSERT
  5
526
330
414
100
AcDbEntity
  8
Elevation-1
 48
20.0
100
AcDbBlockReference
  2
A$Ce47450c8
 10
24821210.90817203
 20
12495552.02483806
 30
0.0
 41
-1.0
 50
26.9190531349029
  0
MTEXT
  5
527
330
414
100
AcDbEntity
  8
G-ANNO-SYMB
 62
     1
100
AcDbMText
 10
24820713.58526679
 20
12495722.73272124
 30
0.0
 40
250.0
 41
333.0937499999996
 46
0.0
 71
     2
 72
     1
  1
03
  7
Swis721 LtCn BT_B
 11
0.8916470276895713
 21
0.4527312425847731
 31
0.0
 73
     2
 44
0.9642671421142559
1001
REVIT
1002
{
1070
     1
1000
912768
1002
}
1002
{
1070
     5
1000
31117
1002
}
1002
{
1070
     2
1000
-2000200
1002
}
  0
INSERT
  5
528
330
414
100
AcDbEntity
  8
Elevation-1
 48
20.0
100
AcDbBlockReference
  2
A$Ce47450c8
 10
24805310.33467497
 20
12484784.65875653
 30
0.0000000013216095
 50
26.9190531349029
  0
MTEXT
  5
529
330
414
100
AcDbEntity
  8
G-ANNO-SYMB
 62
     1
100
AcDbMText
 10
24805465.96791649
 20
12485286.90326631
 30
0.0000000013216095
 40
250.0
 41
333.0937499999996
 46
0.0
 71
     2
 72
     1
  1
04
  7
Swis721 LtCn BT_B
 11
0.8916470276895713
 21
0.4527312425847731
 31
0.0
 73
     2
 44
0.9642671421142559
1001
REVIT
1002
{
1070
     1
1000
912768
1002
}
1002
{
1070
     5
1000
31117
1002
}
1002
{
1070
     2
1000
-2000200
1002
}
  0
INSERT
  5
52A
330
414
100
AcDbEntity
  8
Elevation-1
 48
20.0
100
AcDbBlockReference
  2
A$Ce47450c8
 10
24814897.41483263
 20
12489690.01298595
 30
0.0000000013216095
 41
-1.0
 50
26.9190531349029
  0
MTEXT
  5
52B
330
414
100
AcDbEntity
  8
G-ANNO-SYMB
 62
     1
100
AcDbMText
 10
24814400.09192738
 20
12489860.72086913
 30
0.0000000013216095
 40
250.0
 41
333.0937499999996
 46
0.0
 71
     2
 72
     1
  1
04
  7
Swis721 LtCn BT_B
 11
0.8916470276895713
 21
0.4527312425847731
 31
0.0
 73
     2
 44
0.9642671421142559
1001
REVIT
1002
{
1070
     1
1000
912768
1002
}
1002
{
1070
     5
1000
31117
1002
}
1002
{
1070
     2
1000
-2000200
1002
}
  0
INSERT
  5
52C
330
414
100
AcDbEntity
  8
Elevation-1
 48
20.0
100
AcDbBlockReference
  2
A$Ce47450c8
 10
24825900.35313164
 20
12485738.24518749
 30
0.0
 41
-1.0
 50
26.9190531349029
  0
MTEXT
  5
52D
330
414
100
AcDbEntity
  8
G-ANNO-SYMB
 62
     1
100
AcDbMText
 10
24825403.0302264
 20
12485908.95307068
 30
0.0
 40
250.0
 41
333.0937499999996
 46
0.0
 71
     2
 72
     1
  1
05
  7
Swis721 LtCn BT_B
 11
0.8916470276895713
 21
0.4527312425847731
 31
0.0
 73
     2
 44
0.9642671421142559
1001
REVIT
1002
{
1070
     1
1000
912768
1002
}
1002
{
1070
     5
1000
31117
1002
}
1002
{
1070
     2
1000
-2000200
1002
}
  0
INSERT
  5
52E
330
414
100
AcDbEntity
  8
Elevation-1
 48
20.0
100
AcDbBlockReference
  2
A$Ce47450c8
 10
24815417.6888817
 20
12480415.70222593
 30
0.0
 50
26.91905313430162
  0
MTEXT
  5
52F
330
414
100
AcDbEntity
  8
G-ANNO-SYMB
 62
     1
100
AcDbMText
 10
24815573.32212322
 20
12480917.94673571
 30
0.0
 40
250.0
 41
333.0937499999996
 46
0.0
 71
     2
 72
     1
  1
05
  7
Swis721 LtCn BT_B
 11
0.8916470276943226
 21
0.4527312425754161
 31
0.0
 73
     2
 44
0.9642671421142559
1001
REVIT
1002
{
1070
     1
1000
912768
1002
}
1002
{
1070
     5
1000
31117
1002
}
1002
{
1070
     2
1000
-2000200
1002
}
  0
INSERT
  5
530
330
414
100
AcDbEntity
  8
Elevation-1
 48
20.0
100
AcDbBlockReference
  2
A$Ce47450c8
 10
24825908.70996523
 20
12478883.00839215
 30
0.0
 50
26.9190531349029
  0
MTEXT
  5
531
330
414
100
AcDbEntity
  8
G-ANNO-SYMB
 62
     1
100
AcDbMText
 10
24826064.34320674
 20
12479385.25290193
 30
0.0
 40
250.0
 41
333.0937499999996
 46
0.0
 71
     2
 72
     1
  1
06
  7
Swis721 LtCn BT_B
 11
0.8916470276895713
 21
0.4527312425847731
 31
0.0
 73
     2
 44
0.9642671421142559
1001
REVIT
1002
{
1070
     1
1000
912768
1002
}
1002
{
1070
     5
1000
31117
1002
}
1002
{
1070
     2
1000
-2000200
1002
}
  0
INSERT
  5
532
330
414
100
AcDbEntity
  8
Elevation-1
 48
20.0
100
AcDbBlockReference
  2
A$Ce47450c8
 10
24833305.90505009
 20
12482676.45471305
 30
0.0
 41
-1.0
 50
26.9190531349029
  0
MTEXT
  5
533
330
414
100
AcDbEntity
  8
G-ANNO-SYMB
 62
     1
100
AcDbMText
 10
24832808.58214484
 20
12482847.16259624
 30
0.0
 40
250.0
 41
333.0937499999996
 46
0.0
 71
     2
 72
     1
  1
06
  7
Swis721 LtCn BT_B
 11
0.8916470276895713
 21
0.4527312425847731
 31
0.0
 73
     2
 44
0.9642671421142559
1001
REVIT
1002
{
1070
     1
1000
912768
1002
}
1002
{
1070
     5
1000
31117
1002
}
1002
{
1070
     2
1000
-2000200
1002
}
  0
MTEXT
  5
534
330
414
100
AcDbEntity
  8
G-ANNO-SYMB
 62
     1
100
AcDbMText
 10
24813773.31607143
 20
12501389.61142469
 30
0.0
 40
250.0
 41
333.0937499999996
 46
0.0
 71
     2
 72
     1
  1
03
  7
Swis721 LtCn BT_B
 11
-0.4527312425928186
 21
0.8916470276854864
 31
0.0
 73
     2
 44
0.9642671421142559
1001
REVIT
1002
{
1070
     1
1000
912768
1002
}
1002
{
1070
     5
1000
31117
1002
}
1002
{
1070
     2
1000
-2000200
1002
}
  0
MTEXT
  5
535
330
414
100
AcDbEntity
  8
G-ANNO-SYMB
 62
     1
100
AcDbMText
 10
24812655.32345579
 20
12503706.29053242
 30
0.0
 40
250.0
 41
333.0937499999996
 46
0.0
 71
     2
 72
     1
  1
03
  7
Swis721 LtCn BT_B
 11
-0.4527312425928186
 21
0.8916470276854864
 31
0.0
 73
     2
 44
0.9642671421142559
1001
REVIT
1002
{
1070
     1
1000
912768
1002
}
1002
{
1070
     5
1000
31117
1002
}
1002
{
1070
     2
1000
-2000200
1002
}
  0
INSERT
  5
536
330
414
100
AcDbEntity
  8
Elevation-1
 48
20.0
100
AcDbBlockReference
  2
A$Ce47450c8
 10
24802390.53687574
 20
12480249.95633973
 30
0.0
 50
296.9190531356034
  0
INSERT
  5
537
330
414
100
AcDbEntity
  8
Elevation-1
 48
20.0
100
AcDbBlockReference
  2
A$Ce47450c8
 10
24806018.24623388
 20
12473409.2898222
 30
0.0000000013216095
 41
-0.9999999999999994
 42
0.9999999999999994
 50
296.9190531333126
  0
MTEXT
  5
538
330
414
100
AcDbEntity
  8
G-ANNO-SYMB
 62
     1
100
AcDbMText
 10
24802624.77775197
 20
12479881.33803227
 30
0.0
 40
250.0
 41
333.0937499999995
 46
0.0
 71
     8
 72
     1
  1
7A
  7
Swis721 LtCn BT_B
 11
0.5665069791577065
 21
-0.8240569413369504
 31
0.0
 73
     2
 44
0.9642671421142559
1001
REVIT
1002
{
1070
     1
1000
912768
1002
}
1002
{
1070
     5
1000
31117
1002
}
1002
{
1070
     2
1000
-2000200
1002
}
  0
MTEXT
  5
539
330
414
100
AcDbEntity
  8
G-ANNO-SYMB
 62
     1
100
AcDbMText
 10
24807727.80603575
 20
12493487.46186802
 30
0.0000000015800941
 40
250.0
 41
333.0937499999996
 46
0.0
 71
     2
 72
     1
  1
07
  7
Swis721 LtCn BT_B
 11
0.6440494018277861
 21
0.764983900487632
 31
0.0000000000002748
 73
     2
 44
0.9642671421142559
1001
REVIT
1002
{
1070
     1
1000
912768
1002
}
1002
{
1070
     5
1000
31117
1002
}
1002
{
1070
     2
1000
-2000200
1002
}
  0
INSERT
  5
53A
330
414
100
AcDbEntity
  8
Elevation-1
 48
20.0
100
AcDbBlockReference
  2
A$Ce47450c8
 10
24808282.70896133
 20
12493535.98347485
 30
0.000000001755726
 41
-1.0
 50
49.90555975265215
  0
MTEXT
  5
53B
330
414
100
AcDbEntity
  8
G-ANNO-SYMB
 62
     1
100
AcDbMText
 10
24803207.10954114
 20
12488124.33738664
 30
0.0000000015800941
 40
250.0
 41
333.0937499999996
 46
0.0
 71
     2
 72
     1
  1
07
  7
Swis721 LtCn BT_B
 11
0.5873511319754272
 21
0.8093322233589766
 31
-0.0000000000002748
 73
     2
 44
0.9642671421142559
1001
REVIT
1002
{
1070
     1
1000
912768
1002
}
1002
{
1070
     5
1000
31117
1002
}
1002
{
1070
     2
1000
-2000200
1002
}
  0
INSERT
  5
53C
330
414
100
AcDbEntity
  8
Elevation-1
 48
20.0
100
AcDbBlockReference
  2
A$Ce47450c8
 10
24803266.14820484
 20
12487577.45264869
 30
0.0000141677623262
 50
49.90555975038915
  0
INSERT
  5
53D
330
414
100
AcDbEntity
  8
Elevation-1
 48
20.0
100
AcDbBlockReference
  2
A$Ce47450c8
 10
24809734.12994101
 20
12471896.08682323
 30
0.0
 41
-1.0
 50
16.51444080652699
  0
INSERT
  5
53E
330
414
100
AcDbEntity
  8
Elevation-1
 48
20.0
100
AcDbBlockReference
  2
A$Ce47450c8
 10
24805783.7307304
 20
12470726.26816088
 30
0.0
 50
16.51444080652697
  0
MTEXT
  5
53F
330
414
100
AcDbEntity
  8
G-ANNO-SYMB
 62
     1
100
AcDbMText
 10
24806042.02948851
 20
12471232.3125691
 30
0.0
 40
250.0
 41
333.0937499999996
 46
0.0
 71
     2
 72
     1
  1
08
  7
Swis721 LtCn BT_B
 11
0.9587481212886689
 21
0.2842569962647317
 31
0.0
 73
     2
 44
0.9642671421142559
1001
REVIT
1002
{
1070
     1
1000
912768
1002
}
1002
{
1070
     5
1000
31117
1002
}
1002
{
1070
     2
1000
-2000200
1002
}
  0
MTEXT
  5
540
330
414
100
AcDbEntity
  8
G-ANNO-SYMB
 62
     1
100
AcDbMText
 10
24809244.1191461
 20
12472160.96608635
 30
0.0
 40
250.0
 41
333.0937499999996
 46
0.0
 71
     2
 72
     1
  1
08
  7
Swis721 LtCn BT_B
 11
0.9587481212886689
 21
0.2842569962647317
 31
0.0
 73
     2
 44
0.9642671421142559
1001
REVIT
1002
{
1070
     1
1000
912768
1002
}
1002
{
1070
     5
1000
31117
1002
}
1002
{
1070
     2
1000
-2000200
1002
}
  0
INSERT
  5
541
330
414
100
AcDbEntity
  8
Elevation-1
 48
20.0
100
AcDbBlockReference
  2
A$Ce47450c8
 10
24820951.36291735
 20
12479762.19969749
 30
-0.0000000000386177
 41
-1.0
 50
116.9190531340981
  0
INSERT
  5
542
330
414
100
AcDbEntity
  8
Elevation-1
 48
20.0
100
AcDbBlockReference
  2
A$Ce47450c8
 10
24823652.33028061
 20
12474368.74966373
 30
0.0000000001898234
 50
116.9190531340982
  0
MTEXT
  5
543
330
414
100
AcDbEntity
  8
G-ANNO-SYMB
 62
     1
100
AcDbMText
 10
24823107.95847067
 20
12474531.41042754
 30
0.0000000001898234
 40
250.0
 41
333.0937499999996
 46
0.0
 71
     2
 72
     1
  1
09
  7
Swis721 LtCn BT_B
 11
-0.4527312425928186
 21
0.8916470276854864
 31
0.0
 73
     2
 44
0.9642671421142559
1001
REVIT
1002
{
1070
     1
1000
912768
1002
}
1002
{
1070
     5
1000
31117
1002
}
1002
{
1070
     2
1000
-2000200
1002
}
  0
MTEXT
  5
544
330
414
100
AcDbEntity
  8
G-ANNO-SYMB
 62
     1
100
AcDbMText
 10
24820779.33420852
 20
12479232.40943097
 30
-0.0000000000386177
 40
250.0
 41
333.0937499999996
 46
0.0
 71
     2
 72
     1
  1
09
  7
Swis721 LtCn BT_B
 11
-0.4527312425928186
 21
0.8916470276854864
 31
0.0
 73
     2
 44
0.9642671421142559
1001
REVIT
1002
{
1070
     1
1000
912768
1002
}
1002
{
1070
     5
1000
31117
1002
}
1002
{
1070
     2
1000
-2000200
1002
}
  0
INSERT
  5
545
330
414
100
AcDbEntity
  8
Elevation-1
 48
20.0
100
AcDbBlockReference
  2
A$Ce47450c8
 10
24824309.92663106
 20
12473905.07382387
 30
0.0
 41
-1.0
 50
116.9190531340981
  0
INSERT
  5
546
330
414
100
AcDbEntity
  8
Elevation-1
 48
20.0
100
AcDbBlockReference
  2
A$Ce47450c8
 10
24825800.26234781
 20
12470895.94368582
 30
0.0
 50
116.9190531340982
  0
MTEXT
  5
547
330
414
100
AcDbEntity
  8
G-ANNO-SYMB
 62
     1
100
AcDbMText
 10
24825255.89053788
 20
12471058.60444962
 30
0.0
 40
250.0
 41
333.0937499999996
 46
0.0
 71
     2
 72
     1
  1
10
  7
Swis721 LtCn BT_B
 11
-0.4527312425928186
 21
0.8916470276854864
 31
0.0
 73
     2
 44
0.9642671421142559
1001
REVIT
1002
{
1070
     1
1000
912768
1002
}
1002
{
1070
     5
1000
31117
1002
}
1002
{
1070
     2
1000
-2000200
1002
}
  0
MTEXT
  5
548
330
414
100
AcDbEntity
  8
G-ANNO-SYMB
 62
     1
100
AcDbMText
 10
24824137.89792223
 20
12473375.28355736
 30
0.0
 40
250.0
 41
333.0937499999996
 46
0.0
 71
     2
 72
     1
  1
10
  7
Swis721 LtCn BT_B
 11
-0.4527312425928186
 21
0.8916470276854864
 31
0.0
 73
     2
 44
0.9642671421142559
1001
REVIT
1002
{
1070
     1
1000
912768
1002
}
1002
{
1070
     5
1000
31117
1002
}
1002
{
1070
     2
1000
-2000200
1002
}
  0
LINE
  5
549
330
414
100
AcDbEntity
  8
STR-BEAM
 48
30.0
100
AcDbLine
 10
24809760.32631597
 20
12469342.70524582
 30
0.0
 11
24808971.36036688
 21
12468065.52767606
 31
0.0
  0
LEADER
  5
54A
330
414
100
AcDbEntity
  8
Elevation-1
 48
20.0
100
AcDbLeader
  3
S-75
 76
     3
 10
24808118.08420115
 20
12492130.05311671
 30
0.0
 10
24808462.40566526
 20
12492632.81225384
 30
0.0
 10
24809004.57264616
 20
12492908.09599655
 30
0.0
1001
ACAD
1000
DSTYLE
1002
{
1070
    41
1040
2.0
1070
    77
1070
     0
1070
   341
1005
367
1002
}
  0
TEXT
  5
54B
330
414
100
AcDbEntity
  8
STR-BEAM
  6
HIDDEN
 62
     3
 48
30.0
100
AcDbText
 10
24814442.26432278
 20
12476540.53078252
 30
-0.0000000013216095
 40
187.5
  1
CB1(450X200)
 50
106.9575913106
 41
0.7
  7
ROMANS
100
AcDbText
  0
INSERT
  5
54C
330
414
100
AcDbEntity
  8
Elevation-1
 48
20.0
100
AcDbBlockReference
  2
A$Ce47450c8
 10
24819940.07423014
 20
12488236.20966729
 30
0.0
 41
-1.0
 50
116.9190531340981
  0
INSERT
  5
54D
330
414
100
AcDbEntity
  8
Elevation-1
 48
20.0
100
AcDbBlockReference
  2
A$Ce47450c8
 10
24823558.53431258
 20
12481035.77222213
 30
0.0
 50
116.9190531340982
  0
MTEXT
  5
54E
330
414
100
AcDbEntity
  8
G-ANNO-SYMB
 62
     1
100
AcDbMText
 10
24823014.16250265
 20
12481198.43298592
 30
0.0
 40
250.0
 41
333.0937499999996
 46
0.0
 71
     2
 72
     1
  1
11
  7
Swis721 LtCn BT_B
 11
-0.4527312425928186
 21
0.8916470276854864
 31
0.0
 73
     2
 44
0.9642671421142559
1001
REVIT
1002
{
1070
     1
1000
912768
1002
}
1002
{
1070
     5
1000
31117
1002
}
1002
{
1070
     2
1000
-2000200
1002
}
  0
MTEXT
  5
54F
330
414
100
AcDbEntity
  8
G-ANNO-SYMB
 62
     1
100
AcDbMText
 10
24819768.0455213
 20
12487706.41940078
 30
0.0
 40
250.0
 41
333.0937499999996
 46
0.0
 71
     2
 72
     1
  1
11
  7
Swis721 LtCn BT_B
 11
-0.4527312425928186
 21
0.8916470276854864
 31
0.0
 73
     2
 44
0.9642671421142559
1001
REVIT
1002
{
1070
     1
1000
912768
1002
}
1002
{
1070
     5
1000
31117
1002
}
1002
{
1070
     2
1000
-2000200
1002
}
  0
INSERT
  5
550
330
414
100
AcDbEntity
  8
Elevation-1
 48
20.0
100
AcDbBlockReference
  2
A$Ce47450c8
 10
24827611.79211819
 20
12487910.34891086
 30
0.0
 41
-1.0
 50
116.9190531340981
  0
INSERT
  5
551
330
414
100
AcDbEntity
  8
Elevation-1
 48
20.0
100
AcDbBlockReference
  2
A$Ce47450c8
 10
24829835.55433567
 20
12483456.74687018
 30
0.0
 50
116.9190531340982
  0
MTEXT
  5
552
330
414
100
AcDbEntity
  8
G-ANNO-SYMB
 62
     1
100
AcDbMText
 10
24829291.18252573
 20
12483619.40763399
 30
0.0
 40
250.0
 41
333.0937499999996
 46
0.0
 71
     2
 72
     1
  1
12
  7
Swis721 LtCn BT_B
 11
-0.4527312425928186
 21
0.8916470276854864
 31
0.0
 73
     2
 44
0.9642671421142559
1001
REVIT
1002
{
1070
     1
1000
912768
1002
}
1002
{
1070
     5
1000
31117
1002
}
1002
{
1070
     2
1000
-2000200
1002
}
  0
MTEXT
  5
553
330
414
100
AcDbEntity
  8
G-ANNO-SYMB
 62
     1
100
AcDbMText
 10
24827439.76340936
 20
12487380.55864434
 30
0.0
 40
250.0
 41
333.0937499999996
 46
0.0
 71
     2
 72
     1
  1
12
  7
Swis721 LtCn BT_B
 11
-0.4527312425928186
 21
0.8916470276854864
 31
0.0
 73
     2
 44
0.9642671421142559
1001
REVIT
1002
{
1070
     1
1000
912768
1002
}
1002
{
1070
     5
1000
31117
1002
}
1002
{
1070
     2
1000
-2000200
1002
}
  0
TEXT
  5
554
330
414
100
AcDbEntity
  8
S - SLAB TXT
  6
Continuous
 62
     1
100
AcDbText
 10
24820537.58184936
 20
12476275.69539377
 30
0.0
 40
200.0
  1
+96.875  LVL
 50
26.90833206134509
  7
S - GRID TXT
100
AcDbText
1001
ACAD
1000
ACAD_MTEXT_DEFINED_HEIGHT_BEGIN
1070
    46
1040
0.0
1000
ACAD_MTEXT_DEFINED_HEIGHT_END
  0
LWPOLYLINE
  5
555
330
414
100
AcDbEntity
  8
slab thk box
  6
ByBlock
 62
     5
100
AcDbPolyline
 90
        4
 70
     1
 43
0.0
 10
24821879.13559414
 20
12476857.82594923
 10
24820530.19161519
 20
12476172.90348017
 91
       85
 10
24820366.40226267
 20
12476495.48402161
 91
       86
 10
24821715.3462416
 20
12477180.40649067
  0
TEXT
  5
556
330
414
100
AcDbEntity
  8
S - SLAB TXT
  6
Continuous
 62
     1
100
AcDbText
 10
24820768.19417377
 20
12475814.79458858
 30
0.0
 40
200.0
  1
150 THK
 50
26.90833206134509
  7
S - GRID TXT
100
AcDbText
1001
ACAD
1000
ACAD_MTEXT_DEFINED_HEIGHT_BEGIN
1070
    46
1040
0.0
1000
ACAD_MTEXT_DEFINED_HEIGHT_END
  0
LWPOLYLINE
  5
557
330
414
100
AcDbEntity
  8
slab thk box
  6
ByBlock
 62
     5
100
AcDbPolyline
 90
        4
 70
     1
 43
0.0
 10
24821702.92842376
 20
12476190.3637025
 10
24820760.8039396
 20
12475712.00267497
 91
       85
 10
24820597.01458707
 20
12476034.58321641
 91
       86
 10
24821539.13907123
 20
12476512.94424394
  0
TEXT
  5
558
330
414
100
AcDbEntity
  8
S - SLAB TXT
  6
Continuous
 62
     1
100
AcDbText
 10
24820130.172617
 20
12483029.9826018
 30
0.0
 40
200.0
  1
+96.795  LVL
 50
26.90833206134509
  7
S - GRID TXT
100
AcDbText
1001
ACAD
1000
ACAD_MTEXT_DEFINED_HEIGHT_BEGIN
1070
    46
1040
0.0
1000
ACAD_MTEXT_DEFINED_HEIGHT_END
  0
LWPOLYLINE
  5
559
330
414
100
AcDbEntity
  8
slab thk box
  6
ByBlock
 62
     5
100
AcDbPolyline
 90
        4
 70
     1
 43
0.0
 10
24821471.72636177
 20
12483612.11315726
 10
24820122.78238283
 20
12482927.1906882
 91
       85
 10
24819958.9930303
 20
12483249.77122964
 91
       86
 10
24821307.93700923
 20
12483934.6936987
  0
TEXT
  5
55A
330
414
100
AcDbEntity
  8
S - SLAB TXT
  6
Continuous
 62
     1
100
AcDbText
 10
24820360.7849414
 20
12482569.0817966
 30
0.0
 40
200.0
  1
150 THK
 50
26.90833206134509
  7
S - GRID TXT
100
AcDbText
1001
ACAD
1000
ACAD_MTEXT_DEFINED_HEIGHT_BEGIN
1070
    46
1040
0.0
1000
ACAD_MTEXT_DEFINED_HEIGHT_END
  0
LWPOLYLINE
  5
55B
330
414
100
AcDbEntity
  8
slab thk box
  6
ByBlock
 62
     5
100
AcDbPolyline
 90
        4
 70
     1
 43
0.0
 10
24821295.5191914
 20
12482944.65091053
 10
24820353.39470723
 20
12482466.289883
 91
       85
 10
24820189.6053547
 20
12482788.87042444
 91
       86
 10
24821131.72983886
 20
12483267.23145197
  0
LINE
  5
55C
330
414
100
AcDbEntity
  8
STR-BEAM
 48
30.0
100
AcDbLine
 10
24804992.50692261
 20
12477025.24171212
 30
0.0000000013096724
 11
24804910.51367093
 21
12476979.50049918
 31
0.0
  0
LINE
  5
55D
330
414
100
AcDbEntity
  8
STR-BEAM
 48
30.0
100
AcDbLine
 10
24805101.64899746
 20
12476857.11181259
 30
0.0000000014966408
 11
24805007.95041714
 21
12476804.8405997
 31
0.0
  0
LINE
  5
55E
330
414
100
AcDbEntity
  8
STR-BEAM
 48
30.0
100
AcDbLine
 10
24813178.8051457
 20
12476074.74202845
 30
0.0
 11
24813724.22470628
 21
12476258.33755953
 31
0.0
  0
LINE
  5
55F
330
414
100
AcDbEntity
  8
STR-BEAM
 48
30.0
100
AcDbLine
 10
24813628.51744837
 20
12476542.66153106
 30
0.0
 11
24813724.22470627
 21
12476258.33755953
 31
0.0
  0
LINE
  5
560
330
414
100
AcDbEntity
  8
STR-BEAM
 48
30.0
100
AcDbLine
 10
24813508.22257848
 20
12477526.94127353
 30
0.0000000013216095
 11
24814808.32480812
 21
12478187.06448326
 31
0.0000000013216095
  0
LWPOLYLINE
  5
561
102
{ACAD_REACTORS
330
63A
330
634
330
637
102
}
330
414
100
AcDbEntity
  8
Staircase
 62
     1
 48
50.0
100
AcDbPolyline
 90
        4
 70
     0
 43
0.0
 10
24828086.88014406
 20
12478178.0093444
 10
24832545.11530221
 20
12480441.66555175
 10
24829919.31591119
 20
12485613.13594841
 10
24825461.08075303
 20
12483349.47974106
  0
LWPOLYLINE
  5
562
102
{ACAD_REACTORS
330
63A
330
634
330
637
102
}
330
414
100
AcDbEntity
  8
Staircase
 62
     1
 48
50.0
100
AcDbPolyline
 90
        4
 70
     0
 43
0.0
 10
24828018.97045805
 20
12478311.75639874
 10
24832343.4585614
 20
12480507.50291985
 10
24829853.47854331
 20
12485411.47920828
 10
24825528.99043906
 20
12483215.73268671
  0
LWPOLYLINE
  5
563
330
414
100
AcDbEntity
  8
Staircase
 62
     1
 48
50.0
100
AcDbPolyline
 90
        2
 70
     0
 43
0.0
 10
24827554.37896919
 20
12484748.80195026
 10
24829783.49653841
 20
12485880.63005672
  0
LWPOLYLINE
  5
564
330
414
100
AcDbEntity
  8
Staircase
 62
     1
 48
50.0
100
AcDbPolyline
 90
        2
 70
     0
 43
0.0
 10
24827418.55959641
 20
12485016.29605856
 10
24829647.67716563
 20
12486148.12416502
  0
LWPOLYLINE
  5
565
330
414
100
AcDbEntity
  8
Staircase
 62
     1
 48
50.0
100
AcDbPolyline
 90
        2
 70
     0
 43
0.0
 10
24827282.74022364
 20
12485283.79016687
 10
24829511.85779286
 20
12486415.61827333
  0
LWPOLYLINE
  5
566
330
414
100
AcDbEntity
  8
Staircase
 62
     1
 48
50.0
100
AcDbPolyline
 90
        2
 70
     0
 43
0.0
 10
24827146.92085086
 20
12485551.28427518
 10
24829376.03842009
 20
12486683.11238164
  0
LWPOLYLINE
  5
567
330
414
100
AcDbEntity
  8
Staircase
 62
     1
 48
50.0
100
AcDbPolyline
 90
        2
 70
     0
 43
0.0
 10
24827011.10147809
 20
12485818.77838348
 10
24829240.21904731
 20
12486950.60648994
  0
LWPOLYLINE
  5
568
330
414
100
AcDbEntity
  8
Staircase
 62
     1
 48
50.0
100
AcDbPolyline
 90
        2
 70
     0
 43
0.0
 10
24827011.10147809
 20
12485818.77838348
 10
24827690.19834196
 20
12484481.30784195
  0
LWPOLYLINE
  5
569
330
414
100
AcDbEntity
  8
Staircase
 62
     1
 48
50.0
100
AcDbPolyline
 90
        2
 70
     0
 43
0.0
 10
24829240.21904731
 20
12486950.60648994
 10
24829919.31591119
 20
12485613.13594841
  0
HATCH
  5
56A
330
414
100
AcDbEntity
  8
Hatch
 48
20.0
100
AcDbHatch
 10
0.0
 20
0.0
 30
0.0
210
0.0
220
0.0
230
1.0
  2
AR-CONC
 70
     0
 71
     1
 91
        4
 92
        1
 93
        4
 72
     1
 10
24806696.15436116
 20
12492738.50753895
 11
24807400.64547104
 21
12492178.4251513
 72
     1
 10
24807400.64547104
 20
12492178.4251513
 11
24804475.85851438
 21
12488499.34629036
 72
     1
 10
24804475.85851438
 20
12488499.34629036
 11
24803771.36740662
 21
12489059.42867633
 72
     1
 10
24803771.36740662
 20
12489059.42867633
 11
24806696.15436116
 21
12492738.50753895
 97
        1
330
56C
 92
       16
 93
        4
 72
     1
 10
24805058.54862308
 20
12489473.30400015
 11
24804451.79039409
 21
12488710.10853931
 72
     1
 10
24804451.79039409
 20
12488710.10853931
 11
24803982.12965557
 21
12489083.49679662
 72
     1
 10
24803982.12965557
 20
12489083.49679662
 11
24804588.8781533
 21
12489846.68001648
 72
     1
 10
24804588.8781533
 20
12489846.68001648
 11
24805058.54862308
 21
12489473.30400015
 97
        1
330
56D
 92
       16
 93
        4
 72
     1
 10
24805288.93664898
 20
12490727.32567637
 11
24804682.22215741
 21
12489964.09763396
 72
     1
 10
24804682.22215741
 20
12489964.09763396
 11
24805151.8926272
 21
12489590.72161764
 72
     1
 10
24805151.8926272
 20
12489590.72161764
 11
24805758.60711876
 21
12490353.94966005
 72
     1
 10
24805758.60711876
 20
12490353.94966005
 11
24805288.93664898
 21
12490727.32567637
 97
        1
330
56F
 92
       16
 93
        4
 72
     1
 10
24805851.95112287
 20
12490471.36727753
 11
24807189.88322208
 21
12492154.357031
 72
     1
 10
24807189.88322208
 20
12492154.357031
 11
24806720.22248357
 21
12492527.74528832
 72
     1
 10
24806720.22248357
 20
12492527.74528832
 11
24805382.28065309
 21
12490844.74329386
 72
     1
 10
24805382.28065309
 20
12490844.74329386
 11
24805851.95112287
 21
12490471.36727753
 97
        1
330
56E
 75
     1
 76
     1
 52
0.0
 41
1.0
 77
     0
 78
    13
 53
50.0
 43
-266034.7601025589
 44
17478.01838609762
 45
182.184668996004
 46
-15.93908553890308
 79
     2
 49
19.05
 49
-209.55
 53
355.0
 43
-266034.7601025589
 44
17478.01838609762
 45
-35.24342142496934
 46
191.0568452390351
 79
     2
 49
15.24
 49
-167.64058417
 53
100.4514446999999
 43
-266019.5780955591
 44
17476.69013259746
 45
146.9412470903533
 46
175.1177519121951
 79
     2
 49
16.19000879999999
 49
-178.0902445999999
 53
46.1842
 43
-266034.7601025589
 44
17528.81838609837
 45
271.0790408921299
 46
-42.04232793272715
 79
     2
 49
28.575
 49
-314.325
 53
96.6355576099999
 43
-266012.1702025608
 44
17525.31488609686
 45
237.404134051503
 46
247.4261245977215
 79
     2
 49
24.28502314
 49
-267.13560816
 53
351.18415117
 43
-266034.7601025589
 44
17528.81838609837
 45
237.404134064977
 46
247.4261245855327
 79
     2
 49
22.85996707
 49
-251.45973192
 53
21.0
 43
-266009.3601025604
 44
17516.11838609725
 45
151.6143912691324
 46
-102.2651981870876
 79
     2
 49
19.05
 49
-209.55
 53
326.0
 43
-266009.3601025604
 44
17516.11838609725
 45
61.80202834764707
 46
184.1879661223192
 79
     2
 49
15.24
 49
-167.64
 53
71.45144499999999
 43
-265996.7255699597
 44
17507.59628619812
 45
213.4164192787161
 46
81.92276888590525
 79
     2
 49
16.1900088
 49
-178.0899375999999
 53
37.5
 43
-266034.7601025589
 44
17478.01838609762
 45
3.088603250591816
 46
84.55503887315311
 79
     6
 49
0.0
 49
-165.608
 49
0.0
 49
-170.18
 49
0.0
 49
-168.275
 53
7.499999999999999
 43
-266034.7601025589
 44
17478.01838609762
 45
66.81966251030575
 46
100.1805748181195
 79
     6
 49
0.0
 49
-97.02799999999999
 49
0.0
 49
-161.798
 49
0.0
 49
-64.135
 53
327.5
 43
-266091.4021025599
 44
17478.01838609762
 45
135.5905951668714
 46
-5.728743992673443
 79
     6
 49
0.0
 49
-63.5
 49
0.0
 49
-198.12
 49
0.0
 49
-262.89
 53
317.5
 43
-266116.8021025583
 44
17478.01838609762
 45
148.129181386018
 46
25.42649103333303
 79
     6
 49
0.0
 49
-82.55
 49
0.0
 49
-131.572
 49
0.0
 49
-186.69
 98
        1
 10
-266034.7601025589
 20
17478.01838609762
1001
GradientColor1ACI
1070
     5
1001
GradientColor2ACI
1070
     2
1001
ACAD
1010
0.0
1020
0.0
1030
0.0
  0
HATCH
  5
56B
330
414
100
AcDbEntity
  8
Hatch
 48
20.0
100
AcDbHatch
 10
0.0
 20
0.0
 30
0.0
210
0.0
220
0.0
230
1.0
  2
AR-CONC
 70
     0
 71
     0
 91
        2
 92
        7
 72
     0
 73
     1
 93
        6
 10
24807102.11466125
 20
12496093.72112469
 10
24806977.38345992
 20
12496030.38920335
 10
24806696.15327447
 20
12492738.50840289
 10
24806837.12494922
 20
12492626.43352916
 10
24806922.89708264
 20
12493630.42120144
 10
24808059.75750796
 20
12494207.65892756
 97
        0
 92
       22
 72
     0
 73
     1
 93
        4
 10
24807858.1006365
 20
12494273.49611268
 10
24806937.92073549
 20
12493806.27741059
 10
24807080.3857168
 20
12495473.87115026
 10
24807214.13270659
 20
12495541.78081317
 97
        0
 75
     1
 76
     1
 52
0.0
 41
1.0
 77
     0
 78
    13
 53
50.0
 43
-266034.7601025589
 44
17478.01838609762
 45
182.184668996004
 46
-15.93908553890308
 79
     2
 49
19.05
 49
-209.55
 53
355.0
 43
-266034.7601025589
 44
17478.01838609762
 45
-35.24342142496934
 46
191.0568452390351
 79
     2
 49
15.24
 49
-167.64058417
 53
100.4514446999999
 43
-266019.5780955591
 44
17476.69013259746
 45
146.9412470903533
 46
175.1177519121951
 79
     2
 49
16.19000879999999
 49
-178.0902445999999
 53
46.1842
 43
-266034.7601025589
 44
17528.81838609837
 45
271.0790408921299
 46
-42.04232793272715
 79
     2
 49
28.575
 49
-314.325
 53
96.6355576099999
 43
-266012.1702025608
 44
17525.31488609686
 45
237.404134051503
 46
247.4261245977215
 79
     2
 49
24.28502314
 49
-267.13560816
 53
351.18415117
 43
-266034.7601025589
 44
17528.81838609837
 45
237.404134064977
 46
247.4261245855327
 79
     2
 49
22.85996707
 49
-251.45973192
 53
21.0
 43
-266009.3601025604
 44
17516.11838609725
 45
151.6143912691324
 46
-102.2651981870876
 79
     2
 49
19.05
 49
-209.55
 53
326.0
 43
-266009.3601025604
 44
17516.11838609725
 45
61.80202834764707
 46
184.1879661223192
 79
     2
 49
15.24
 49
-167.64
 53
71.45144499999999
 43
-265996.7255699597
 44
17507.59628619812
 45
213.4164192787161
 46
81.92276888590525
 79
     2
 49
16.1900088
 49
-178.0899375999999
 53
37.5
 43
-266034.7601025589
 44
17478.01838609762
 45
3.088603250591816
 46
84.55503887315311
 79
     6
 49
0.0
 49
-165.608
 49
0.0
 49
-170.18
 49
0.0
 49
-168.275
 53
7.499999999999999
 43
-266034.7601025589
 44
17478.01838609762
 45
66.81966251030575
 46
100.1805748181195
 79
     6
 49
0.0
 49
-97.02799999999999
 49
0.0
 49
-161.798
 49
0.0
 49
-64.135
 53
327.5
 43
-266091.4021025599
 44
17478.01838609762
 45
135.5905951668714
 46
-5.728743992673443
 79
     6
 49
0.0
 49
-63.5
 49
0.0
 49
-198.12
 49
0.0
 49
-262.89
 53
317.5
 43
-266116.8021025583
 44
17478.01838609762
 45
148.129181386018
 46
25.42649103333303
 79
     6
 49
0.0
 49
-82.55
 49
0.0
 49
-131.572
 49
0.0
 49
-186.69
 47
6.19769786151452
 98
        2
 10
24807958.21788772
 20
12494278.75810039
 10
24807958.21788772
 20
12494278.75810039
1001
GradientColor1ACI
1070
     5
1001
GradientColor2ACI
1070
     2
1001
ACAD
1010
0.0
1020
0.0
1030
0.0
  0
LWPOLYLINE
  5
56C
102
{ACAD_REACTORS
330
5AF
330
5A0
330
5A3
330
5A6
330
56A
102
}
330
414
100
AcDbEntity
  8
Staircase
 62
     1
 48
50.0
100
AcDbPolyline
 90
        4
 70
     1
 43
0.0
 38
0.0000000013216095
 10
24806696.15436116
 20
12492738.50753895
 10
24807400.64547104
 20
12492178.4251513
 10
24804475.85851438
 20
12488499.34629036
 10
24803771.36740662
 20
12489059.42867633
  0
LWPOLYLINE
  5
56D
102
{ACAD_REACTORS
330
5AF
330
5AC
330
56A
102
}
330
414
100
AcDbEntity
  8
Staircase
 62
     1
 48
50.0
100
AcDbPolyline
 90
        4
 70
     1
 43
0.0
 38
0.0000000013216095
 10
24805058.54862308
 20
12489473.30400015
 10
24804451.79039409
 20
12488710.10853931
 10
24803982.12965557
 20
12489083.49679662
 10
24804588.8781533
 20
12489846.68001648
  0
LWPOLYLINE
  5
56E
102
{ACAD_REACTORS
330
5A0
330
5A3
330
5A6
330
5A9
330
56A
102
}
330
414
100
AcDbEntity
  8
Staircase
 62
     1
 48
50.0
100
AcDbPolyline
 90
        4
 70
     1
 43
0.0
 38
0.0000000013216095
 10
24805851.95112287
 20
12490471.36727753
 10
24807189.88322208
 20
12492154.357031
 10
24806720.22248357
 20
12492527.74528832
 10
24805382.28065309
 20
12490844.74329386
  0
LWPOLYLINE
  5
56F
102
{ACAD_REACTORS
330
5A9
330
5AC
330
56A
102
}
330
414
100
AcDbEntity
  8
Staircase
 62
     1
 48
50.0
100
AcDbPolyline
 90
        4
 70
     1
 43
0.0
 38
0.0000000013216095
 10
24805288.93664898
 20
12490727.32567637
 10
24804682.22215741
 20
12489964.09763396
 10
24805151.8926272
 20
12489590.72161764
 10
24805758.60711876
 20
12490353.94966005
  0
LWPOLYLINE
  5
570
330
414
100
AcDbEntity
  8
Staircase
 48
25.0
100
AcDbPolyline
 90
        3
 70
     0
 43
0.0
 10
24809706.12444942
 20
12495043.5971734
 10
24808729.02505867
 20
12496975.85635089
 42
-0.1622775363076514
 10
24808449.0938617
 20
12498852.4579224
  0
LWPOLYLINE
  5
571
330
414
100
AcDbEntity
  8
Staircase
  6
DASHED
 62
     8
 48
250.0
100
AcDbPolyline
 90
        5
 70
     0
 43
0.0
 10
24805137.39757804
 20
12492304.36002358
 10
24805774.0164895
 20
12493105.16157692
 10
24806075.83855833
 20
12496638.07633815
 10
24807519.08458719
 20
12497370.88050428
 10
24808906.83931678
 20
12494637.71986589
  0
LWPOLYLINE
  5
572
102
{ACAD_REACTORS
330
591
330
594
102
}
330
414
100
AcDbEntity
  8
Staircase
 62
     1
 48
50.0
100
AcDbPolyline
 90
        4
 70
     0
 43
0.0
 10
24808488.35906358
 20
12499040.62271625
 10
24805079.39420395
 20
12497309.73066318
 10
24804754.81277777
 20
12493510.41103019
 10
24804315.47533012
 20
12492957.76940396
  0
LWPOLYLINE
  5
573
102
{ACAD_REACTORS
330
59A
330
59D
102
}
330
414
100
AcDbEntity
  8
Staircase
 62
     1
 48
50.0
100
AcDbPolyline
 90
        3
 70
     0
 43
0.0
 38
0.0000000042579419
 10
24807102.11466125
 20
12496093.72112469
 10
24807991.84781425
 20
12494341.405978
 10
24809638.21475571
 20
12495177.34422384
  0
LINE
  5
574
102
{ACAD_REACTORS
330
597
102
}
330
414
100
AcDbEntity
  8
Staircase
 62
     1
 48
50.0
100
AcDbLine
 10
24806696.15318107
 20
12492738.50730967
 30
0.0
 11
24806977.38345992
 21
12496030.38920335
 31
0.0
  0
LINE
  5
575
330
414
100
AcDbEntity
  8
Staircase
 62
     1
 48
50.0
100
AcDbLine
 10
24806884.11550747
 20
12492589.07523792
 30
0.0
 11
24806970.34681322
 21
12493598.43765525
 31
0.0
  0
LINE
  5
576
102
{ACAD_REACTORS
330
597
102
}
330
414
100
AcDbEntity
  8
Staircase
 62
     1
 48
50.0
100
AcDbLine
 10
24806990.37835151
 20
12493832.91261447
 30
0.0
 11
24807139.49293878
 21
12495578.34206084
 31
0.0
  0
LINE
  5
577
330
414
100
AcDbEntity
  8
Staircase
 62
     1
 48
50.0
100
AcDbLine
 10
24806977.38345992
 20
12496030.38920335
 30
0.0
 11
24807102.11466125
 21
12496093.72112469
 31
0.0
  0
LINE
  5
578
102
{ACAD_REACTORS
330
59A
102
}
330
414
100
AcDbEntity
  8
Staircase
 62
     1
 48
50.0
100
AcDbLine
 10
24807139.49293878
 20
12495578.34206083
 30
0.0
 11
24807813.51845511
 21
12494250.85963812
 31
0.0
  0
LINE
  5
579
330
414
100
AcDbEntity
  8
Staircase
 62
     1
 48
50.0
100
AcDbLine
 10
24807813.51845511
 20
12494250.85963812
 30
0.0
 11
24806990.37835151
 21
12493832.91261447
 31
0.0
  0
LINE
  5
57A
102
{ACAD_REACTORS
330
59D
102
}
330
414
100
AcDbEntity
  8
Staircase
 62
     1
 48
50.0
100
AcDbLine
 10
24809731.94438677
 20
12495000.63089225
 30
0.0
 11
24806970.34681323
 21
12493598.43765525
 31
0.0
  0
LWPOLYLINE
  5
57B
330
414
100
AcDbEntity
  8
Staircase
 62
     1
 48
50.0
100
AcDbPolyline
 90
        2
 70
     0
 43
0.0
 10
24804315.47533012
 20
12492957.76940396
 10
24805881.04154041
 20
12491713.18008909
  0
LWPOLYLINE
  5
57C
102
{ACAD_REACTORS
330
591
330
594
102
}
330
414
100
AcDbEntity
  8
Staircase
 62
     1
 48
50.0
100
AcDbPolyline
 90
        5
 70
     0
 43
0.0
 10
24808578.90530545
 20
12498862.29330734
 10
24805269.19312958
 20
12497181.79651753
 10
24804948.9468181
 20
12493433.22065814
 10
24804596.49087837
 20
12492989.86709302
 10
24806005.50047001
 20
12491869.73670774
  0
HATCH
  5
57D
330
414
100
AcDbEntity
  8
Hatch
 48
20.0
100
AcDbHatch
 10
0.0
 20
0.0
 30
0.0
210
0.0
220
0.0
230
1.0
  2
AR-CONC
 70
     0
 71
     1
 91
        4
 92
        7
 72
     0
 73
     1
 93
        4
 10
24805216.57752184
 20
12474583.30432104
 10
24806002.55655203
 20
12475021.75268624
 10
24803712.97963552
 20
12479126.36442796
 10
24802927.00060769
 20
12478687.91606407
 97
        1
330
57E
 92
       22
 72
     0
 73
     1
 93
        4
 10
24804227.13547279
 20
12476665.03714932
 10
24804751.12910916
 20
12476957.32240177
 10
24805798.48532008
 20
12475079.67446356
 10
24805274.49930152
 20
12474787.37555431
 97
        1
330
581
 92
       22
 72
     0
 73
     1
 93
        4
 10
24804154.06415966
 20
12476796.03555846
 10
24803679.12406799
 20
12477647.53507597
 10
24804203.11770436
 20
12477939.82032842
 10
24804678.06726656
 20
12477088.3038316
 97
        2
330
582
330
580
 92
       22
 72
     0
 73
     1
 93
        4
 10
24803606.05275485
 20
12477778.53348511
 10
24803131.07183964
 20
12478629.99428675
 10
24803655.0578582
 20
12478922.293196
 10
24804130.04639122
 20
12478070.81873756
 97
        1
330
57F
 75
     1
 76
     1
 52
0.0
 41
1.0
 77
     0
 78
    13
 53
50.0
 43
-266034.7601025589
 44
17478.01838609762
 45
182.184668996004
 46
-15.93908553890308
 79
     2
 49
19.05
 49
-209.55
 53
355.0
 43
-266034.7601025589
 44
17478.01838609762
 45
-35.24342142496934
 46
191.0568452390351
 79
     2
 49
15.24
 49
-167.64058417
 53
100.4514446999999
 43
-266019.5780955591
 44
17476.69013259746
 45
146.9412470903533
 46
175.1177519121951
 79
     2
 49
16.19000879999999
 49
-178.0902445999999
 53
46.1842
 43
-266034.7601025589
 44
17528.81838609837
 45
271.0790408921299
 46
-42.04232793272715
 79
     2
 49
28.575
 49
-314.325
 53
96.6355576099999
 43
-266012.1702025608
 44
17525.31488609686
 45
237.404134051503
 46
247.4261245977215
 79
     2
 49
24.28502314
 49
-267.13560816
 53
351.18415117
 43
-266034.7601025589
 44
17528.81838609837
 45
237.404134064977
 46
247.4261245855327
 79
     2
 49
22.85996707
 49
-251.45973192
 53
21.0
 43
-266009.3601025604
 44
17516.11838609725
 45
151.6143912691324
 46
-102.2651981870876
 79
     2
 49
19.05
 49
-209.55
 53
326.0
 43
-266009.3601025604
 44
17516.11838609725
 45
61.80202834764707
 46
184.1879661223192
 79
     2
 49
15.24
 49
-167.64
 53
71.45144499999999
 43
-265996.7255699597
 44
17507.59628619812
 45
213.4164192787161
 46
81.92276888590525
 79
     2
 49
16.1900088
 49
-178.0899375999999
 53
37.5
 43
-266034.7601025589
 44
17478.01838609762
 45
3.088603250591816
 46
84.55503887315311
 79
     6
 49
0.0
 49
-165.608
 49
0.0
 49
-170.18
 49
0.0
 49
-168.275
 53
7.499999999999999
 43
-266034.7601025589
 44
17478.01838609762
 45
66.81966251030575
 46
100.1805748181195
 79
     6
 49
0.0
 49
-97.02799999999999
 49
0.0
 49
-161.798
 49
0.0
 49
-64.135
 53
327.5
 43
-266091.4021025599
 44
17478.01838609762
 45
135.5905951668714
 46
-5.728743992673443
 79
     6
 49
0.0
 49
-63.5
 49
0.0
 49
-198.12
 49
0.0
 49
-262.89
 53
317.5
 43
-266116.8021025583
 44
17478.01838609762
 45
148.129181386018
 46
25.42649103333303
 79
     6
 49
0.0
 49
-82.55
 49
0.0
 49
-131.572
 49
0.0
 49
-186.69
 47
5.511080935150567
 98
        4
 10
24804212.03569948
 20
12476529.84054616
 10
24804212.03569948
 20
12476529.84054616
 10
24804212.03569948
 20
12476529.84054616
 10
24804212.03569948
 20
12476529.84054616
1001
GradientColor1ACI
1070
     5
1001
GradientColor2ACI
1070
     2
1001
ACAD
1010
0.0
1020
0.0
1030
0.0
  0
LWPOLYLINE
  5
57E
102
{ACAD_REACTORS
330
621
330
612
330
615
330
61B
330
61E
330
57D
102
}
330
414
100
AcDbEntity
  8
Staircase
 62
     1
 48
50.0
100
AcDbPolyline
 90
        4
 70
     1
 43
0.0
 38
0.0000000013216095
 10
24805216.57752184
 20
12474583.30432104
 10
24806002.55655203
 20
12475021.75268624
 10
24803712.97963552
 20
12479126.36442796
 10
24802927.00060769
 20
12478687.91606407
  0
LWPOLYLINE
  5
57F
102
{ACAD_REACTORS
330
621
330
61E
330
57D
102
}
330
414
100
AcDbEntity
  8
Staircase
 62
     1
 48
50.0
100
AcDbPolyline
 90
        4
 70
     1
 43
0.0
 38
0.0000000013216095
 10
24804130.04639122
 20
12478070.81873756
 10
24803655.0578582
 20
12478922.293196
 10
24803131.07183964
 20
12478629.99428675
 10
24803606.05275485
 20
12477778.53348511
  0
LWPOLYLINE
  5
580
102
{ACAD_REACTORS
330
60F
330
57D
102
}
330
414
100
AcDbEntity
  8
Staircase
 62
     1
 48
50.0
100
AcDbPolyline
 90
        2
 70
     1
 43
0.0
 38
0.0000000013216095
 10
24804154.06415966
 20
12476796.03555846
 10
24804678.06726656
 20
12477088.3038316
  0
LWPOLYLINE
  5
581
102
{ACAD_REACTORS
330
60F
330
612
330
615
330
618
330
57D
102
}
330
414
100
AcDbEntity
  8
Staircase
 62
     1
 48
50.0
100
AcDbPolyline
 90
        4
 70
     1
 43
0.0
 38
0.0000000013216095
 10
24804751.12910916
 20
12476957.32240177
 10
24805798.48532008
 20
12475079.67446356
 10
24805274.49930152
 20
12474787.37555431
 10
24804227.13547279
 20
12476665.03714932
  0
LWPOLYLINE
  5
582
102
{ACAD_REACTORS
330
60C
330
61B
330
57D
102
}
330
414
100
AcDbEntity
  8
Staircase
 62
     1
 48
50.0
100
AcDbPolyline
 90
        4
 70
     1
 43
0.0
 38
0.0000000013216095
 10
24804154.06415966
 20
12476796.03555846
 10
24803679.12406799
 20
12477647.53507597
 10
24804203.11770436
 20
12477939.82032842
 10
24804678.05779603
 20
12477088.3208109
  0
LWPOLYLINE
  5
583
102
{ACAD_REACTORS
330
60C
102
}
330
414
100
AcDbEntity
  8
Staircase
 62
     1
 48
50.0
100
AcDbPolyline
 90
        2
 70
     1
 43
0.0
 38
0.0000000013216095
 10
24803606.06371064
 20
12477778.51384553
 10
24804130.04639122
 20
12478070.81873756
  0
LINE
  5
584
330
414
100
AcDbEntity
  8
STR-BEAM
 62
     1
 48
20.0
100
AcDbLine
 10
24813628.51744837
 20
12476542.66153106
 30
0.0
 11
24813724.22470627
 21
12476258.33755953
 31
0.0
  0
LINE
  5
585
330
414
100
AcDbEntity
  8
STR-BEAM
 48
30.0
100
AcDbLine
 10
24813628.51744837
 20
12476542.66153106
 30
0.0
 11
24813082.80696436
 21
12476358.96807125
 31
0.0
  0
LINE
  5
586
330
414
100
AcDbEntity
  8
STR-BEAM
 48
30.0
100
AcDbLine
 10
24813082.80696435
 20
12476358.96807125
 30
0.0
 11
24812872.61002581
 21
12476981.30740336
 31
0.0
  0
LINE
  5
587
330
414
100
AcDbEntity
  8
STR-BEAM
  6
HIDDEN
 48
30.0
100
AcDbLine
 10
24814145.26622198
 20
12476400.06577441
 30
0.0
 11
24815582.32159209
 21
12476883.79786422
 31
0.0
  0
LINE
  5
588
330
414
100
AcDbEntity
  8
STR-BEAM
  6
HIDDEN
 48
30.0
100
AcDbLine
 10
24813327.99859226
 20
12477435.43305707
 30
0.0
 11
24813724.22470626
 21
12476258.33755953
 31
0.0
  0
LINE
  5
589
330
414
100
AcDbEntity
  8
0
  6
HIDDEN
 62
     1
 48
50.0
100
AcDbLine
 10
24813082.80696437
 20
12476358.96807125
 30
0.0
 11
24813724.22470628
 21
12476258.33755953
 31
0.0
  0
LINE
  5
58A
330
414
100
AcDbEntity
  8
0
  6
HIDDEN
 62
     1
 48
50.0
100
AcDbLine
 10
24813628.51744837
 20
12476542.66153106
 30
0.0
 11
24813178.8051457
 21
12476074.74202846
 31
0.0
  0
LWPOLYLINE
  5
58B
330
414
100
AcDbEntity
  8
Staircase
 62
     1
 48
50.0
100
AcDbPolyline
 90
        2
 70
     0
 43
0.0
 10
24804432.90042221
 20
12492864.43480214
 10
24804432.89279411
 20
12492864.42520676
  0
HATCH
  5
58C
330
414
100
AcDbEntity
  8
S-BALCONY HATCH
100
AcDbHatch
 10
0.0
 20
0.0
 30
0.0
210
0.0
220
0.0
230
1.0
  2
CROSS
 70
     0
 71
     0
 91
        2
 92
        1
 93
        4
 72
     1
 10
24815610.11990572
 20
12476893.155149
 11
24813178.99909465
 21
12476074.80731427
 72
     1
 10
24813178.99909465
 20
12476074.80731427
 11
24813777.9146231
 21
12474300.93221661
 72
     1
 10
24813777.9146231
 20
12474300.93221661
 11
24816255.77208852
 21
12475559.05729801
 72
     1
 10
24816255.77208852
 20
12475559.05729801
 11
24815610.11990572
 21
12476893.155149
 97
        0
 92
        1
 93
        5
 72
     1
 10
24813323.26665224
 20
12477449.49054871
 11
24813728.95664628
 21
12476244.28006788
 72
     1
 10
24813728.95664628
 20
12476244.28006788
 11
24815582.32159208
 21
12476883.79786422
 72
     1
 10
24815582.32159208
 20
12476883.79786422
 11
24814896.32996878
 21
12478233.20800836
 72
     1
 10
24814896.32996878
 20
12478233.20800836
 11
24814896.24100579
 21
12478233.38300696
 72
     1
 10
24814896.24100579
 20
12478233.38300696
 11
24813323.26665224
 21
12477449.49054871
 97
        0
 75
     1
 76
     1
 52
0.0
 41
25.0
 77
     0
 78
     2
 53
0.0
 43
-266034.7601025589
 44
17478.01838609762
 45
158.75
 46
158.75
 79
     2
 49
79.375
 49
-238.125
 53
90.0
 43
-265995.0726025589
 44
17438.33088609762
 45
-158.75
 46
158.75
 79
     2
 49
79.375
 49
-238.125
 98
        2
 10
24814619.35987763
 20
12476192.24505244
 10
24814619.35987763
 20
12476192.24505244
1001
GradientColor1ACI
1070
     5
1001
GradientColor2ACI
1070
     2
1001
ACAD
1010
0.0
1020
0.0
1030
0.0
  0
ARC
  5
58D
330
414
100
AcDbEntity
  8
STR-BEAM
 48
30.0
100
AcDbCircle
 10
24810887.29085973
 20
12471116.52113735
 30
0.0
 40
3546.456520233348
100
AcDbArc
 50
351.8954265580969
 51
19.91199719657103
  0
ARC
  5
58E
330
414
100
AcDbEntity
  8
STR-BEAM
 48
30.0
100
AcDbCircle
 10
24810887.29085973
 20
12471116.52113735
 30
0.0
 40
3746.456520233348
100
AcDbArc
 50
351.8954265580969
 51
19.91199719657103
  0
DIMENSION
  5
58F
102
{ACAD_XDICTIONARY
360
590
102
}
102
{ACAD_REACTORS
330
591
102
}
330
414
100
AcDbEntity
  8
STR-BEAM
  6
Overhead
 62
     1
 48
20.0
100
AcDbDimension
280
     0
  2
*D38
 10
24805166.19518943
 20
12495976.17578694
 30
0.0
 11
24805377.12534762
 21
12495958.15571541
 31
0.0
 70
     1
 71
     5
 42
199.9999999962747
 73
     0
 74
     0
 75
     0
  3
A-GFC-75
100
AcDbAlignedDimension
 13
24804966.59332305
 23
12495989.36367082
 33
0.0
 14
24805165.86744059
 24
12495972.33939186
 34
0.0
  0
DIMENSION
  5
592
102
{ACAD_XDICTIONARY
360
593
102
}
102
{ACAD_REACTORS
330
594
102
}
330
414
100
AcDbEntity
  8
STR-BEAM
  6
Overhead
 62
     1
 48
20.0
100
AcDbDimension
280
     0
  2
*D39
 10
24807701.13028545
 20
12498416.60557835
 30
0.0
 11
24807796.97280307
 21
12498227.84523709
 31
0.0
 70
     1
 71
     5
 42
200.0
 73
     0
 74
     0
 75
     0
  3
A-GFC-75
100
AcDbAlignedDimension
 13
24807610.58404358
 23
12498594.93498726
 33
0.0
 14
24807701.13028546
 24
12498416.60557835
 34
0.0
  0
DIMENSION
  5
595
102
{ACAD_XDICTIONARY
360
596
102
}
102
{ACAD_REACTORS
330
597
102
}
330
414
100
AcDbEntity
  8
STR-BEAM
  6
Overhead
 62
     1
 48
20.0
100
AcDbDimension
280
     0
  2
*D40
 10
24807045.69032472
 20
12494480.35528629
 30
0.0
 11
24807256.62048291
 21
12494462.33521475
 31
0.0
 70
     1
 71
     5
 42
200.0
 73
     0
 74
     0
 75
     0
  3
A-GFC-75
100
AcDbAlignedDimension
 13
24806846.41620716
 23
12494497.37956511
 33
0.0
 14
24807045.69032472
 24
12494480.35528615
 34
0.0
  0
DIMENSION
  5
598
102
{ACAD_XDICTIONARY
360
599
102
}
102
{ACAD_REACTORS
330
59A
102
}
330
414
100
AcDbEntity
  8
STR-BEAM
  6
Overhead
 62
     1
 48
20.0
100
AcDbDimension
280
     0
  2
*D41
 10
24807579.68330966
 20
12495153.15734627
 30
0.0
 11
24807768.44364209
 21
12495248.99988125
 31
0.0
 70
     1
 71
     5
 42
200.0000000037253
 73
     0
 74
     0
 75
     0
  3
A-GFC-75
100
AcDbAlignedDimension
 13
24807449.25287117
 23
12494968.27485187
 33
0.0
 14
24807627.58227176
 24
12495058.82111015
 34
0.0000000042579419
  0
DIMENSION
  5
59B
102
{ACAD_XDICTIONARY
360
59C
102
}
102
{ACAD_REACTORS
330
59D
102
}
330
414
100
AcDbEntity
  8
STR-BEAM
  6
Overhead
 62
     1
 48
20.0
100
AcDbDimension
280
     0
  2
*D42
 10
24808527.535714
 20
12494389.09584756
 30
0.0
 11
24808623.37823444
 21
12494200.33550775
 31
0.0
 70
     1
 71
     5
 42
200.0001453664154
 73
     0
 74
     0
 75
     0
  3
A-GFC-75
100
AcDbAlignedDimension
 13
24808436.98940365
 23
12494567.42538474
 33
0.0000000042579419
 14
24808527.535714
 24
12494389.09584757
 34
0.0
  0
DIMENSION
  5
59E
102
{ACAD_XDICTIONARY
360
59F
102
}
102
{ACAD_REACTORS
330
5A0
102
}
330
414
100
AcDbEntity
  8
STR-BEAM
  6
Overhead
 62
     1
 48
20.0
100
AcDbDimension
280
     0
  2
*D43
 10
24805720.41712187
 20
12491270.08641296
 30
0.0
 11
24805880.80518236
 21
12491142.58216998
 31
0.0
 70
     1
 71
     5
 42
150.0010000895709
 73
     0
 74
     0
 75
     0
  3
A-GFC-75
100
AcDbAlignedDimension
 13
24805602.99866276
 23
12491363.4309655
 33
0.0000000013216095
 14
24805720.41712187
 24
12491270.08641296
 34
0.0000000013216095
  0
DIMENSION
  5
5A1
102
{ACAD_XDICTIONARY
360
5A2
102
}
102
{ACAD_REACTORS
330
5A3
102
}
330
414
100
AcDbEntity
  8
STR-BEAM
  6
Overhead
 62
     1
 48
20.0
100
AcDbDimension
280
     0
  2
*D44
 10
24806955.05285209
 20
12492341.05116024
 30
0.0
 11
24806827.54432944
 21
12492180.66650207
 31
0.0
 70
     1
 71
     5
 42
150.0
 73
     0
 74
     0
 75
     0
  3
A-GFC-75
100
AcDbAlignedDimension
 13
24807048.3999161
 23
12492458.46634513
 33
0.0000000013216095
 14
24806955.05285283
 24
12492341.05115966
 34
0.0000000013216095
  0
DIMENSION
  5
5A4
102
{ACAD_XDICTIONARY
360
5A5
102
}
102
{ACAD_REACTORS
330
5A6
102
}
330
414
100
AcDbEntity
  8
STR-BEAM
  6
Overhead
 62
     1
 48
20.0
100
AcDbDimension
280
     0
  2
*D45
 10
24806638.47437512
 20
12491219.69290549
 30
0.0
 11
24806322.49747794
 21
12491470.8876046
 31
0.0
 70
   129
 71
     5
 42
150.0005154553801
 73
     0
 74
     0
 75
     0
  3
A-GFC-75
100
AcDbAlignedDimension
 13
24806520.91717248
 23
12491312.86215427
 33
0.0000000013216095
 14
24806638.33498641
 24
12491219.51756894
 34
0.0000000013216095
  0
DIMENSION
  5
5A7
102
{ACAD_XDICTIONARY
360
5A8
102
}
102
{ACAD_REACTORS
330
5A9
102
}
330
414
100
AcDbEntity
  8
STR-BEAM
  6
Overhead
 62
     1
 48
20.0
100
AcDbDimension
280
     0
  2
*D46
 10
24805617.11588798
 20
12490658.0552857
 30
0.0
 11
24805744.62023193
 21
12490818.44326593
 31
0.0
 70
     1
 71
     5
 42
150.0000000037253
 73
     0
 74
     0
 75
     0
  3
A-GFC-75
100
AcDbAlignedDimension
 13
24805523.77188387
 23
12490540.63766821
 33
0.0000000013216095
 14
24805617.11588798
 24
12490658.0552857
 34
0.0000000013216095
  0
DIMENSION
  5
5AA
102
{ACAD_XDICTIONARY
360
5AB
102
}
102
{ACAD_REACTORS
330
5AC
102
}
330
414
100
AcDbEntity
  8
STR-BEAM
  6
Overhead
 62
     1
 48
20.0
100
AcDbDimension
280
     0
  2
*D47
 10
24804865.35073799
 20
12489818.5150941
 30
0.0
 11
24804992.85508194
 21
12489978.90307433
 31
0.0
 70
     1
 71
     5
 42
150.0000000037253
 73
     0
 74
     0
 75
     0
  3
A-GFC-75
100
AcDbAlignedDimension
 13
24804772.00673382
 23
12489701.09747665
 33
0.0000000013216095
 14
24804865.35073794
 24
12489818.51509413
 34
0.0000000013216095
  0
DIMENSION
  5
5AD
102
{ACAD_XDICTIONARY
360
5AE
102
}
102
{ACAD_REACTORS
330
5AF
102
}
330
414
100
AcDbEntity
  8
STR-BEAM
  6
Overhead
 62
     1
 48
20.0
100
AcDbDimension
280
     0
  2
*D48
 10
24804146.32641256
 20
12488952.95758837
 30
0.0
 11
24804273.83493665
 21
12489113.3422454
 31
0.0
 70
     1
 71
     5
 42
149.9999999925494
 73
     0
 74
     0
 75
     0
  3
A-GFC-75
100
AcDbAlignedDimension
 13
24804123.6129605
 23
12488779.38748334
 33
0.0000000013216095
 14
24804216.96002482
 24
12488896.80266797
 34
0.0000000013216095
  0
TEXT
  5
5B0
330
414
100
AcDbEntity
  8
S - SLAB TXT
  6
Continuous
 62
     1
100
AcDbText
 10
24817083.65267504
 20
12472878.92310151
 30
0.0
 40
200.0
  1
200 THK
 50
26.90833206134509
  7
S - GRID TXT
100
AcDbText
1001
ACAD
1000
ACAD_MTEXT_DEFINED_HEIGHT_BEGIN
1070
    46
1040
0.0
1000
ACAD_MTEXT_DEFINED_HEIGHT_END
  0
LWPOLYLINE
  5
5B1
330
414
100
AcDbEntity
  8
slab thk box
  6
ByBlock
 62
     5
100
AcDbPolyline
 90
        4
 70
     1
 43
0.0
 10
24818018.38692503
 20
12473254.49221544
 10
24817076.26244086
 20
12472776.13118791
 91
       85
 10
24816912.47308833
 20
12473098.71172935
 91
       86
 10
24817854.59757249
 20
12473577.07275688
  0
MTEXT
  5
5B2
330
414
100
AcDbEntity
  8
G-ANNO-SYMB
 62
     1
100
AcDbMText
 10
24805887.54528177
 20
12473753.38674499
 30
0.0
 40
250.0
 41
333.0937499999995
 46
0.0
 71
     8
 72
     1
  1
7A
  7
Swis721 LtCn BT_B
 11
0.5665069791577065
 21
-0.8240569413369504
 31
0.0
 73
     2
 44
0.9642671421142559
1001
REVIT
1002
{
1070
     1
1000
912768
1002
}
1002
{
1070
     5
1000
31117
1002
}
1002
{
1070
     2
1000
-2000200
1002
}
  0
TEXT
  5
5B3
330
414
100
AcDbEntity
  8
S - SLAB TXT
  6
Continuous
 62
     1
100
AcDbText
 10
24814270.52436492
 20
12475408.06143398
 30
0.0
 40
200.0
  1
+96.795  LVL
 50
26.90833206134509
  7
S - GRID TXT
100
AcDbText
1001
ACAD
1000
ACAD_MTEXT_DEFINED_HEIGHT_BEGIN
1070
    46
1040
0.0
1000
ACAD_MTEXT_DEFINED_HEIGHT_END
  0
LWPOLYLINE
  5
5B4
330
414
100
AcDbEntity
  8
slab thk box
  6
ByBlock
 62
     5
100
AcDbPolyline
 90
        4
 70
     1
 43
0.0
 10
24815612.07810969
 20
12475990.19198943
 10
24814263.13413075
 20
12475305.26952037
 91
       85
 10
24814099.34477821
 20
12475627.85006181
 91
       86
 10
24815448.28875716
 20
12476312.77253087
  0
TEXT
  5
5B5
330
414
100
AcDbEntity
  8
S - SLAB TXT
  6
Continuous
 62
     1
100
AcDbText
 10
24814501.13668932
 20
12474947.16062878
 30
0.0
 40
200.0
  1
200 THK
 50
26.90833206134509
  7
S - GRID TXT
100
AcDbText
1001
ACAD
1000
ACAD_MTEXT_DEFINED_HEIGHT_BEGIN
1070
    46
1040
0.0
1000
ACAD_MTEXT_DEFINED_HEIGHT_END
  0
LWPOLYLINE
  5
5B6
330
414
100
AcDbEntity
  8
slab thk box
  6
ByBlock
 62
     5
100
AcDbPolyline
 90
        4
 70
     1
 43
0.0
 10
24815435.87093931
 20
12475322.72974271
 10
24814493.74645515
 20
12474844.36871517
 91
       85
 10
24814329.95710262
 20
12475166.94925661
 91
       86
 10
24815272.08158678
 20
12475645.31028414
  0
LINE
  5
5B7
330
414
100
AcDbEntity
  8
STR-BEAM
  6
HIDDEN
 48
30.0
100
AcDbLine
 10
24823869.65187137
 20
12486042.01453316
 30
0.0
 11
24818564.35310235
 21
12483348.26417072
 31
0.0
  0
LINE
  5
5B8
330
414
100
AcDbEntity
  8
STR-BEAM
  6
HIDDEN
 48
30.0
100
AcDbLine
 10
24812561.29733873
 20
12474257.46815873
 30
0.0
 11
24811584.18394776
 21
12472675.71763135
 31
0.0
  0
LINE
  5
5B9
330
414
100
AcDbEntity
  8
STR-BEAM
  6
HIDDEN
 48
30.0
100
AcDbLine
 10
24811478.96001502
 20
12472505.38119687
 30
0.0
 11
24810593.06699671
 21
12471071.29814991
 31
0.0
  0
LINE
  5
5BA
330
414
100
AcDbEntity
  8
STR-BEAM
  6
HIDDEN
 48
30.0
100
AcDbLine
 10
24810487.84306399
 20
12470900.96171544
 30
0.0
 11
24809805.60362971
 21
12469796.55295906
 31
0.0
  0
LINE
  5
5BB
330
414
100
AcDbEntity
  8
STR-BEAM
  6
HIDDEN
 48
30.0
100
AcDbLine
 10
24809675.41350239
 20
12469643.29142009
 30
0.0
 11
24808774.40036035
 21
12468184.73192661
 31
0.0
  0
LINE
  5
5BC
330
414
100
AcDbEntity
  8
STR-BEAM
  6
HIDDEN
 48
30.0
100
AcDbLine
 10
24812734.39094874
 20
12474157.11915609
 30
0.0
 11
24811749.44625911
 21
12472562.69132745
 31
0.0
  0
LINE
  5
5BD
330
414
100
AcDbEntity
  8
STR-BEAM
  6
HIDDEN
 48
30.0
100
AcDbLine
 10
24811644.2582481
 20
12472392.33032538
 30
0.0
 11
24809966.94152517
 21
12469675.62541696
 31
0.0
  0
LINE
  5
5BE
330
414
100
AcDbEntity
  8
STR-BEAM
  6
HIDDEN
 48
30.0
100
AcDbLine
 10
24809760.4180756
 20
12469342.85378623
 30
0.0
 11
24808968.62236797
 21
12468061.09540516
 31
0.0
  0
LINE
  5
5BF
330
414
100
AcDbEntity
  8
STR-BEAM
 48
30.0
100
AcDbLine
 10
24809861.38549014
 20
12469506.29977182
 30
0.0
 11
24808971.36036688
 21
12468065.52767606
 31
0.0
  0
LINE
  5
5C0
330
414
100
AcDbEntity
  8
STR-BEAM
  6
HIDDEN
 48
30.0
100
AcDbLine
 10
24812320.84285874
 20
12471929.60015306
 30
0.0
 11
24811644.2582481
 21
12472392.33032538
 31
0.0
  0
LINE
  5
5C1
330
414
100
AcDbEntity
  8
STR-BEAM
  6
HIDDEN
 48
30.0
100
AcDbLine
 10
24811478.96001502
 20
12472505.38119687
 30
0.0
 11
24809010.89066664
 21
12474193.34473743
 31
0.0
  0
LINE
  5
5C2
330
414
100
AcDbEntity
  8
STR-BEAM
  6
HIDDEN
 48
30.0
100
AcDbLine
 10
24812474.89296087
 20
12472066.54336305
 30
0.0
 11
24811749.44625911
 21
12472562.69132745
 31
0.0
  0
LINE
  5
5C3
330
414
100
AcDbEntity
  8
STR-BEAM
  6
HIDDEN
 48
30.0
100
AcDbLine
 10
24811584.18394776
 20
12472675.71763135
 30
0.0
 11
24809186.83197357
 21
12474315.31610326
 31
0.0
  0
TEXT
  5
5C4
330
414
100
AcDbEntity
  8
S-BEAM-IDEN
 62
     3
100
AcDbText
 10
24812391.13834144
 20
12474173.00559709
 30
0.0
 40
187.5
  1
B33(200X750)
 50
159.1014858598143
 41
0.7
  7
ROMANS
100
AcDbText
  0
TEXT
  5
5C5
330
414
100
AcDbEntity
  8
S-BEAM-IDEN
 62
     3
100
AcDbText
 10
24808274.14040036
 20
12492616.30084274
 30
-0.0000000033049624
 40
187.5
  1
B5(200X600)
 50
27.49414539952378
 41
0.7
  7
ROMANS
100
AcDbText
  0
TEXT
  5
5C6
330
414
100
AcDbEntity
  8
S-BEAM-IDEN
 62
     3
100
AcDbText
 10
24817904.72376685
 20
12470991.77971522
 30
-0.0000000014143541
 40
187.5
  1
B25(200X750)-INV
 50
9.965410608842493
 41
0.7
  7
ROMANS
100
AcDbText
  0
TEXT
  5
5C7
330
414
100
AcDbEntity
  8
S-BEAM-IDEN
 62
     3
100
AcDbText
 10
24816595.95720143
 20
12476348.87384792
 30
0.0
 40
187.5
  1
B46(400X750)
 50
116.1135139159442
 41
0.7
  7
ROMANS
100
AcDbText
  0
TEXT
  5
5C8
330
414
100
AcDbEntity
  8
S-BEAM-IDEN
 62
     3
100
AcDbText
 10
24819524.90121622
 20
12480205.98048123
 30
0.0000000027308866
 40
187.5
  1
B20(400X750)
 50
26.92000000467278
 41
0.7
  7
ROMANS
100
AcDbText
  0
TEXT
  5
5C9
330
414
100
AcDbEntity
  8
S-BEAM-IDEN
 62
     3
100
AcDbText
 10
24825133.59878923
 20
12474086.23731075
 30
0.0000000016911483
 40
187.5
  1
B55(300X750)
 50
116.9200001949873
 41
0.7
  7
ROMANS
100
AcDbText
  0
TEXT
  5
5CA
330
414
100
AcDbEntity
  8
S-BEAM-IDEN
 62
     3
100
AcDbText
 10
24814466.75593241
 20
12491989.29001548
 30
0.0000000111501738
 40
187.5
  1
B53(600X750)
 50
116.918106240589
 41
0.7
  7
ROMANS
100
AcDbText
  0
TEXT
  5
5CB
330
414
100
AcDbEntity
  8
S-BEAM-IDEN
 62
     3
100
AcDbText
 10
24818178.77172354
 20
12486697.64666759
 30
0.0000000111501738
 40
187.5
  1
B52(300X750)
 50
116.918106240589
 41
0.7
  7
ROMANS
100
AcDbText
  0
TEXT
  5
5CC
330
414
100
AcDbEntity
  8
S-BEAM-IDEN
 62
     3
100
AcDbText
 10
24823728.42694691
 20
12478355.87885054
 30
0.0000000028576144
 40
187.5
  1
B22(600X750)
 50
26.92000000467278
 41
0.7
  7
ROMANS
100
AcDbText
  0
TEXT
  5
5CD
330
414
100
AcDbEntity
  8
S-BEAM-IDEN
 62
     3
100
AcDbText
 10
24818752.9680246
 20
12486027.01523669
 30
0.0000000042218353
 40
187.5
  1
B12(400X750)
 50
26.92000000467278
 41
0.7
  7
ROMANS
100
AcDbText
  0
TEXT
  5
5CE
330
414
100
AcDbEntity
  8
S-BEAM-IDEN
 62
     3
100
AcDbText
 10
24817387.74107425
 20
12489226.54947173
 30
0.0000000034573328
 40
187.5
  1
B11(600X750)
 50
26.92000000467278
 41
0.7
  7
ROMANS
100
AcDbText
  0
TEXT
  5
5CF
330
414
100
AcDbEntity
  8
S-BEAM-IDEN
 62
     3
100
AcDbText
 10
24810327.66865537
 20
12489609.79659825
 30
0.0000000036859174
 40
187.5
  1
B8(300X750)
 50
26.92000000467278
 41
0.7
  7
ROMANS
100
AcDbText
  0
TEXT
  5
5D0
330
414
100
AcDbEntity
  8
S-BEAM-IDEN
 62
     3
100
AcDbText
 10
24814266.35557781
 20
12495963.35833721
 30
0.0000000025640323
 40
187.5
  1
B6(600X750)
 50
26.92000000467278
 41
0.7
  7
ROMANS
100
AcDbText
  0
TEXT
  5
5D1
330
414
100
AcDbEntity
  8
S-BEAM-IDEN
 62
     3
100
AcDbText
 10
24813195.41334415
 20
12482593.57528392
 30
0.0000000028274918
 40
187.5
  1
B13(400X750)
 50
26.92000000467278
 41
0.7
  7
ROMANS
100
AcDbText
  0
TEXT
  5
5D2
330
414
100
AcDbEntity
  8
S-BEAM-IDEN
 62
     3
100
AcDbText
 10
24815492.12532241
 20
12479115.21724919
 30
0.0000000028576144
 40
187.5
  1
B19(400X750)
 50
26.92000000467278
 41
0.7
  7
ROMANS
100
AcDbText
  0
TEXT
  5
5D3
330
414
100
AcDbEntity
  8
S-BEAM-IDEN
 62
     3
100
AcDbText
 10
24819709.4529526
 20
12481963.04139773
 30
0.0
 40
187.5
  1
B51(300X750)
 50
116.9200001949873
 41
0.7
  7
ROMANS
100
AcDbText
  0
TEXT
  5
5D4
330
414
100
AcDbEntity
  8
S-BEAM-IDEN
 62
     3
100
AcDbText
 10
24811421.03048224
 20
12473340.23796975
 30
-0.0000000013216095
 40
187.5
  1
B32(200X750)
 50
146.7434689678742
 41
0.7
  7
ROMANS
100
AcDbText
  0
TEXT
  5
5D5
330
414
100
AcDbEntity
  8
S-BEAM-IDEN
 62
     3
100
AcDbText
 10
24811645.19570226
 20
12475037.02381054
 30
-0.0000000013216095
 40
187.5
  1
B20A(200X500)
 50
17.23700505377799
 41
0.7
  7
ROMANS
100
AcDbText
  0
TEXT
  5
5D6
330
414
100
AcDbEntity
  8
S-BEAM-IDEN
 62
     3
100
AcDbText
 10
24824514.35875632
 20
12477129.86506738
 30
0.0000000011126001
 40
187.5
  1
B23(600X750)
 50
26.92000000467278
 41
0.7
  7
ROMANS
100
AcDbText
  0
TEXT
  5
5D7
330
414
100
AcDbEntity
  8
S-BEAM-IDEN
 62
     3
100
AcDbText
 10
24823405.29486053
 20
12483811.68582222
 30
-0.0000000000927446
 40
187.5
  1
B17(200X400)
 50
26.92000000467278
 41
0.7
  7
ROMANS
100
AcDbText
  0
TEXT
  5
5D8
330
414
100
AcDbEntity
  8
S-BEAM-IDEN
 62
     3
100
AcDbText
 10
24808542.27972035
 20
12474622.18824064
 30
-0.000000002643219
 40
187.5
  1
B36(200X600)
 50
123.5403039009348
 41
0.7
  7
ROMANS
100
AcDbText
  0
TEXT
  5
5D9
330
414
100
AcDbEntity
  8
S-BEAM-IDEN
 62
     3
100
AcDbText
 10
24812258.05784109
 20
12470554.60342803
 30
-0.0000000013216095
 40
187.5
  1
B30(200X750)
 50
89.48057514101027
 41
0.7
  7
ROMANS
100
AcDbText
  0
TEXT
  5
5DA
330
414
100
AcDbEntity
  8
S-BEAM-IDEN
 62
     3
100
AcDbText
 10
24810298.15068762
 20
12469700.58508693
 30
0.0
 40
187.5
  1
B31(200X750)
 50
4.575840013592714
 41
0.7
  7
ROMANS
100
AcDbText
  0
TEXT
  5
5DB
330
414
100
AcDbEntity
  8
S-BEAM-IDEN
 62
     3
100
AcDbText
 10
24808825.93693252
 20
12468433.3564031
 30
-0.0000000013216095
 40
187.5
  1
B28(200X750)
 50
58.62087889160524
 41
0.7
  7
ROMANS
100
AcDbText
  0
TEXT
  5
5DC
330
414
100
AcDbEntity
  8
S-BEAM-IDEN
 62
     3
100
AcDbText
 10
24811452.21462588
 20
12486215.49594279
 30
-0.0000000150090298
 40
187.5
  1
B10(600X750)
 50
26.92000000467278
 41
0.7
  7
ROMANS
100
AcDbText
  0
TEXT
  5
5DD
330
414
100
AcDbEntity
  8
S-BEAM-IDEN
 62
     3
100
AcDbText
 10
24817047.47192289
 20
12474854.28470109
 30
0.0000000028576144
 40
187.5
  1
B21(600X750)
 50
26.92000000467278
 41
0.7
  7
ROMANS
100
AcDbText
  0
TEXT
  5
5DE
330
414
100
AcDbEntity
  8
S-BEAM-IDEN
 62
     3
100
AcDbText
 10
24811478.19853481
 20
12501874.23907669
 30
-0.0000000014143541
 40
187.5
  1
B1(200X750)-INV
 50
26.92000000467278
 41
0.7
  7
ROMANS
100
AcDbText
  0
TEXT
  5
5DF
330
414
100
AcDbEntity
  8
S-BEAM-IDEN
 62
     3
100
AcDbText
 10
24820635.62094588
 20
12493692.85519414
 30
-0.0000000014143541
 40
187.5
  1
B59(200X750)-INV
 50
116.918106240589
 41
0.7
  7
ROMANS
100
AcDbText
  0
TEXT
  5
5E0
330
414
100
AcDbEntity
  8
S-BEAM-IDEN
 62
     3
100
AcDbText
 10
24823046.45728559
 20
12471234.77781922
 30
-0.000000001414354
 40
187.5
  1
B26(200X750)-INV
 50
9.965410608842493
 41
0.7
  7
ROMANS
100
AcDbText
  0
TEXT
  5
5E1
330
414
100
AcDbEntity
  8
S-BEAM-IDEN
 62
     3
100
AcDbText
 10
24826950.9698867
 20
12472054.30110385
 30
0.0
 40
187.5
  1
B27(200X750)-INV
 50
9.965410608842493
 41
0.7
  7
ROMANS
100
AcDbText
  0
TEXT
  5
5E2
330
414
100
AcDbEntity
  8
S-BEAM-IDEN
 62
     3
100
AcDbText
 10
24820764.18724483
 20
12484544.1506838
 30
0.0000000028274918
 40
187.5
  1
B15(200~300X500)
 50
26.92000000467278
 41
0.7
  7
ROMANS
100
AcDbText
  0
TEXT
  5
5E3
330
414
100
AcDbEntity
  8
S-BEAM-IDEN
 62
     3
100
AcDbText
 10
24813232.14965792
 20
12478028.49749463
 30
0.0000000028576144
 40
187.5
  1
B18(400X750)
 50
26.92000000467278
 41
0.7
  7
ROMANS
100
AcDbText
  0
MTEXT
  5
5E4
330
414
100
AcDbEntity
  8
S-BEAM-IDEN
 62
     3
 48
20.0
100
AcDbMText
 10
24806578.10224122
 20
12490648.08886041
 30
-0.0000000013216095
 40
187.5
 41
2065.047129058493
 46
0.0
 71
     1
 72
     5
  1
{\W0.7;    B4\P(200X600)}
  7
ROMANS
 11
0.6236689836482727
 21
0.7816885561623188
 31
0.0
 73
     1
 44
1.0
  0
TEXT
  5
5E5
330
414
100
AcDbEntity
  8
S-BEAM-IDEN
 62
     3
100
AcDbText
 10
24805961.6704769
 20
12498746.62305147
 30
-0.0000000014143541
 40
187.5
  1
RC UPSTAND
 50
26.92000000467278
 41
0.7
  7
ROMANS
100
AcDbText
  0
TEXT
  5
5E6
330
414
100
AcDbEntity
  8
S-BEAM-IDEN
 62
     3
100
AcDbText
 10
24832330.36185143
 20
12481754.22720953
 30
-0.0000000014143541
 40
187.5
  1
RC UPSTAND
 50
26.92000000467278
 41
0.7
  7
ROMANS
100
AcDbText
  0
TEXT
  5
5E7
330
414
100
AcDbEntity
  8
S-BEAM-IDEN
 62
     3
100
AcDbText
 10
24812375.9325107
 20
12500394.73336665
 30
-0.0000000014143541
 40
187.5
  1
B2(300X750)
 50
26.92000000467278
 41
0.7
  7
ROMANS
100
AcDbText
  0
TEXT
  5
5E8
330
414
100
AcDbEntity
  8
S-BEAM-IDEN
 62
     3
100
AcDbText
 10
24813895.15609945
 20
12497402.64651707
 30
-0.0000000014143541
 40
187.5
  1
B3(300X750)
 50
26.92000000467278
 41
0.7
  7
ROMANS
100
AcDbText
  0
TEXT
  5
5E9
330
414
100
AcDbEntity
  8
S-BEAM-IDEN
 62
     3
100
AcDbText
 10
24816057.96513908
 20
12494353.93730683
 30
0.0000000025640323
 40
187.5
  1
B7(300X750)
 50
26.92000000467278
 41
0.7
  7
ROMANS
100
AcDbText
  0
TEXT
  5
5EA
330
414
100
AcDbEntity
  8
S-BEAM-IDEN
 62
     3
100
AcDbText
 10
24817563.27079625
 20
12491389.26160357
 30
0.0000000025640323
 40
187.5
  1
B9(300X750)
 50
26.92000000467278
 41
0.7
  7
ROMANS
100
AcDbText
  0
TEXT
  5
5EB
330
414
100
AcDbEntity
  8
S-BEAM-IDEN
 62
     3
100
AcDbText
 10
24816541.57291793
 20
12483142.44478975
 30
0.0000000026716124
 40
187.5
  1
B14(200X750)
 50
26.92000000467278
 41
0.7
  7
ROMANS
100
AcDbText
  0
TEXT
  5
5EC
330
414
100
AcDbEntity
  8
S-BEAM-IDEN
 62
     3
100
AcDbText
 10
24807044.06035272
 20
12473666.81810443
 30
-0.0000000021361175
 40
187.5
  1
B34(200X1000)
 50
123.5403039009348
 41
0.7
  7
ROMANS
100
AcDbText
  0
TEXT
  5
5ED
330
414
100
AcDbEntity
  8
S-BEAM-IDEN
 62
     3
100
AcDbText
 10
24806097.06023223
 20
12475880.41783527
 30
-0.000000002643219
 40
187.5
  1
B37(200X600)
 50
120.3621100450253
 41
0.7
  7
ROMANS
100
AcDbText
  0
TEXT
  5
5EE
330
414
100
AcDbEntity
  8
S-BEAM-IDEN
 62
     3
100
AcDbText
 10
24806539.96380454
 20
12477286.71878644
 30
0.0000000013216095
 40
187.5
  1
B38(200X600)
 50
43.97984096616364
 41
0.7
  7
ROMANS
100
AcDbText
  0
TEXT
  5
5EF
330
414
100
AcDbEntity
  8
S-BEAM-IDEN
 62
     3
100
AcDbText
 10
24808433.1122753
 20
12479711.56615151
 30
0.0000000013216095
 40
187.5
  1
B38(200X600)
 50
59.99525124743069
 41
0.7
  7
ROMANS
100
AcDbText
  0
TEXT
  5
5F0
330
414
100
AcDbEntity
  8
S-BEAM-IDEN
 62
     3
100
AcDbText
 10
24809552.10883757
 20
12482653.70349482
 30
0.0
 40
187.5
  1
B38(200X600)
 50
87.18376739463947
 41
0.7
  7
ROMANS
100
AcDbText
  0
TEXT
  5
5F1
330
414
100
AcDbEntity
  8
S-BEAM-IDEN
 62
     3
100
AcDbText
 10
24808160.58687717
 20
12488848.99381158
 30
0.0
 40
187.4999999999999
  1
B38(200X600)
 50
122.7188459338206
 41
0.7
  7
ROMANS
100
AcDbText
  0
TEXT
  5
5F2
330
414
100
AcDbEntity
  8
S-BEAM-IDEN
 62
     3
100
AcDbText
 10
24807198.84507661
 20
12476139.54632273
 30
-0.0000000000001137
 40
187.5
  1
B39(200X600)
 50
43.97984096616364
 41
0.7
  7
ROMANS
100
AcDbText
  0
TEXT
  5
5F3
330
414
100
AcDbEntity
  8
S-BEAM-IDEN
 62
     3
100
AcDbText
 10
24809591.98675299
 20
12478904.44666224
 30
0.0
 40
187.4999999999999
  1
B39(200X600)
 50
66.65711958722926
 41
0.7
  7
ROMANS
100
AcDbText
  0
TEXT
  5
5F4
330
414
100
AcDbEntity
  8
S-BEAM-IDEN
 62
     3
100
AcDbText
 10
24810933.64653194
 20
12482889.85792117
 30
0.0
 40
187.5
  1
B40(200X600)
 50
87.18376739463947
 41
0.7
  7
ROMANS
100
AcDbText
  0
TEXT
  5
5F5
330
414
100
AcDbEntity
  8
S-BEAM-IDEN
 62
     3
100
AcDbText
 10
24810613.02205329
 20
12486720.3765502
 30
0.0
 40
187.5
  1
B41(200X600)
 50
104.396893231674
 41
0.7
  7
ROMANS
100
AcDbText
  0
TEXT
  5
5F6
330
414
100
AcDbEntity
  8
S-BEAM-IDEN
 62
     3
100
AcDbText
 10
24809470.48407985
 20
12489355.13773162
 30
0.0
 40
187.4999999999999
  1
B42(200X600)
 50
122.7188459338206
 41
0.7
  7
ROMANS
100
AcDbText
  0
MTEXT
  5
5F7
330
414
100
AcDbEntity
  8
S-BEAM-IDEN
 62
     3
 48
20.0
100
AcDbMText
 10
24807730.58206893
 20
12491963.64700863
 30
-0.000000002643219
 40
187.5
 41
2065.047129058493
 46
0.0
 71
     1
 72
     5
  1
{\W0.7;    B43\P(200X600)}
  7
ROMANS
 11
-0.7816885561852168
 21
0.6236689836195733
 31
0.0
 73
     1
 44
1.0
  0
TEXT
  5
5F8
330
414
100
AcDbEntity
  8
S-BEAM-IDEN
 62
     3
100
AcDbText
 10
24813928.96953437
 20
12474582.4180007
 30
-0.0000000013216095
 40
187.5
  1
B45(200X750)
 50
106.9575913106
 41
0.7
  7
ROMANS
100
AcDbText
  0
TEXT
  5
5F9
330
414
100
AcDbEntity
  8
S-BEAM-IDEN
 62
     3
100
AcDbText
 10
24814791.93348783
 20
12479912.45233857
 30
0.0
 40
187.5
  1
B47(400X750)
 50
116.1135139159442
 41
0.7
  7
ROMANS
100
AcDbText
  0
TEXT
  5
5FA
330
414
100
AcDbEntity
  8
S-BEAM-IDEN
 62
     3
100
AcDbText
 10
24819829.2894653
 20
12473564.90963883
 30
0.0
 40
187.5
  1
B48(750X750)
 50
116.1135139159442
 41
0.7
  7
ROMANS
100
AcDbText
  0
TEXT
  5
5FB
330
414
100
AcDbEntity
  8
S-BEAM-IDEN
 62
     3
100
AcDbText
 10
24814998.05705653
 20
12483923.54868835
 30
0.0
 40
187.5
  1
B49(600X750)
 50
116.1135139159442
 41
0.7
  7
ROMANS
100
AcDbText
  0
TEXT
  5
5FC
330
414
100
AcDbEntity
  8
S-BEAM-IDEN
 62
     3
100
AcDbText
 10
24812980.00006298
 20
12490069.9517376
 30
0.0
 40
187.5
  1
B50(600X750)
 50
116.1135139159442
 41
0.7
  7
ROMANS
100
AcDbText
  0
TEXT
  5
5FD
330
414
100
AcDbEntity
  8
S-BEAM-IDEN
 62
     3
100
AcDbText
 10
24817593.17192289
 20
12480981.68786559
 30
0.0
 40
187.5
  1
B14A(200X750)
 50
26.92000000467278
 41
0.7
  7
ROMANS
100
AcDbText
  0
TEXT
  5
5FE
330
414
100
AcDbEntity
  8
S-BEAM-IDEN
 62
     3
100
AcDbText
 10
24812013.28198999
 20
12496946.11972636
 30
0.0000000111501738
 40
187.5
  1
B54(600X750)
 50
116.918106240589
 41
0.7
  7
ROMANS
100
AcDbText
  0
TEXT
  5
5FF
330
414
100
AcDbEntity
  8
S-BEAM-IDEN
 62
     3
100
AcDbText
 10
24823723.20161554
 20
12476830.34817393
 30
0.0000000016911483
 40
187.5
  1
B56(300X750)
 50
116.9200001949873
 41
0.7
  7
ROMANS
100
AcDbText
  0
TEXT
  5
600
330
414
100
AcDbEntity
  8
S-BEAM-IDEN
 62
     3
100
AcDbText
 10
24822300.48381183
 20
12479519.3592637
 30
0.0000000016911483
 40
187.5
  1
B57(300X750)
 50
116.9200001949873
 41
0.7
  7
ROMANS
100
AcDbText
  0
TEXT
  5
601
330
414
100
AcDbEntity
  8
S-BEAM-IDEN
 62
     3
100
AcDbText
 10
24823230.39944265
 20
12483347.48700298
 30
0.0
 40
187.5
  1
B58(200X400)
 50
116.9200001949873
 41
0.7
  7
ROMANS
100
AcDbText
  0
TEXT
  5
602
330
414
100
AcDbEntity
  8
S-BEAM-IDEN
 62
     3
100
AcDbText
 10
24818037.64329868
 20
12498809.53111415
 30
-0.0000000014143541
 40
187.5
  1
B60(200X750)-INV
 50
116.918106240589
 41
0.7
  7
ROMANS
100
AcDbText
  0
TEXT
  5
603
330
414
100
AcDbEntity
  8
S-BEAM-IDEN
 62
     3
100
AcDbText
 10
24828923.17801195
 20
12473203.45505035
 30
0.0000000011126001
 40
187.5
  1
CB3(300X150)
 50
56.03357341508146
 41
0.7
  7
ROMANS
100
AcDbText
  0
TEXT
  5
604
330
414
100
AcDbEntity
  8
S-BEAM-IDEN
 62
     3
100
AcDbText
 10
24814437.2735049
 20
12469048.14775854
 30
0.0
 40
187.5
  1
B63(200X600)-INV
 50
32.4607862387167
 41
0.7
  7
ROMANS
100
AcDbText
  0
TEXT
  5
605
330
414
100
AcDbEntity
  8
S-BEAM-IDEN
 62
     3
100
AcDbText
 10
24817236.25803472
 20
12481615.89519453
 30
0.0000000028274918
 40
187.5
  1
B61(200X750)
 50
86.90906242929672
 41
0.7
  7
ROMANS
100
AcDbText
  0
TEXT
  5
606
330
414
100
AcDbEntity
  8
S-BEAM-IDEN
 62
     3
100
AcDbText
 10
24806554.9353793
 20
12474713.03727225
 30
-0.0000000000001137
 40
187.5
  1
B35(150X600)
 50
29.55611702849939
 41
0.7
  7
ROMANS
100
AcDbText
  0
TEXT
  5
607
330
414
100
AcDbEntity
  8
S-BEAM-IDEN
 62
     3
100
AcDbText
 10
24806358.85555323
 20
12472943.94344279
 30
-0.0000000000001137
 40
187.5
  1
B35A(200X1000)
 50
15.79596184432338
 41
0.7
  7
ROMANS
100
AcDbText
  0
TEXT
  5
608
330
414
100
AcDbEntity
  8
S-BEAM-IDEN
 62
     3
100
AcDbText
 10
24804580.29189338
 20
12473406.34603605
 30
0.0000000013214958
 40
187.5
  1
B39A(200X600)
 50
43.97984096616364
 41
0.7
  7
ROMANS
100
AcDbText
  0
LEADER
  5
609
330
414
100
AcDbEntity
  8
Arch-Comments
 48
20.0
100
AcDbLeader
  3
A-GFC-75
 76
     2
 10
24806119.13853135
 20
12475165.10955406
 30
0.0
 10
24805676.90849384
 20
12474681.91940027
 30
0.0
1001
ACAD
1000
DSTYLE
1002
{
1070
   147
1040
0.0
1070
    77
1070
     0
1002
}
  0
DIMENSION
  5
60A
102
{ACAD_XDICTIONARY
360
60B
102
}
102
{ACAD_REACTORS
330
60C
102
}
330
414
100
AcDbEntity
  8
Dimension
 48
20.0
100
AcDbDimension
280
     0
  2
*D27
 10
24803914.80240322
 20
12477778.99717193
 30
0.0
 11
24804014.61502569
 21
12477600.05834908
 31
0.0
 70
     1
 71
     5
 42
149.9876261129975
 73
     0
 74
     0
 75
     0
  3
A-GFC-75
100
AcDbAlignedDimension
 13
24803841.73711791
 23
12477909.98477467
 33
0.0000000013216095
 14
24803914.80240321
 24
12477778.99717192
 34
0.0000000013216095
  0
DIMENSION
  5
60D
102
{ACAD_XDICTIONARY
360
60E
102
}
102
{ACAD_REACTORS
330
60F
102
}
330
414
100
AcDbEntity
  8
Dimension
 48
20.0
100
AcDbDimension
280
     0
  2
*D28
 10
24804459.66342522
 20
12476794.74195205
 30
0.0
 11
24804559.476048
 21
12476615.80312937
 31
0.0
 70
     1
 71
     5
 42
149.9902790486812
 73
     0
 74
     0
 75
     0
  3
A-GFC-75
100
AcDbAlignedDimension
 13
24804416.06571311
 23
12476942.16969503
 33
0.0000000013216095
 14
24804489.13229098
 24
12476811.17977554
 34
0.0000000013216095
  0
DIMENSION
  5
610
102
{ACAD_XDICTIONARY
360
611
102
}
102
{ACAD_REACTORS
330
612
102
}
330
414
100
AcDbEntity
  8
Dimension
 48
20.0
100
AcDbDimension
280
     0
  2
*D29
 10
24805536.4923108
 20
12474933.52500894
 30
0.0
 11
24805436.67502468
 21
12475112.46123032
 31
0.0
 70
     1
 71
     5
 42
150.0
 73
     0
 74
     0
 75
     0
  3
A-GFC-75
100
AcDbAlignedDimension
 13
24805580.1487192
 23
12474786.11787076
 33
0.0000000013216095
 14
24805507.07399188
 24
12474917.11437539
 34
0.0000000013216095
  0
DIMENSION
  5
613
102
{ACAD_XDICTIONARY
360
614
102
}
102
{ACAD_REACTORS
330
615
102
}
330
414
100
AcDbEntity
  8
Dimension
 48
20.0
100
AcDbDimension
280
     0
  2
*D30
 10
24804547.44108377
 20
12475782.89070069
 30
0.0
 11
24804368.50248226
 21
12475683.07768141
 31
0.0
 70
     1
 71
     5
 42
149.9998354129493
 73
     0
 74
     0
 75
     0
  3
A-GFC-75
100
AcDbAlignedDimension
 13
24804691.11298662
 23
12475833.24142106
 33
0.0000000013216095
 14
24804560.11488326
 24
12475760.16989761
 34
0.0000000013216095
  0
DIMENSION
  5
616
102
{ACAD_XDICTIONARY
360
617
102
}
102
{ACAD_REACTORS
330
618
102
}
330
414
100
AcDbEntity
  8
Dimension
 48
20.0
100
AcDbDimension
280
     0
  2
*D31
 10
24805172.12003755
 20
12476202.59087827
 30
0.0
 11
24804993.18115187
 21
12476102.77836844
 31
0.0
 70
     1
 71
     5
 42
149.9091077186167
 73
     0
 74
     0
 75
     0
  3
A-GFC-75
100
AcDbAlignedDimension
 13
24805333.33965635
 23
12476221.29653228
 33
-0.0000000008117142
 14
24805202.42057953
 24
12476148.26957902
 34
0.0000000013216095
  0
DIMENSION
  5
619
102
{ACAD_XDICTIONARY
360
61A
102
}
102
{ACAD_REACTORS
330
61B
102
}
330
414
100
AcDbEntity
  8
Dimension
 48
20.0
100
AcDbDimension
280
     0
  2
*D32
 10
24804464.4277957
 20
12477471.32878474
 30
0.0
 11
24804285.48638533
 21
12477371.52080119
 31
0.0
 70
     1
 71
     5
 42
149.9847639985382
 73
     0
 74
     0
 75
     0
  3
A-GFC-75
100
AcDbAlignedDimension
 13
24804595.14769406
 23
12477544.86815013
 33
0.0000000013216095
 14
24804464.16069677
 24
12477471.80765484
 34
0.0000000013216095
  0
DIMENSION
  5
61C
102
{ACAD_XDICTIONARY
360
61D
102
}
102
{ACAD_REACTORS
330
61E
102
}
330
414
100
AcDbEntity
  8
Dimension
 48
20.0
100
AcDbDimension
280
     0
  2
*D33
 10
24803446.61572051
 20
12478064.34367395
 30
0.0
 11
24803625.55155028
 21
12478164.16166208
 31
0.0
 70
     1
 71
     5
 42
150.0215628519654
 73
     0
 74
     0
 75
     0
  3
A-GFC-75
100
AcDbAlignedDimension
 13
24803315.60067154
 23
12477991.25792797
 33
0.0000000013216095
 14
24803446.61572051
 24
12478064.34367396
 34
0.0000000013216095
  0
DIMENSION
  5
61F
102
{ACAD_XDICTIONARY
360
620
102
}
102
{ACAD_REACTORS
330
621
102
}
330
414
100
AcDbEntity
  8
Dimension
 48
20.0
100
AcDbDimension
280
     0
  2
*D34
 10
24803327.7672123
 20
12478739.71828863
 30
0.0
 11
24803427.58449842
 21
12478560.78206725
 31
0.0
 70
     1
 71
     5
 42
149.9999999962747
 73
     0
 74
     0
 75
     0
  3
A-GFC-75
100
AcDbAlignedDimension
 13
24803282.67963011
 23
12478886.32706478
 33
0.0000000013216095
 14
24803355.75435742
 24
12478755.33056014
 34
0.0000000013216095
  0
POINT
  5
622
330
414
100
AcDbEntity
  8
0
 48
30.0
100
AcDbPoint
 10
24799014.74136266
 20
12451138.34479095
 30
0.0
 50
341.8549035623144
  0
POINT
  5
623
330
414
100
AcDbEntity
  8
Defpoints
 48
30.0
100
AcDbPoint
 10
24810851.12309739
 20
12471109.1864245
 30
0.0
 50
343.8117950183699
  0
ARC
  5
624
330
414
100
AcDbEntity
  8
Staircase
  6
HIDDEN
 62
     8
 48
25.0
100
AcDbCircle
 10
24810851.10386514
 20
12471109.04841833
 30
0.0
 40
3583.029091278895
100
AcDbArc
 50
238.2959273268954
 51
30.42281475426558
  0
LEADER
  5
625
330
414
100
AcDbEntity
  8
0
 48
30.0
100
AcDbLeader
  3
A-GFC-100
 76
     2
 10
24809815.6967648
 20
12468483.8206084
 30
0.0
 10
24809250.40009794
 20
12468751.80584557
 30
0.0
211
0.9781483596376162
221
-0.2079081204240004
231
0.0
1001
ACAD
1000
DSTYLE
1002
{
1070
   176
1070
     6
1070
   341
1005
2F1
1070
   147
1040
0.0
1070
    77
1070
     0
1070
    49
1040
0.18
1070
    90
1070
     1
1070
   290
1070
     1
1002
}
  0
TEXT
  5
626
330
414
100
AcDbEntity
  8
S-BEAM-IDEN
 62
     3
100
AcDbText
 10
24810689.11282505
 20
12470289.0903108
 30
-0.0000000013216095
 40
187.5
  1
B29(200X750)
 50
58.37552953698789
 41
0.7
  7
ROMANS
100
AcDbText
  0
TEXT
  5
627
330
414
100
AcDbEntity
  8
S-BEAM-IDEN
 62
     3
100
AcDbText
 10
24812144.12900816
 20
12472747.35784145
 30
-0.0000000013216095
 40
187.5
  1
B29A(200X750)
 50
58.37552953698789
 41
0.7
  7
ROMANS
100
AcDbText
  0
ARC
  5
628
330
414
100
AcDbEntity
  8
STR-BEAM
  6
HIDDEN
 48
30.0
100
AcDbCircle
 10
24810851.05021981
 20
12471107.97489455
 30
0.0
 40
3583.887976616761
100
AcDbArc
 50
61.4970242749813
 51
117.0042115568459
  0
TEXT
  5
629
330
414
100
AcDbEntity
  8
S-BEAM-IDEN
 62
     3
100
AcDbText
 10
24815233.88924602
 20
12470660.65691947
 30
-0.000000003351534
 40
187.5
  1
B48A(200X1250)-INV
 50
101.2948428379596
 41
0.7
  7
ROMANS
100
AcDbText
  0
MTEXT
  5
62A
330
414
100
AcDbEntity
  8
S-BEAM-IDEN
 62
     3
 48
20.0
100
AcDbMText
 10
24817543.6065077
 20
12482252.3381799
 30
0.0000000028274918
 40
187.5
 41
1601.143728078715
 46
0.0
 71
     1
 72
     5
  1
{\W0.7;    B16\P(200X750)}
  7
ROMANS
 11
0.8916395457335296
 21
0.4527459778773358
 31
0.0
 73
     1
 44
1.0
  0
LINE
  5
62B
330
414
100
AcDbEntity
  8
STR-BEAM
  6
HIDDEN
 48
30.0
100
AcDbLine
 10
24813322.80241769
 20
12475648.40296425
 30
0.0
 11
24813867.78559311
 21
12475831.85160224
 31
0.0
  0
LINE
  5
62C
330
414
100
AcDbEntity
  8
STR-BEAM
  6
HIDDEN
 48
30.0
100
AcDbLine
 10
24813733.50256126
 20
12477641.32654411
 30
0.0
 11
24814150.71066356
 21
12476401.89844638
 31
0.0
  0
LINE
  5
62D
330
414
100
AcDbEntity
  8
STR-BEAM
  6
HIDDEN
 48
30.0
100
AcDbLine
 10
24814294.27155041
 20
12475975.4124891
 30
0.0
 11
24814700.27865959
 21
12474769.25993306
 31
0.0
  0
LINE
  5
62E
330
414
100
AcDbEntity
  8
STR-BEAM
  6
HIDDEN
 48
30.0
100
AcDbLine
 10
24814294.2715504
 20
12475975.4124891
 30
0.0
 11
24815788.42868463
 21
12476478.3657977
 31
0.0
  0
LINE
  5
62F
330
414
100
AcDbEntity
  8
STR-BEAM
  6
HIDDEN
 48
30.0
100
AcDbLine
 10
24813867.78559312
 20
12475831.85160224
 30
0.0
 11
24814294.7746906
 21
12474563.366446
 31
0.0
  0
LEADER
  5
630
330
414
100
AcDbEntity
  8
Elevation-1
 48
20.0
100
AcDbLeader
  3
S-75
 76
     3
 10
24815386.33127227
 20
12476670.03695966
 30
0.0
 10
24815936.41981482
 20
12477999.8880406
 30
0.0
 10
24816330.00314933
 20
12478112.26394337
 30
0.0
1001
ACAD
1000
DSTYLE
1002
{
1070
    41
1040
2.0
1070
    77
1070
     0
1070
   341
1005
367
1002
}
  0
TEXT
  5
631
330
414
100
AcDbEntity
  8
S-BEAM-IDEN
 62
     3
100
AcDbText
 10
24815687.42389763
 20
12477954.8526509
 30
0.0000000028576144
 40
187.5
  1
CB1(450X200)
 50
26.92000000467278
 41
0.7
  7
ROMANS
100
AcDbText
  0
DIMENSION
  5
632
102
{ACAD_XDICTIONARY
360
633
102
}
102
{ACAD_REACTORS
330
634
102
}
330
414
100
AcDbEntity
  8
S- Structural
 48
20.0
100
AcDbDimension
280
     0
  2
*D35
 10
24831044.97098727
 20
12483396.17606841
 30
0.0
 11
24831227.66435416
 21
12483488.93810603
 31
0.0
 70
     1
 71
     5
 42
149.9999999962747
 73
     0
 74
     0
 75
     0
  3
A-GFC-75
100
AcDbAlignedDimension
 13
24831098.46855235
 23
12482959.49106407
 33
0.0
 14
24831232.21560647
 24
12483027.40075054
 34
0.0
  0
DIMENSION
  5
635
102
{ACAD_XDICTIONARY
360
636
102
}
102
{ACAD_REACTORS
330
637
102
}
330
414
100
AcDbEntity
  8
S- Structural
 48
20.0
100
AcDbDimension
280
     0
  2
*D36
 10
24830485.70685565
 20
12479396.00677688
 30
0.0
 11
24830578.46889265
 21
12479213.31340967
 31
0.0
 70
     1
 71
     5
 42
150.0000000018626
 73
     0
 74
     0
 75
     0
  3
A-GFC-75
100
AcDbAlignedDimension
 13
24830476.82775585
 23
12479559.7264433
 33
0.0
 14
24830544.73744187
 24
12479425.97938896
 34
0.0
  0
DIMENSION
  5
638
102
{ACAD_XDICTIONARY
360
639
102
}
102
{ACAD_REACTORS
330
63A
102
}
330
414
100
AcDbEntity
  8
S- Structural
 48
20.0
100
AcDbDimension
280
     0
  2
*D37
 10
24826674.17330058
 20
12483965.42402796
 30
0.0
 11
24826581.41126358
 21
12484148.11739517
 31
0.0
 70
     1
 71
     5
 42
150.0000000018626
 73
     0
 74
     0
 75
     0
  3
A-GFC-75
100
AcDbAlignedDimension
 13
24826822.41521101
 23
12483872.46543183
 33
0.0
 14
24826754.50552499
 24
12484006.21248617
 34
0.0
  0
LINE
  5
63B
330
414
100
AcDbEntity
  8
STR-BEAM
  6
HIDDEN
 48
30.0
100
AcDbLine
 10
24818605.14601473
 20
12476751.94522773
 30
0.0000000000543635
 11
24817246.90999671
 21
12479426.96960076
 31
0.0
  0
LINE
  5
63C
330
414
100
AcDbEntity
  8
STR-BEAM
  6
HIDDEN
 48
30.0
100
AcDbLine
 10
24821281.41150477
 20
12471481.08263858
 30
0.0
 11
24818876.78476029
 21
12476216.95701113
 31
-0.0000000000000003
  0
LINE
  5
63D
330
414
100
AcDbEntity
  8
STR-BEAM
 48
30.0
100
AcDbLine
 10
24807246.66825389
 20
12491659.60169495
 30
-0.0000000013216095
 11
24807496.31012948
 21
12491445.75991766
 31
0.0000000013214958
  0
LINE
  5
63E
330
414
100
AcDbEntity
  8
STR-BEAM
 48
30.0
100
AcDbLine
 10
24807496.31012948
 20
12491445.75991766
 30
0.0000000013214958
 11
24807692.95596723
 21
12491663.24435608
 31
0.0000000013216167
  0
LINE
  5
63F
330
414
100
AcDbEntity
  8
STR-BEAM
 48
30.0
100
AcDbLine
 10
24807149.08558514
 20
12491545.6823254
 30
-0.0000000013216095
 11
24807509.63268173
 21
12491236.83978147
 31
0.0000000021345033
  0
LINE
  5
640
330
414
100
AcDbEntity
  8
STR-BEAM
 48
30.0
100
AcDbLine
 10
24807509.63268173
 20
12491236.83978147
 30
0.0000000013214356
 11
24807803.55230366
 21
12491561.90612739
 31
0.0000000013216163
  0
LWPOLYLINE
  5
641
330
414
100
AcDbEntity
  8
STR-BEAM
  6
HIDDEN
 48
30.0
100
AcDbPolyline
 90
        2
 70
     0
 43
0.0
 38
-0.0000000013216095
 10
24807153.32069371
 20
12491542.05455605
 10
24806474.29633658
 20
12490686.99878091
  0
LINE
  5
642
330
414
100
AcDbEntity
  8
0
  6
HIDDEN
 62
     1
 48
50.0
100
AcDbLine
 10
24807432.32807107
 20
12491893.39227584
 30
-0.0000000013216095
 11
24807496.31012948
 21
12491445.75991766
 31
0.0000000013214958
  0
LINE
  5
643
330
414
100
AcDbEntity
  8
0
  6
HIDDEN
 62
     1
 48
50.0
100
AcDbLine
 10
24807246.66825389
 20
12491659.60169495
 30
-0.0000000013216095
 11
24807692.95596723
 21
12491663.24435608
 31
0.0000000013216167
  0
LINE
  5
644
330
414
100
AcDbEntity
  8
STR-BEAM
 48
30.0
100
AcDbLine
 10
24806220.18832292
 20
12475727.05162681
 30
0.0000000013214958
 11
24806379.20659134
 21
12475475.07668993
 31
0.0000000013216095
  0
LINE
  5
645
330
414
100
AcDbEntity
  8
STR-BEAM
  6
HIDDEN
 48
30.0
100
AcDbLine
 10
24806268.25274928
 20
12475931.94928009
 30
0.0000000013214425
 11
24806506.05805687
 21
12475555.13108203
 31
0.0000000013216095
  0
LWPOLYLINE
  5
646
330
414
100
AcDbEntity
  8
STR-BEAM
 48
30.0
100
AcDbPolyline
 90
        3
 70
     0
 43
0.0
 38
0.0000000005426296
 10
24806220.18832292
 20
12475727.05162681
 10
24805934.9749811
 20
12475553.3578862
 10
24806082.85639059
 20
12475288.27833399
  0
LINE
  5
647
330
414
100
AcDbEntity
  8
STR-CUTOUT
  6
HIDDEN
 62
     1
 48
15.0
100
AcDbLine
 10
24805934.9749811
 20
12475553.3578862
 30
0.0000000005426296
 11
24806379.20659134
 21
12475475.07668993
 31
0.0000000013214958
  0
LINE
  5
648
330
414
100
AcDbEntity
  8
STR-CUTOUT
  6
HIDDEN
 62
     1
 48
15.0
100
AcDbLine
 10
24806220.18832292
 20
12475727.05162681
 30
0.0000000005426296
 11
24806082.85643624
 21
12475288.27836106
 31
0.000000002100478
  0
LINE
  5
649
330
414
100
AcDbEntity
  8
STR-BEAM
 48
30.0
100
AcDbLine
 10
24817817.34646903
 20
12484819.48192996
 30
0.0
 11
24818564.35310235
 21
12483348.26417072
 31
0.0
  0
LINE
  5
64A
330
414
100
AcDbEntity
  8
STR-BEAM
 48
30.0
100
AcDbLine
 10
24819118.96378618
 20
12482255.96719355
 30
0.0
 11
24818700.17247513
 21
12483080.77006242
 31
0.0
  0
LINE
  5
64B
330
414
100
AcDbEntity
  8
STR-BEAM
 48
30.0
100
AcDbLine
 10
24819696.16445492
 20
12481119.17959808
 30
0.0
 11
24819209.51003469
 21
12482077.63778802
 31
0.0
  0
MTEXT
  5
64C
330
414
100
AcDbEntity
  8
G-ANNO-SYMB
 62
     1
100
AcDbMText
 10
24803996.57297275
 20
12491010.99479378
 30
-0.0000128891370142
 40
250.0
 41
333.0937499999996
 46
0.0
 71
     2
 72
     1
  1
07B
  7
Swis721 LtCn BT_B
 11
0.8093322233589764
 21
-0.5873511319754274
 31
-0.0000000000002748
 73
     2
 44
0.9642671421142559
1001
REVIT
1002
{
1070
     1
1000
912768
1002
}
1002
{
1070
     5
1000
31117
1002
}
1002
{
1070
     2
1000
-2000200
1002
}
  0
INSERT
  5
64D
330
414
100
AcDbEntity
  8
Elevation-1
 48
20.0
100
AcDbBlockReference
  2
A$Ce47450c8
 10
24803449.6882348
 20
12490951.95613007
 30
0.0000012770452178
 50
319.9055597503892
  0
MTEXT
  5
64E
330
414
100
AcDbEntity
  8
G-ANNO-SYMB
 62
     1
100
AcDbMText
 10
24806350.21727426
 20
12489170.34294996
 30
-0.0000128891370142
 40
249.9999999999999
 41
333.0937499999995
 46
0.0
 71
     2
 72
     1
  1
07B
  7
Swis721 LtCn BT_B
 11
0.7650941016660282
 21
-0.6439184852105532
 31
0.0000000000002748
 73
     2
 44
0.9642671421142559
1001
REVIT
1002
{
1070
     1
1000
912768
1002
}
1002
{
1070
     5
1000
31117
1002
}
1002
{
1070
     2
1000
-2000200
1002
}
  0
INSERT
  5
64F
330
414
100
AcDbEntity
  8
Elevation-1
 48
20.0
100
AcDbBlockReference
  2
A$Ce47450c8
 10
24806424.72307733
 20
12488625.34995393
 30
0.0000012770452178
 41
-1.0
 50
324.0405437443899
  0
LINE
  5
650
330
414
100
AcDbEntity
  8
STR-BEAM
  6
HIDDEN
 48
30.0
100
AcDbLine
 10
24816182.8468589
 20
12474849.11770288
 30
0.0
 11
24817536.62033492
 21
12470827.37202039
 31
0.0
  0
LINE
  5
651
330
414
100
AcDbEntity
  8
STR-BEAM
  6
HIDDEN
 48
30.0
100
AcDbLine
 10
24815898.52288737
 20
12474753.41044498
 30
0.0
 11
24817252.29636339
 21
12470731.66476248
 31
0.0
  0
TEXT
  5
652
330
414
100
AcDbEntity
  8
STR-BEAM
  6
HIDDEN
 62
     3
 48
30.0
100
AcDbText
 10
24816651.90419946
 20
12472153.73753908
 30
-0.0000000013216095
 40
187.5
  1
CB2(300X200)
 50
106.9575913106
 41
0.7
  7
ROMANS
100
AcDbText
  0
TEXT
  5
653
330
414
100
AcDbEntity
  8
S-BEAM-IDEN
 62
     3
100
AcDbText
 10
24809582.58662501
 20
12470365.28351839
 30
-0.0000000013216095
 40
187.5
  1
B31A(200X750)
 50
146.7434689678742
 41
0.7
  7
ROMANS
100
AcDbText
  0
LINE
  5
654
330
414
100
AcDbEntity
  8
STR-BEAM
 48
30.0
100
AcDbLine
 10
24823914.92484604
 20
12485952.84975444
 30
0.0
 11
24818609.62622662
 21
12483259.09946796
 31
0.0
  0
LINE
  5
655
330
414
100
AcDbEntity
  8
STR-BEAM
 48
30.0
100
AcDbLine
 10
24818564.35310235
 20
12483348.26417072
 30
0.0
 11
24818609.62622662
 21
12483259.09946796
 31
0.0
  0
LEADER
  5
656
330
414
100
AcDbEntity
  8
Elevation-1
 48
20.0
100
AcDbLeader
  3
S-75
 76
     3
 10
24806368.96734613
 20
12475631.69017645
 30
0.000000001321526
 10
24806178.56208876
 20
12476174.00116197
 30
0.000000001321526
 10
24806560.0583686
 20
12476355.05510413
 30
0.000000001321526
1001
ACAD
1000
DSTYLE
1002
{
1070
   147
1040
0.5
1070
    77
1070
     0
1002
}
  0
LEADER
  5
657
330
414
100
AcDbEntity
  8
Elevation-1
 48
20.0
100
AcDbLeader
  3
S-75
 76
     2
 10
24806084.10469867
 20
12475716.70580182
 30
0.000000001321526
 10
24806178.56208877
 20
12476174.00116197
 30
0.000000001321526
1001
ACAD
1000
DSTYLE
1002
{
1070
   147
1040
0.5
1070
    77
1070
     0
1002
}
  0
TEXT
  5
658
330
414
100
AcDbEntity
  8
S-BEAM-IDEN
 62
     3
100
AcDbText
 10
24806159.76323428
 20
12476202.13972078
 30
0.000000002434126
 40
187.5
  1
BR1(150X600)
 50
27.01798403124788
 41
0.7
  7
ROMANS
100
AcDbText
  0
LEADER
  5
659
330
414
100
AcDbEntity
  8
Elevation-1
 48
20.0
100
AcDbLeader
  3
S-75
 76
     3
 10
24807332.84032283
 20
12491487.3644391
 30
0.000000001321526
 10
24807606.32052184
 20
12490293.0166786
 30
0.000000001321526
 10
24808009.93084318
 20
12490401.91407073
 30
0.000000001321526
1001
ACAD
1000
DSTYLE
1002
{
1070
   147
1040
0.5
1070
    77
1070
     0
1002
}
  0
LEADER
  5
65A
330
414
100
AcDbEntity
  8
Elevation-1
 48
20.0
100
AcDbLeader
  3
S-75
 76
     2
 10
24807553.00269713
 20
12491431.19196477
 30
0.000000001321526
 10
24807606.32052184
 20
12490293.01667859
 30
0.000000001321526
1001
ACAD
1000
DSTYLE
1002
{
1070
   147
1040
0.5
1070
    77
1070
     0
1002
}
  0
TEXT
  5
65B
330
414
100
AcDbEntity
  8
S-BEAM-IDEN
 62
     3
100
AcDbText
 10
24807627.67052013
 20
12490289.11551865
 30
0.000000002434126
 40
187.5
  1
BR2(150X600)
 50
27.01798403124788
 41
0.7
  7
ROMANS
100
AcDbText
  0
LWPOLYLINE
  5
65C
330
414
100
AcDbEntity
  8
STR-BEAM
  6
HIDDEN
 48
30.0
100
AcDbPolyline
 90
        2
 70
     0
 43
0.0
 10
24829305.61499401
 20
12472940.04968663
 10
24829952.89267972
 20
12474061.16752487
  0
LWPOLYLINE
  5
65D
330
414
100
AcDbEntity
  8
STR-BEAM
  6
HIDDEN
 48
30.0
100
AcDbPolyline
 90
        2
 70
     0
 43
0.0
 10
24828919.06416982
 20
12472870.52401942
 10
24829790.79776524
 20
12474380.41089734
  0
ARC
  5
65E
330
414
100
AcDbEntity
  8
STR-BEAM
  6
HIDDEN
 48
30.0
100
AcDbCircle
 10
24810847.48716833
 20
12471097.08185682
 30
0.0
 40
1671.27906886964
100
AcDbArc
 50
245.0349991185179
 51
301.9854609661991
  0
LINE
  5
65F
330
414
100
AcDbEntity
  8
STR-BEAM
  6
HIDDEN
 48
30.0
100
AcDbLine
 10
24809805.60362971
 20
12469796.55295906
 30
0.0
 11
24807289.06565715
 21
12471517.66519153
 31
0.0
  0
LINE
  5
660
330
414
100
AcDbEntity
  8
STR-BEAM
  6
HIDDEN
 48
30.0
100
AcDbLine
 10
24809675.41350239
 20
12469643.2914201
 30
0.0
 11
24807269.05419821
 21
12471289.05018842
 31
0.0
  0
ARC
  5
661
330
414
100
AcDbEntity
  8
STR-BEAM
  6
HIDDEN
 48
30.0
100
AcDbCircle
 10
24810860.19236365
 20
12471112.93701604
 30
0.0
 40
1673.916406551679
100
AcDbArc
 50
333.0016984445481
 51
18.02746775246492
  0
ENDBLK
  5
662
330
414
100
AcDbEntity
  8
0
 62
     1
 48
20.0
100
AcDbBlockEnd
  0
BLOCK
  5
665
330
663
100
AcDbEntity
  8
0
100
AcDbBlockBegin
  2
FF-PENDENT SPK
 70
     0
 10
0.0
 20
0.0
 30
0.0
  3
FF-PENDENT SPK
  1

  0
ELLIPSE
  5
666
330
663
100
AcDbEntity
  8
FF-PENDENT SPRINKLER 68DEG
100
AcDbEllipse
 10
0.0
 20
0.0
 30
0.0
 11
-0.0000000000093398
 21
124.9999903832727
 31
0.0
210
0.0
220
0.0
230
1.0
 40
0.9999999998271766
 41
0.0021804787564905
 42
6.285365785936076
1001
AcDbBlockRepETag
1070
     1
1071
        0
1005
666
  0
ELLIPSE
  5
667
330
663
100
AcDbEntity
  8
FF-PENDENT SPRINKLER 68DEG
100
AcDbEllipse
 10
0.0
 20
0.0
 30
0.0
 11
8.357737417794588
 21
42.94427122144804
 31
0.0
210
0.0
220
0.0
230
1.0
 40
0.999999999828613
 41
-0.0027735686916386
 42
6.280411738487947
1001
AcDbBlockRepETag
1070
     1
1071
        1
1005
667
  0
HATCH
  5
668
330
663
100
AcDbEntity
  8
FF-PENDENT SPRINKLER 68DEG
100
AcDbHatch
 10
0.0
 20
0.0
 30
0.0
210
0.0
220
0.0
230
1.0
  2
SOLID
 70
     1
 71
     0
 91
        1
 92
        5
 93
        2
 72
     3
 10
0.0
 20
0.0
 11
8.243202929090708
 21
42.96640328158669
 40
0.9999999998286057
 50
-0.3116849919543572
 51
179.6883150080456
 73
     1
 72
     3
 10
0.0
 20
0.0
 11
8.243202929090708
 21
42.96640328158669
 40
0.9999999998286057
 50
179.6883150080456
 51
359.6883150080456
 73
     1
 97
        0
 75
     0
 76
     1
 47
7.161139590736959
 98
        1
 10
-1685666.763075228
 20
390128.0159619248
450
        0
451
        0
460
0.0
461
0.0
452
        0
462
0.0
453
        0
470

1001
AcDbBlockRepETag
1070
     1
1071
        2
1005
668
  0
ENDBLK
  5
669
330
663
100
AcDbEntity
  8
0
100
AcDbBlockEnd
  0
BLOCK
  5
66B
330
66A
100
AcDbEntity
  8
0
 48
20.0
100
AcDbBlockBegin
  2
*D10
 70
     1
 10
0.0
 20
0.0
 30
0.0
  3
*D10
  1

  0
LINE
  5
66C
330
66A
100
AcDbEntity
  8
Grids
  6
HIDDEN
 62
     8
440
 16777216
 48
75.0
370
     9
100
AcDbLine
 10
27889.28233548254
 20
33524.5708877109
 30
0.0
 11
28441.05031970606
 21
33804.72951355021
 31
0.0
  0
LINE
  5
66D
330
66A
100
AcDbEntity
  8
Grids
  6
HIDDEN
 62
     8
440
 16777216
 48
75.0
370
     9
100
AcDbLine
 10
31237.72554070503
 20
28075.84028516896
 30
0.0
 11
31326.89024340849
 21
28121.11340955643
 31
0.0
  0
LINE
  5
66E
330
66A
100
AcDbEntity
  8
Grids
  6
CONTINOUS
 62
     8
440
 16777216
 48
75.0
100
AcDbLine
 10
28306.61249261513
 20
33848.62109186621
 30
0.0
 11
29683.84627740486
 21
31136.18092707959
 31
0.0
  0
LINE
  5
66F
330
66A
100
AcDbEntity
  8
Grids
  6
CONTINOUS
 62
     8
440
 16777216
 48
75.0
100
AcDbLine
 10
31282.99866509249
 20
27986.6755824655
 30
0.0
 11
29905.76488030276
 21
30699.11574725211
 31
0.0
  0
INSERT
  5
670
330
66A
100
AcDbEntity
  8
Grids
  6
CONTINOUS
 62
     8
440
 16777216
 48
75.0
100
AcDbBlockReference
  2
_ArchTick
 10
28351.8856170026
 20
33759.45638916274
 30
0.0
 41
100.0
 42
100.0
 43
100.0
 50
116.9190532177886
  0
INSERT
  5
671
330
66A
100
AcDbEntity
  8
Grids
  6
CONTINOUS
 62
     8
440
 16777216
 48
75.0
100
AcDbBlockReference
  2
_ArchTick
 10
31237.72554070503
 20
28075.84028516896
 30
0.0
 41
100.0
 42
100.0
 43
100.0
 50
296.9190532177886
  0
MTEXT
  5
672
330
66A
100
AcDbEntity
  8
Grids
  6
CONTINOUS
 62
     6
440
 16777216
 48
75.0
100
AcDbMText
 10
29794.80557885381
 20
30917.64833716585
 30
0.0
 40
200.0
 41
0.0
 46
0.0
 71
     5
 72
     1
  1
\A1;6374
  7
Dim.s & Anno.(Misc.)
 11
0.4527312438746561
 21
-0.8916470270346369
 31
0.0
 73
     1
 44
1.0
  0
POINT
  5
673
330
66A
100
AcDbEntity
  8
Defpoints
  6
CONTINOUS
 62
     0
440
 16777216
 48
75.0
100
AcDbPoint
 10
27889.28233548254
 20
33524.5708877109
 30
0.0
  0
POINT
  5
674
330
66A
100
AcDbEntity
  8
Defpoints
  6
CONTINOUS
 62
     0
440
 16777216
 48
75.0
100
AcDbPoint
 10
31237.72554070503
 20
28075.84028516896
 30
0.0
  0
POINT
  5
675
330
66A
100
AcDbEntity
  8
Defpoints
  6
CONTINOUS
 62
     0
440
 16777216
 48
75.0
100
AcDbPoint
 10
31237.72554070503
 20
28075.84028516896
 30
0.0
  0
ENDBLK
  5
676
330
66A
100
AcDbEntity
  8
0
 48
20.0
100
AcDbBlockEnd
  0
BLOCK
  5
678
330
677
100
AcDbEntity
  8
0
 48
20.0
100
AcDbBlockBegin
  2
*D11
 70
     1
 10
0.0
 20
0.0
 30
0.0
  3
*D11
  1

  0
LINE
  5
679
330
677
100
AcDbEntity
  8
Grids
  6
HIDDEN
 62
     8
440
 16777216
 48
75.0
370
     9
100
AcDbLine
 10
31237.72554070503
 20
28075.84028516896
 30
0.0
 11
31148.5608309407
 21
28030.56715719636
 31
0.0
  0
LINE
  5
67A
330
677
100
AcDbEntity
  8
Grids
  6
HIDDEN
 62
     8
440
 16777216
 48
75.0
370
     9
100
AcDbLine
 10
31557.6114364937
 20
21924.30356630869
 30
0.0
 11
33875.68644751699
 21
23101.29956507914
 31
0.0
  0
LINE
  5
67B
330
677
100
AcDbEntity
  8
Grids
  6
CONTINOUS
 62
     8
440
 16777216
 48
75.0
100
AcDbLine
 10
31192.45240925669
 20
28165.00498428729
 30
0.0
 11
32401.38051231653
 21
25784.04019871935
 31
0.0
  0
LINE
  5
67C
330
677
100
AcDbEntity
  8
Grids
  6
CONTINOUS
 62
     8
440
 16777216
 48
75.0
100
AcDbLine
 10
33831.794869201
 20
22966.86173798821
 30
0.0
 11
32622.86676614116
 21
25347.82652355616
 31
0.0
  0
INSERT
  5
67D
330
677
100
AcDbEntity
  8
Grids
  6
CONTINOUS
 62
     8
440
 16777216
 48
75.0
100
AcDbBlockReference
  2
_ArchTick
 10
31237.72553364416
 20
28075.84028158383
 30
0.0
 41
100.0
 42
100.0
 43
100.0
 50
116.9190532177886
  0
INSERT
  5
67E
330
677
100
AcDbEntity
  8
Grids
  6
CONTINOUS
 62
     8
440
 16777216
 48
75.0
100
AcDbBlockReference
  2
_ArchTick
 10
33786.52174481353
 20
23056.02644069168
 30
0.0
 41
100.0
 42
100.0
 43
100.0
 50
296.9190532177886
  0
MTEXT
  5
67F
330
677
100
AcDbEntity
  8
Grids
  6
CONTINOUS
 62
     6
440
 16777216
 48
75.0
100
AcDbMText
 10
32512.12363922885
 20
25565.93336113775
 30
0.0
 40
200.0
 41
0.0
 46
0.0
 71
     5
 72
     1
  1
\A1;5630
  7
Dim.s & Anno.(Misc.)
 11
0.4527312438746561
 21
-0.8916470270346369
 31
0.0
 73
     1
 44
1.0
  0
POINT
  5
680
330
677
100
AcDbEntity
  8
Defpoints
  6
CONTINOUS
 62
     0
440
 16777216
 48
75.0
100
AcDbPoint
 10
31237.72554070503
 20
28075.84028516896
 30
0.0
  0
POINT
  5
681
330
677
100
AcDbEntity
  8
Defpoints
  6
CONTINOUS
 62
     0
440
 16777216
 48
75.0
100
AcDbPoint
 10
31557.6114364937
 20
21924.30356630869
 30
0.0
  0
POINT
  5
682
330
677
100
AcDbEntity
  8
Defpoints
  6
CONTINOUS
 62
     0
440
 16777216
 48
75.0
100
AcDbPoint
 10
33786.52174481353
 20
23056.02644069168
 30
0.0
  0
ENDBLK
  5
683
330
677
100
AcDbEntity
  8
0
 48
20.0
100
AcDbBlockEnd
  0
BLOCK
  5
687
330
684
100
AcDbEntity
  8
0
 62
    40
420
 16308017
 48
20.0
100
AcDbBlockBegin
  2
New_sprinkler pipes
 70
     0
 10
0.0
 20
0.0
 30
0.0
  3
New_sprinkler pipes
  1

  0
LWPOLYLINE
  5
688
330
684
100
AcDbEntity
  8
FIRE-25 DIA
100
AcDbPolyline
 90
        2
 70
     0
 43
0.0
 10
8077.890307992696
 20
19197.14858997427
 10
8625.758062634616
 20
19475.32688432932
  0
LWPOLYLINE
  5
689
330
684
100
AcDbEntity
  8
FIRE
100
AcDbPolyline
 90
        4
 70
     1
 43
0.0
 10
2703.547046482563
 20
-234.4326814170927
 10
2733.87605766207
 20
-432.117186140269
 10
2536.325550809503
 20
-462.9640076905489
 10
2505.996539629996
 20
-265.2795029748231
  0
LINE
  5
68A
330
684
100
AcDbEntity
  8
FIRE
100
AcDbLine
 10
2703.547046482563
 20
-234.4326814170927
 30
-0.0000000000004781
 11
2536.097744829953
 21
-461.4791682735085
 31
0.0000000000002326
  0
LINE
  5
68B
330
684
100
AcDbEntity
  8
FIRE
100
AcDbLine
 10
2733.769743859768
 20
-432.0639028754085
 30
-0.0000000000006852
 11
2506.073421407491
 21
-265.7806184198707
 31
0.0000000000004382
  0
INSERT
  5
68C
330
684
100
AcDbEntity
  8
FF-PENDENT SPRINKLER 68DEG
100
AcDbBlockReference
  2
FF-PENDENT SPK
 10
3143.537631131709
 20
-5009.507019953802
 30
0.0
 41
0.762
 42
0.762
 43
0.762
 50
89.39261031844388
  0
INSERT
  5
68D
330
684
100
AcDbEntity
  8
FF-PENDENT SPRINKLER 68DEG
100
AcDbBlockReference
  2
FF-PENDENT SPK
 10
7879.900038413703
 20
24216.96284539252
 30
0.0
 41
0.762
 42
0.762
 43
0.762
  0
LWPOLYLINE
  5
68E
330
684
100
AcDbEntity
  8
FIRE
100
AcDbPolyline
 90
        4
 70
     1
 43
0.0
 10
692.3765230812132
 20
-1154.989186232909
 10
836.6057766936719
 20
-1293.542189557105
 10
698.4738873913884
 20
-1438.101209739223
 10
554.2446337863802
 20
-1299.548206418753
  0
LINE
  5
68F
330
684
100
AcDbEntity
  8
FIRE
100
AcDbLine
 10
692.3765230812132
 20
-1154.989186232909
 30
0.0
 11
697.390558771789
 21
-1437.060516333207
 31
0.0
  0
LINE
  5
690
330
684
100
AcDbEntity
  8
FIRE
100
AcDbLine
 10
836.4889671988786
 20
-1293.564489169046
 30
0.0
 11
554.6102441623807
 21
-1299.899427926168
 31
0.0
  0
LWPOLYLINE
  5
691
330
684
100
AcDbEntity
  8
PL-CUT OUT
 62
     1
100
AcDbPolyline
 90
        4
 70
     1
 43
0.0
 10
8609.798679772763
 20
3823.902477098629
 10
8428.702358540148
 20
4180.559346430004
 10
8357.348977778107
 20
4144.377766294405
 10
8538.445299014449
 20
3787.72089696303
  0
LINE
  5
692
330
684
100
AcDbEntity
  8
PL-CUT OUT
 62
     1
100
AcDbLine
 10
8609.788701627405
 20
3823.922128377482
 30
0.0
 11
8357.348977778107
 21
4144.377766294405
 31
0.0
  0
LINE
  5
693
330
684
100
AcDbEntity
  8
PL-CUT OUT
 62
     1
100
AcDbLine
 10
8428.702358540148
 20
4180.559346430004
 30
0.0
 11
8538.445299014449
 21
3787.72089696303
 31
0.0
  0
LINE
  5
694
330
684
100
AcDbEntity
  8
PL-CUT OUT
 62
     1
100
AcDbLine
 10
11591.80498978495
 20
6304.20870517008
 30
0.0
 11
11904.71092260256
 21
6350.168523455039
 31
-0.0000000000006852
  0
LWPOLYLINE
  5
695
330
684
100
AcDbEntity
  8
PL-CUT OUT
 62
     1
100
AcDbPolyline
 90
        4
 70
     1
 43
0.0
 10
10026.07122714072
 20
10094.4129960183
 10
10115.18917163834
 20
10139.7775166668
 10
10296.2816686742
 20
9783.118705591187
 10
10207.16372417658
 20
9737.754184942694
  0
LINE
  5
696
330
684
100
AcDbEntity
  8
PL-CUT OUT
 62
     1
100
AcDbLine
 10
10026.07122714072
 20
10094.4129960183
 30
0.0000000000006852
 11
10296.27030559256
 21
9783.141084996984
 31
0.0000000000006852
  0
LINE
  5
697
330
684
100
AcDbEntity
  8
PL-CUT OUT
 62
     1
100
AcDbLine
 10
10115.16593237221
 20
10139.8232860323
 30
0.0000000000006852
 11
10207.16372417658
 21
9737.754184942694
 31
0.0000000000006852
  0
LWPOLYLINE
  5
698
330
684
100
AcDbEntity
  8
PL-CUT OUT
 62
     1
100
AcDbPolyline
 90
        4
 70
     1
 43
0.0
 10
8422.231396254153
 20
13269.6274213735
 10
8511.396099023521
 20
13314.9005456306
 10
8783.122348442674
 20
12779.95660583302
 10
8693.957645673306
 20
12734.68348157592
  0
LINE
  5
699
330
684
100
AcDbEntity
  8
PL-CUT OUT
 62
     1
100
AcDbLine
 10
8422.231396254153
 20
13269.6274213735
 30
0.0
 11
8783.122348442674
 21
12779.95660583302
 31
0.0
  0
LINE
  5
69A
330
684
100
AcDbEntity
  8
PL-CUT OUT
 62
     1
100
AcDbLine
 10
8511.396099023521
 20
13314.9005456306
 30
0.0
 11
8693.957645673306
 21
12734.68348157592
 31
0.0000000000340363
  0
LWPOLYLINE
  5
69B
330
684
100
AcDbEntity
  8
PL-CUT OUT
 62
     1
100
AcDbPolyline
 90
        4
 70
     1
 43
0.0
 10
5070.778725355864
 20
19901.90378250554
 10
5159.943428125233
 20
19947.17690676264
 10
5431.669677544385
 20
19412.23296696506
 10
5342.504974775017
 20
19366.95984270796
  0
LINE
  5
69C
330
684
100
AcDbEntity
  8
PL-CUT OUT
 62
     1
100
AcDbLine
 10
5070.778725355864
 20
19901.90378250554
 30
0.0
 11
5431.669677544385
 21
19412.23296696506
 31
0.0
  0
LINE
  5
69D
330
684
100
AcDbEntity
  8
PL-CUT OUT
 62
     1
100
AcDbLine
 10
5159.943428125233
 20
19947.17690676264
 30
0.0
 11
5342.504974775017
 21
19366.95984270796
 31
0.0000000000340363
  0
LWPOLYLINE
  5
69E
330
684
100
AcDbEntity
  8
PL-CUT OUT
 62
     1
100
AcDbPolyline
 90
        4
 70
     1
 43
0.0
 10
6803.50065741688
 20
18606.15687051974
 10
6848.773781672121
 20
18516.99216775037
 10
6313.829841874539
 20
18245.26591833122
 10
6268.5567176193
 20
18334.43062110059
  0
LINE
  5
69F
330
684
100
AcDbEntity
  8
PL-CUT OUT
 62
     1
100
AcDbLine
 10
6803.50065741688
 20
18606.15687051974
 30
0.0
 11
6313.829841874539
 21
18245.26591833122
 31
0.0
  0
LINE
  5
6A0
330
684
100
AcDbEntity
  8
PL-CUT OUT
 62
     1
100
AcDbLine
 10
6848.773781672121
 20
18516.99216775037
 30
0.0
 11
6268.5567176193
 21
18334.43062110059
 31
0.0000000000340363
  0
LWPOLYLINE
  5
6A1
330
684
100
AcDbEntity
  8
PL-CUT OUT
 62
     1
100
AcDbPolyline
 90
        4
 70
     1
 43
0.0
 10
8162.707914233207
 20
15930.71839955076
 10
8207.981038488448
 20
15841.5536967814
 10
7673.037098690868
 20
15569.82744736224
 10
7627.763974435628
 20
15658.99215013161
  0
LINE
  5
6A2
330
684
100
AcDbEntity
  8
PL-CUT OUT
 62
     1
100
AcDbLine
 10
8162.707914233207
 20
15930.71839955076
 30
0.0
 11
7673.037098690868
 21
15569.82744736224
 31
0.0
  0
LINE
  5
6A3
330
684
100
AcDbEntity
  8
PL-CUT OUT
 62
     1
100
AcDbLine
 10
8207.981038488448
 20
15841.5536967814
 30
0.0
 11
7627.763974435628
 21
15658.99215013161
 31
0.0000000000340363
  0
LWPOLYLINE
  5
6A4
330
684
100
AcDbEntity
  8
PL-CUT OUT
 62
     1
100
AcDbPolyline
 90
        4
 70
     1
 43
0.0
 10
9515.004011850804
 20
12934.61765711009
 10
9560.277136106044
 20
12845.45295434072
 10
9292.133914791047
 20
12710.86516109109
 10
9246.860790535809
 20
12800.02986386046
  0
LINE
  5
6A5
330
684
100
AcDbEntity
  8
PL-CUT OUT
 62
     1
100
AcDbLine
 10
9515.004011850804
 20
12934.61765711009
 30
0.0
 11
9292.154423996805
 21
12710.87545517459
 31
0.0
  0
LINE
  5
6A6
330
684
100
AcDbEntity
  8
PL-CUT OUT
 62
     1
100
AcDbLine
 10
9560.258184053003
 20
12845.44344183057
 30
0.0
 11
9246.860790532082
 21
12800.02986385859
 31
0.0
  0
LINE
  5
6A7
330
684
100
AcDbEntity
  8
PL-CUT OUT
 62
     1
100
AcDbLine
 10
10336.3106466718
 20
9439.108081167564
 30
-0.0000000000006852
 11
10113.6111574471
 21
9215.589544158429
 31
0.0000000000006852
  0
LINE
  5
6A8
330
684
100
AcDbEntity
  8
PL-CUT OUT
 62
     1
100
AcDbLine
 10
10381.35424069315
 20
9350.395434567705
 30
-0.0000000000006852
 11
10068.33803319186
 21
9304.754246924073
 31
0.0000000000006852
  0
LWPOLYLINE
  5
6A9
330
684
100
AcDbEntity
  8
PL-CUT OUT
 62
     1
100
AcDbPolyline
 90
        4
 70
     1
 43
0.0
 10
5309.020617119968
 20
14479.6629107818
 10
5354.293741375208
 20
14390.49820801243
 10
4818.845374487341
 20
14119.76572115719
 10
4773.5722502321
 20
14208.93042392656
  0
LINE
  5
6AA
330
684
100
AcDbEntity
  8
PL-CUT OUT
 62
     1
100
AcDbLine
 10
5309.020617119968
 20
14479.6629107818
 30
0.0
 11
4818.845374483615
 21
14119.76572116278
 31
0.0
  0
LINE
  5
6AB
330
684
100
AcDbEntity
  8
PL-CUT OUT
 62
     1
100
AcDbLine
 10
5354.293741375208
 20
14390.49820801243
 30
0.0
 11
4773.572250235825
 21
14208.93042392656
 31
0.0000000000259966
  0
LWPOLYLINE
  5
6AC
330
684
100
AcDbEntity
  8
PL-CUT OUT
 62
     1
100
AcDbPolyline
 90
        4
 70
     1
 43
0.0
 10
15837.71763616428
 20
3077.246605483815
 10
15882.99076041951
 20
2988.081902714446
 10
15616.78223099932
 20
2849.730602463707
 10
15571.50910674408
 20
2938.895305233076
  0
LINE
  5
6AD
330
684
100
AcDbEntity
  8
PL-CUT OUT
 62
     1
100
AcDbLine
 10
15837.71763616428
 20
3077.246605483815
 30
0.0000000000170566
 11
15616.78223099932
 21
2849.730602463707
 31
0.0
  0
LINE
  5
6AE
330
684
100
AcDbEntity
  8
PL-CUT OUT
 62
     1
100
AcDbLine
 10
15882.99076041951
 20
2988.081902714446
 30
0.0000000000170566
 11
15571.50910674408
 21
2938.895305233076
 31
0.0
  0
LWPOLYLINE
  5
6AF
330
684
100
AcDbEntity
  8
PL-CUT OUT
 62
     1
100
AcDbPolyline
 90
        4
 70
     1
 43
0.0
 10
13881.66230153292
 20
2463.219053205103
 10
13970.82700429857
 20
2508.492177462205
 10
13699.29120786488
 20
3043.532666208223
 10
13610.12650509924
 20
2998.259541947394
  0
LINE
  5
6B0
330
684
100
AcDbEntity
  8
PL-CUT OUT
 62
     1
100
AcDbLine
 10
13881.66665589064
 20
2463.21047327295
 30
0.0
 11
13699.18950749188
 21
3043.481028134003
 31
-0.0000000000314439
  0
LINE
  5
6B1
330
684
100
AcDbEntity
  8
PL-CUT OUT
 62
     1
100
AcDbLine
 10
13970.82700429857
 20
2508.492177462205
 30
0.0000000000452535
 11
13610.12650509924
 21
2998.259541947394
 31
0.0
  0
LWPOLYLINE
  5
6B2
330
684
100
AcDbEntity
  8
PL-CUT OUT
 62
     1
100
AcDbPolyline
 90
        4
 70
     1
 43
0.0
 10
18132.28259760886
 20
-1441.862824723124
 10
18177.5750263445
 20
-1531.065547356382
 10
17913.88102317974
 20
-1673.485652720556
 10
17867.58300204947
 20
-1582.302431762218
  0
LINE
  5
6B3
330
684
100
AcDbEntity
  8
PL-CUT OUT
 62
     1
100
AcDbLine
 10
18133.28818999976
 20
-1443.843323046341
 30
0.0
 11
17913.88102317974
 21
-1673.485652720556
 31
0.0
  0
LINE
  5
6B4
330
684
100
AcDbEntity
  8
PL-CUT OUT
 62
     1
100
AcDbLine
 10
18177.5750263445
 20
-1531.065547356382
 30
0.0
 11
17867.52259699255
 21
-1582.334480404854
 31
0.0
  0
LWPOLYLINE
  5
6B5
330
684
100
AcDbEntity
  8
PL-CUT OUT
 62
     1
100
AcDbPolyline
 90
        4
 70
     1
 43
0.0
 10
14976.62408751622
 20
300.4100781176239
 10
15065.78879028186
 20
345.6832023747265
 10
14794.25299384817
 20
880.7236911207438
 10
14705.08829108253
 20
835.4505668599157
  0
LINE
  5
6B6
330
684
100
AcDbEntity
  8
PL-CUT OUT
 62
     1
100
AcDbLine
 10
14976.62844187393
 20
300.4014981873333
 30
0.0
 11
14794.15129347518
 21
880.6720530465245
 31
-0.0000000000314439
  0
LINE
  5
6B7
330
684
100
AcDbEntity
  8
PL-CUT OUT
 62
     1
100
AcDbLine
 10
14705.08829108253
 20
835.4505668599157
 30
0.0
 11
15065.78879028186
 21
345.6832023747265
 31
0.0
  0
LINE
  5
6B8
330
684
100
AcDbEntity
  8
PL-CUT OUT
 62
     1
100
AcDbLine
 10
11859.33495479449
 20
6439.53577496484
 30
-0.0000000000006852
 11
11637.07811404019
 21
6215.044002402574
 31
0.0
  0
LWPOLYLINE
  5
6B9
330
684
100
AcDbEntity
  8
PL-CUT OUT
 62
     1
100
AcDbPolyline
 90
        4
 70
     1
 43
0.0
 10
6870.820992000401
 20
3929.659409545362
 10
6916.195642702281
 20
3840.546111304313
 10
7273.267056234181
 20
4020.827086551115
 10
7227.892405528575
 20
4109.940384792164
  0
LINE
  5
6BA
330
684
100
AcDbEntity
  8
PL-CUT OUT
 62
     1
100
AcDbLine
 10
6870.820992000401
 20
3929.659409545362
 30
0.0
 11
7273.267056234181
 21
4020.827086551115
 31
0.0
  0
LINE
  5
6BB
330
684
100
AcDbEntity
  8
PL-CUT OUT
 62
     1
100
AcDbLine
 10
7227.892405524849
 20
4109.940384790301
 30
0.0
 11
6916.195642702281
 21
3840.546111304313
 31
0.0
  0
LWPOLYLINE
  5
6BC
330
684
100
AcDbEntity
  8
PL-CUT OUT
 62
     1
100
AcDbPolyline
 90
        4
 70
     1
 43
0.0
 10
10236.12664149329
 20
612.1115553285926
 10
9963.696155562997
 20
1146.697734456509
 10
9892.342774800956
 20
1110.51615432091
 10
10164.77326073497
 20
575.9299751929939
  0
LINE
  5
6BD
330
684
100
AcDbEntity
  8
PL-CUT OUT
 62
     1
100
AcDbLine
 10
10236.11694606766
 20
612.130580516532
 30
0.0
 11
9892.342774800956
 21
1110.51615432091
 31
0.0
  0
LINE
  5
6BE
330
684
100
AcDbEntity
  8
PL-CUT OUT
 62
     1
100
AcDbLine
 10
9963.696155562997
 20
1146.697734456509
 30
0.0
 11
10163.99499826506
 21
575.5108666233718
 31
0.0
  0
LWPOLYLINE
  5
6BF
330
684
100
AcDbEntity
  8
PL-CUT OUT
 62
     1
100
AcDbPolyline
 90
        4
 70
     1
 43
0.0
 10
4737.836990989745
 20
22674.44881750271
 10
4783.110115244984
 20
22585.28411473334
 10
4248.166175447404
 20
22313.55786531419
 10
4202.893051192164
 20
22402.72256808355
  0
LINE
  5
6C0
330
684
100
AcDbEntity
  8
PL-CUT OUT
 62
     1
100
AcDbLine
 10
4737.836990989745
 20
22674.44881750271
 30
0.0
 11
4248.166175447404
 21
22313.55786531419
 31
0.0
  0
LINE
  5
6C1
330
684
100
AcDbEntity
  8
PL-CUT OUT
 62
     1
100
AcDbLine
 10
4783.110115244984
 20
22585.28411473334
 30
0.0
 11
4202.893051192164
 21
22402.72256808355
 31
0.0000000000340363
  0
LWPOLYLINE
  5
6C2
330
684
100
AcDbEntity
  8
PL-CUT OUT
 62
     1
100
AcDbPolyline
 90
        4
 70
     1
 43
0.0
 10
5597.192736502737
 20
2741.92882767506
 10
5508.028033725917
 20
2696.655703445897
 10
5688.309008847922
 20
2339.584289856255
 10
5777.473711628466
 20
2384.857414083555
  0
LINE
  5
6C3
330
684
100
AcDbEntity
  8
PL-CUT OUT
 62
     1
100
AcDbLine
 10
5597.192736502737
 20
2741.92882767506
 30
0.0
 11
5688.410709224641
 21
2339.635927926749
 31
-0.0000000000314439
  0
LINE
  5
6C4
330
684
100
AcDbEntity
  8
PL-CUT OUT
 62
     1
100
AcDbLine
 10
5777.422422703356
 20
2384.958998901769
 30
0.0
 11
5507.423499342054
 21
2696.307125166059
 31
0.0000000002423809
  0
LWPOLYLINE
  5
6C5
330
684
100
AcDbEntity
  8
FIRE
100
AcDbPolyline
 90
        4
 70
     1
 43
0.0
 10
5275.301405094563
 20
1689.823657322675
 10
5388.808856636286
 20
1525.157113146037
 10
5224.488724440337
 20
1411.242130316794
 10
5110.981272906065
 20
1575.908674489707
  0
LINE
  5
6C6
330
684
100
AcDbEntity
  8
FIRE
100
AcDbLine
 10
5275.301405094563
 20
1689.823657322675
 30
0.0
 11
5223.636152110994
 21
1412.478966636583
 31
0.0
  0
LINE
  5
6C7
330
684
100
AcDbEntity
  8
FIRE
100
AcDbLine
 10
5388.689948163927
 20
1525.158696167171
 30
0.0
 11
5111.26900580898
 21
1575.491257106885
 31
0.0
  0
LWPOLYLINE
  5
6C8
330
684
100
AcDbEntity
  8
PL-CUT OUT
 62
     1
100
AcDbPolyline
 90
        4
 70
     1
 43
0.0
 10
3284.870866496116
 20
-1737.856445278972
 10
3367.412742681801
 20
-1794.308537144214
 10
3254.534627895802
 20
-1959.237907107919
 10
3171.992751702667
 20
-1902.785815242678
  0
LINE
  5
6C9
330
684
100
AcDbEntity
  8
PL-CUT OUT
 62
     1
100
AcDbLine
 10
3284.870866496116
 20
-1737.856445278972
 30
-0.0000000000006852
 11
3254.534627895802
 21
-1959.237907107919
 31
-0.0000000000006852
  0
LINE
  5
6CA
330
684
100
AcDbEntity
  8
PL-CUT OUT
 62
     1
100
AcDbLine
 10
3367.994868259877
 20
-1793.067455176264
 30
-0.0000000000006852
 11
3171.992751702667
 21
-1902.785815242678
 31
-0.0000000000006852
  0
LWPOLYLINE
  5
6CB
330
684
100
AcDbEntity
  8
FIRE
100
AcDbPolyline
 90
        4
 70
     1
 43
0.0
 10
5415.865690015256
 20
1340.384594995528
 10
5472.618715096265
 20
1258.052339406684
 10
5308.298582900316
 20
1144.137356577441
 10
5251.545557826758
 20
1226.46961216256
  0
LINE
  5
6CC
330
684
100
AcDbEntity
  8
FIRE
100
AcDbLine
 10
5415.865690015256
 20
1340.384594995528
 30
0.0
 11
5307.446010570973
 21
1145.37419289723
 31
0.0
  0
LINE
  5
6CD
330
684
100
AcDbEntity
  8
FIRE
100
AcDbLine
 10
5472.499806623906
 20
1258.053922427818
 30
0.0
 11
5251.763174872845
 21
1226.620475247502
 31
0.0
  0
LINE
  5
6CE
330
684
100
AcDbEntity
  8
PL-CUT OUT
 62
     1
100
AcDbLine
 10
15222.6486479342
 20
9313.411586329342
 30
0.0
 11
15356.31462550536
 21
9491.871063761413
 31
0.0
  0
LINE
  5
6CF
330
684
100
AcDbEntity
  8
PL-CUT OUT
 62
     1
100
AcDbLine
 10
15177.37556821853
 20
9402.576201368123
 30
0.0
 11
15401.60825896635
 21
9402.716655079276
 31
0.0
  0
LWPOLYLINE
  5
6D0
330
684
100
AcDbEntity
  8
PL-CUT OUT
 62
     1
100
AcDbPolyline
 90
        4
 70
     1
 43
0.0
 10
15761.58616154268
 20
3417.736422458664
 10
15850.75086430832
 20
3463.009546715767
 10
15579.21506787464
 20
3998.050035461784
 10
15490.050365109
 20
3952.776911200956
  0
LINE
  5
6D1
330
684
100
AcDbEntity
  8
PL-CUT OUT
 62
     1
100
AcDbLine
 10
15761.5905159004
 20
3417.727842526511
 30
0.0
 11
15579.11336750164
 21
3997.998397387564
 31
-0.0000000000314439
  0
LINE
  5
6D2
330
684
100
AcDbEntity
  8
PL-CUT OUT
 62
     1
100
AcDbLine
 10
15850.75086430832
 20
3463.009546715767
 30
0.0000000000452535
 11
15490.050365109
 21
3952.776911200956
 31
0.0
  0
LWPOLYLINE
  5
6D3
330
684
100
AcDbEntity
  8
PL-CUT OUT
 62
     1
100
AcDbPolyline
 90
        4
 70
     1
 43
0.0
 10
11174.97816022485
 20
8042.319778274745
 10
11085.81345745921
 20
7997.046654019505
 10
10951.23526444286
 20
8265.170967822895
 10
11040.39996721595
 20
8310.444092078133
  0
LINE
  5
6D4
330
684
100
AcDbEntity
  8
PL-CUT OUT
 62
     1
100
AcDbLine
 10
11174.97816022113
 20
8042.319778276608
 30
0.0
 11
10951.23526444286
 21
8265.170967821033
 31
0.0
  0
LINE
  5
6D5
330
684
100
AcDbEntity
  8
PL-CUT OUT
 62
     1
100
AcDbLine
 10
11085.81354518235
 20
7997.046698560938
 30
0.0
 11
11040.39996721968
 21
8310.444092079997
 31
0.0
  0
LWPOLYLINE
  5
6D6
330
684
100
AcDbEntity
  8
PL-CUT OUT
 62
     1
100
AcDbPolyline
 90
        4
 70
     1
 43
0.0
 10
12258.32270558551
 20
5676.549855679273
 10
12347.48740835115
 20
5721.822979936376
 10
12166.53228417784
 20
6078.466266131028
 10
12077.36758141219
 20
6033.1931418702
  0
LINE
  5
6D7
330
684
100
AcDbEntity
  8
PL-CUT OUT
 62
     1
100
AcDbLine
 10
12258.32705994323
 20
5676.54127574712
 30
0.0
 11
12166.53228417784
 21
6078.466266127303
 31
0.0
  0
LINE
  5
6D8
330
684
100
AcDbEntity
  8
PL-CUT OUT
 62
     1
100
AcDbLine
 10
12347.48740835115
 20
5721.822979936376
 30
0.0000000000452535
 11
12077.36758141592
 21
6033.193141872064
 31
0.0
  0
LWPOLYLINE
  5
6D9
330
684
100
AcDbEntity
  8
PL-CUT OUT
 62
     1
100
AcDbPolyline
 90
        4
 70
     1
 43
0.0
 10
15222.64864793047
 20
9313.411586325615
 10
15177.37552367523
 20
9402.576289091259
 10
15356.33513471111
 20
9491.881357848646
 10
15401.60825896635
 20
9402.716655075549
  0
TEXT
  5
6DA
330
684
100
AcDbEntity
  8
PL-CUT OUT
 62
     1
100
AcDbText
 10
4412.928738839924
 20
6936.354639144615
 30
0.0
 40
150.0
  1
100%%C SLEEVE
 50
26.91899303262467
  7
SOBHA
100
AcDbText
  0
LWPOLYLINE
  5
6DB
330
684
100
AcDbEntity
  8
PL-CUT OUT
 62
     1
100
AcDbPolyline
 90
        4
 70
     1
 43
0.0
 10
5797.047160491348
 20
7430.638454308733
 10
5886.165104988962
 20
7476.002974957228
 10
6067.257602024824
 20
7119.344163881615
 10
5978.139657527208
 20
7073.97964323312
  0
LINE
  5
6DC
330
684
100
AcDbEntity
  8
PL-CUT OUT
 62
     1
100
AcDbLine
 10
5797.047160491348
 20
7430.638454308733
 30
0.0
 11
6067.246238943189
 21
7119.366543287411
 31
0.0
  0
LINE
  5
6DD
330
684
100
AcDbEntity
  8
PL-CUT OUT
 62
     1
100
AcDbLine
 10
5886.141865722835
 20
7476.048744322731
 30
0.0
 11
5978.139657527208
 21
7073.97964323312
 31
0.0
  0
LINE
  5
6DE
330
684
100
AcDbEntity
  8
PL-CUT OUT
 62
     1
100
AcDbLine
 10
10381.58377093076
 20
9349.943378400057
 30
-0.0000000000006852
 11
10113.6111574471
 21
9215.589544158429
 31
-0.0000000000006852
  0
LINE
  5
6DF
330
684
100
AcDbEntity
  8
PL-CUT OUT
 62
     1
100
AcDbLine
 10
10113.6111574471
 20
9215.589544158429
 30
-0.0000000000006852
 11
10068.33803319186
 21
9304.754246927798
 31
-0.0000000000006852
  0
LINE
  5
6E0
330
684
100
AcDbEntity
  8
PL-CUT OUT
 62
     1
100
AcDbLine
 10
10068.33803319186
 20
9304.754246927798
 30
-0.0000000000006852
 11
10336.3106466718
 21
9439.108081167564
 31
-0.0000000000006852
  0
LINE
  5
6E1
330
684
100
AcDbEntity
  8
PL-CUT OUT
 62
     1
100
AcDbLine
 10
11591.80498978495
 20
6304.20870517008
 30
-0.0000000000006852
 11
11637.07811404019
 21
6215.044002402574
 31
-0.0000000000006852
  0
LINE
  5
6E2
330
684
100
AcDbEntity
  8
PL-CUT OUT
 62
     1
100
AcDbLine
 10
11637.07811404019
 20
6215.044002402574
 30
-0.0000000000006852
 11
11904.71092260256
 21
6350.168523455039
 31
-0.0000000000006852
  0
LINE
  5
6E3
330
684
100
AcDbEntity
  8
PL-CUT OUT
 62
     1
100
AcDbLine
 10
11859.43779833987
 20
6439.333226222546
 30
-0.0000000000006852
 11
11591.80498978495
 21
6304.20870517008
 31
-0.0000000000006852
  0
LINE
  5
6E4
330
684
100
AcDbEntity
  8
PL-CUT OUT
 62
     1
100
AcDbLine
 10
11859.4377983436
 20
6439.333226224407
 30
-0.0000000000006852
 11
11904.50775297731
 21
6350.065945602954
 31
-0.0000000000006852
  0
ENDBLK
  5
6E5
330
684
100
AcDbEntity
  8
0
 62
    40
420
 16308017
 48
20.0
100
AcDbBlockEnd
  0
BLOCK
  5
6F6
330
6F3
100
AcDbEntity
  8
0
 48
10.0
100
AcDbBlockBegin
  2
st
 70
     0
 10
0.0
 20
0.0
 30
0.0
  3
st
  1

  0
LEADER
  5
6F7
330
6F3
100
AcDbEntity
  8
0
 48
30.0
100
AcDbLeader
  3
A-GFC-100
 76
     2
 10
14479.26474959031
 20
20958.38715592772
 30
0.0
 10
14223.90663238615
 20
21529.46390567347
 30
0.0
211
0.8814027999997977
221
-0.4723654349680092
231
0.0
1001
ACAD
1000
DSTYLE
1002
{
1070
   176
1070
     6
1070
   341
1005
2F1
1070
   147
1040
0.0
1070
    77
1070
     0
1070
    49
1040
0.18
1070
    90
1070
     1
1070
   290
1070
     1
1002
}
  0
ARC
  5
6F8
330
6F3
100
AcDbEntity
  8
Staircase
  6
HIDDEN
 48
25.0
100
AcDbCircle
 10
11836.38179872557
 20
19970.84163056873
 30
0.0
 40
2083.156610901033
100
AcDbArc
 50
238.2984900351438
 51
295.3462652176721
  0
LWPOLYLINE
  5
6F9
330
6F3
100
AcDbEntity
  8
Staircase
 48
25.0
100
AcDbPolyline
 90
        2
 70
     0
 43
0.0
 10
13632.76304695383
 20
21025.61927374452
 10
14926.05052286386
 20
21785.07012592442
  0
LWPOLYLINE
  5
6FA
330
6F3
100
AcDbEntity
  8
Staircase
 48
25.0
100
AcDbPolyline
 90
        2
 70
     0
 43
0.0
 10
13738.22803162038
 20
20820.85479044355
 10
15107.47734212875
 20
21432.88690890186
  0
LWPOLYLINE
  5
6FB
330
6F3
100
AcDbEntity
  8
Staircase
 48
25.0
100
AcDbPolyline
 90
        2
 70
     0
 43
0.0
 10
13820.44246764108
 20
20605.69966792874
 10
15249.08733659238
 20
21062.83623224311
  0
LWPOLYLINE
  5
6FC
330
6F3
100
AcDbEntity
  8
Staircase
 48
25.0
100
AcDbPolyline
 90
        2
 70
     0
 43
0.0
 10
13878.40159888938
 20
20382.78410384059
 10
15348.60797161981
 20
20679.59917399846
  0
LWPOLYLINE
  5
6FD
330
6F3
100
AcDbEntity
  8
Staircase
 48
25.0
100
AcDbPolyline
 90
        2
 70
     0
 43
0.0
 10
13911.39712585136
 20
20154.83309163526
 10
15405.41814162582
 20
20287.5548859816
  0
LWPOLYLINE
  5
6FE
330
6F3
100
AcDbEntity
  8
Staircase
 48
25.0
100
AcDbPolyline
 90
        2
 70
     0
 43
0.0
 10
13919.02584892511
 20
19924.63312804699
 10
15418.60681099072
 20
19891.6288532447
  0
LWPOLYLINE
  5
6FF
330
6F3
100
AcDbEntity
  8
Staircase
 48
25.0
100
AcDbPolyline
 90
        2
 70
     0
 43
0.0
 10
13901.19458726793
 20
19694.9981716536
 10
15388.01047355309
 20
19496.65892020613
  0
LWPOLYLINE
  5
700
330
6F3
100
AcDbEntity
  8
Staircase
 48
25.0
100
AcDbPolyline
 90
        2
 70
     0
 43
0.0
 10
13858.12131351977
 20
19468.73526746593
 10
15313.92382808402
 20
19107.16343173943
  0
LWPOLYLINE
  5
701
330
6F3
100
AcDbEntity
  8
Staircase
 48
25.0
100
AcDbPolyline
 90
        2
 70
     0
 43
0.0
 10
13790.33249090612
 20
19248.61025623418
 10
15197.47805599868
 20
18728.82422170602
  0
LWPOLYLINE
  5
702
330
6F3
100
AcDbEntity
  8
Staircase
 48
25.0
100
AcDbPolyline
 90
        2
 70
     0
 43
0.0
 10
13698.65664499625
 20
19037.31398636475
 10
15039.58994642645
 20
18365.08048371225
  0
LWPOLYLINE
  5
703
330
6F3
100
AcDbEntity
  8
Staircase
 48
25.0
100
AcDbPolyline
 90
        2
 70
     0
 43
0.0
 10
12930.54726612568
 20
18198.17601193301
 10
13718.85888452083
 20
16921.5897061415
  0
LWPOLYLINE
  5
704
330
6F3
100
AcDbEntity
  8
Staircase
 48
25.0
100
AcDbPolyline
 90
        2
 70
     0
 43
0.0
 10
12728.15563261509
 20
18088.21556713246
 10
13370.28726296499
 20
16732.60980980284
  0
LWPOLYLINE
  5
705
330
6F3
100
AcDbEntity
  8
Staircase
  6
HIDDEN
 48
25.0
100
AcDbPolyline
 90
        2
 70
     0
 43
0.0
 10
12514.85996314883
 20
18001.27090425789
 10
13003.3103486523
 20
16583.02683964558
  0
LWPOLYLINE
  5
706
330
6F3
100
AcDbEntity
  8
Staircase
  6
HIDDEN
 48
25.0
100
AcDbPolyline
 90
        2
 70
     0
 43
0.0
 10
12293.26767692342
 20
17938.40546678751
 10
12622.15084013715
 20
16474.90422955528
  0
LWPOLYLINE
  5
707
330
6F3
100
AcDbEntity
  8
Staircase
  6
HIDDEN
 48
25.0
100
AcDbPolyline
 90
        2
 70
     0
 43
0.0
 10
12066.08773273229
 20
17900.38838322833
 10
12231.38254195824
 20
16409.52365668677
  0
LWPOLYLINE
  5
708
330
6F3
100
AcDbEntity
  8
Staircase
  6
HIDDEN
 48
25.0
100
AcDbPolyline
 90
        2
 70
     0
 43
0.0
 10
11836.09752545878
 20
17887.68503906578
 10
11835.7829827331
 20
16387.68506970629
  0
LWPOLYLINE
  5
709
330
6F3
100
AcDbEntity
  8
Staircase
  6
HIDDEN
 48
25.0
100
AcDbPolyline
 90
        2
 70
     0
 43
0.0
 10
11606.10894001648
 20
17900.45135912485
 10
11440.18889113515
 20
16409.65608664788
  0
LWPOLYLINE
  5
70A
330
6F3
100
AcDbEntity
  8
Staircase
  6
HIDDEN
 48
25.0
100
AcDbPolyline
 90
        2
 70
     0
 43
0.0
 10
11378.93397736177
 20
17938.53187163174
 10
11049.43706483394
 20
16475.16869334318
  0
LWPOLYLINE
  5
70B
330
6F3
100
AcDbEntity
  8
Staircase
  6
HIDDEN
 48
25.0
100
AcDbPolyline
 90
        2
 70
     0
 43
0.0
 10
11157.35037241876
 20
18001.46157897264
 10
10668.3052319996
 20
16583.42249020375
  0
LWPOLYLINE
  5
70C
330
6F3
100
AcDbEntity
  8
Staircase
  6
HIDDEN
 48
25.0
100
AcDbPolyline
 90
        2
 70
     0
 43
0.0
 10
10944.06762432307
 20
18088.47161388769
 10
10301.45362842828
 20
16733.09444922954
  0
LWPOLYLINE
  5
70D
330
6F3
100
AcDbEntity
  8
0
 62
     1
 48
30.0
100
AcDbPolyline
 90
        6
 70
     0
 43
0.0
 10
12690.78159548715
 20
18292.66410501674
 10
12856.74178079515
 20
17384.80614158511
 10
12793.67013217136
 20
17347.86209947802
 10
12937.79584909603
 20
17323.38030729815
 10
12874.72420047223
 20
17286.43626519106
 10
13021.29276834055
 20
16484.6569632478
  0
ARC
  5
70E
330
6F3
100
AcDbEntity
  8
Hidden
 48
25.0
100
AcDbCircle
 10
11836.41588390991
 20
19970.65866250358
 30
0.0
 40
3583.005883448083
100
AcDbArc
 50
238.2964888069945
 51
30.42391037939694
  0
LINE
  5
70F
330
6F3
100
AcDbEntity
  8
Staircase
  6
HIDDEN
 48
25.0
100
AcDbLine
 10
10741.69534358009
 20
18198.49769372679
 30
0.0
 11
9953.461048886181
 21
16922.31284057349
 31
0.0
  0
ARC
  5
710
330
6F3
100
AcDbEntity
  8
Staircase
  6
HIDDEN
 48
25.0
100
AcDbCircle
 10
11836.38179872557
 20
19970.84163056873
 30
0.0
 40
1883.156610901033
100
AcDbArc
 50
238.2984900351438
 51
296.9817186119115
  0
LWPOLYLINE
  5
711
330
6F3
100
AcDbEntity
  8
Staircase
  6
HIDDEN
 48
25.0
100
AcDbPolyline
 90
        2
 70
     0
 43
0.0
 10
10741.71896356344
 20
18198.53593548946
 10
10846.82021816075
 20
18368.6938805934
  0
ARC
  5
712
330
6F3
100
AcDbEntity
  8
Staircase
 62
     1
 48
25.0
100
AcDbCircle
 10
11836.38179872557
 20
19970.84163056873
 30
0.0
 40
2083.156610901033
100
AcDbArc
 50
295.3462652176721
 51
30.42009385555211
  0
ARC
  5
713
330
6F3
100
AcDbEntity
  8
Staircase
 62
     1
 48
25.0
100
AcDbCircle
 10
11836.38179872557
 20
19970.84163056873
 30
0.0
 40
1883.156610901033
100
AcDbArc
 50
296.9817186119115
 51
30.42009385555211
  0
LWPOLYLINE
  5
714
330
6F3
100
AcDbEntity
  8
Staircase
 62
     1
 48
25.0
100
AcDbPolyline
 90
        2
 70
     0
 43
0.0
 10
13607.44584868773
 20
21068.73585375648
 10
13434.97952864616
 20
20967.46706067647
  0
LWPOLYLINE
  5
715
330
6F3
100
AcDbEntity
  8
Staircase
 62
     1
 48
25.0
100
AcDbPolyline
 90
        2
 70
     0
 43
0.0
 10
13632.76304695383
 20
21025.61927374452
 10
13607.44584868773
 20
21068.73585375648
  0
LWPOLYLINE
  5
716
330
6F3
100
AcDbEntity
  8
Staircase
 62
     1
 48
25.0
100
AcDbPolyline
 90
        2
 70
     0
 43
0.0
 10
13460.29581690487
 20
20924.35203048109
 10
13434.97952864616
 20
20967.46706067647
  0
ENDBLK
  5
717
330
6F3
100
AcDbEntity
  8
0
 48
10.0
100
AcDbBlockEnd
  0
BLOCK
  5
719
330
718
100
AcDbEntity
  8
0
 48
20.0
100
AcDbBlockBegin
  2
*D15
 70
     1
 10
0.0
 20
0.0
 30
0.0
  3
*D15
  1

  0
LINE
  5
71A
330
718
100
AcDbEntity
  8
Grids
  6
HIDDEN
 62
     8
440
 16777216
 48
75.0
370
     9
100
AcDbLine
 10
8552.816124655304
 20
18303.19821057468
 30
0.0
 11
7269.668407323647
 21
16471.36417742678
 31
0.0
  0
LINE
  5
71B
330
718
100
AcDbEntity
  8
Grids
  6
HIDDEN
 62
     8
440
 16777216
 48
75.0
370
     9
100
AcDbLine
 10
11387.92047957331
 20
16317.28812506236
 30
0.0
 11
10104.77276224257
 21
14485.45409191576
 31
0.0
  0
ARC
  5
71C
330
718
100
AcDbEntity
  8
Grids
  6
CONTINOUS
 62
     8
440
 16777216
 48
75.0
100
AcDbCircle
 10
11843.81414990872
 20
19984.79249436594
 30
0.0
 40
5696.254793747939
100
AcDbArc
 50
217.3017096548307
 51
230.3693909249149
  0
ARC
  5
71D
330
718
100
AcDbEntity
  8
Grids
  6
CONTINOUS
 62
     8
440
 16777216
 48
75.0
100
AcDbCircle
 10
11843.81414990872
 20
19984.79249436594
 30
0.0
 40
5696.254793747939
100
AcDbArc
 50
236.8323953755487
 51
252.677988550911
  0
INSERT
  5
71E
330
718
100
AcDbEntity
  8
Grids
  6
CONTINOUS
 62
     8
440
 16777216
 48
75.0
100
AcDbBlockReference
  2
_ArchTick
 10
7312.697523852071
 20
16532.79295839127
 30
0.0
 41
75.0
 42
75.0
 43
75.0
 50
127.3017096548307
  0
INSERT
  5
71F
330
718
100
AcDbEntity
  8
Grids
  6
CONTINOUS
 62
     8
440
 16777216
 48
75.0
100
AcDbBlockReference
  2
_ArchTick
 10
10147.80187877099
 20
14546.88287288026
 30
0.0
 41
75.0
 42
75.0
 43
75.0
 50
342.677988550911
  0
MTEXT
  5
720
330
718
100
AcDbEntity
  8
Grids
  6
CONTINOUS
 62
     6
440
 16777216
 48
75.0
100
AcDbMText
 10
8575.749999298777
 20
15319.27265379143
 30
0.0
 40
150.0
 41
0.0
 46
0.0
 71
     5
 72
     1
  1
\A1;3602
  7
Dim.s & Anno.(Misc.)
 11
0.819050412859876
 21
-0.5737215537123097
 31
0.0
 73
     1
 44
1.0
 90
        3
 63
     9
421
 13158600
 45
-1.1
441
        0
  0
ARC
  5
721
330
718
100
AcDbEntity
  8
Grids
  6
Continuous
 62
     6
440
 16777216
 48
75.0
100
AcDbCircle
 10
8265.133030666445
 20
15462.04639456549
 30
0.0
 40
122.5375170532061
100
AcDbArc
 50
324.989849102867
 51
144.989849102867
  0
POINT
  5
722
330
718
100
AcDbEntity
  8
Defpoints
  6
CONTINOUS
 62
     0
440
 16777216
 48
75.0
100
AcDbPoint
 10
11843.81414990872
 20
19984.79249436594
 30
0.0
  0
POINT
  5
723
330
718
100
AcDbEntity
  8
Defpoints
  6
CONTINOUS
 62
     0
440
 16777216
 48
75.0
100
AcDbPoint
 10
8552.816124655304
 20
18303.19821057468
 30
0.0
  0
POINT
  5
724
330
718
100
AcDbEntity
  8
Defpoints
  6
CONTINOUS
 62
     0
440
 16777216
 48
75.0
100
AcDbPoint
 10
11387.92047957331
 20
16317.28812506236
 30
0.0
  0
POINT
  5
725
330
718
100
AcDbEntity
  8
Defpoints
  6
CONTINOUS
 62
     0
440
 16777216
 48
75.0
100
AcDbPoint
 10
8113.777966213945
 20
15679.66198024398
 30
0.0
  0
ENDBLK
  5
726
330
718
100
AcDbEntity
  8
0
 48
20.0
100
AcDbBlockEnd
  0
BLOCK
  5
728
330
727
100
AcDbEntity
  8
0
 48
20.0
100
AcDbBlockBegin
  2
*D16
 70
     1
 10
0.0
 20
0.0
 30
0.0
  3
*D16
  1

  0
LINE
  5
729
330
727
100
AcDbEntity
  8
Grids
  6
HIDDEN
 62
     8
440
 16777216
 48
75.0
370
     9
100
AcDbLine
 10
11388.5793194659
 20
16322.78688777238
 30
0.0
 11
12430.40563501679
 21
14258.61183257563
 31
0.0
  0
LINE
  5
72A
330
727
100
AcDbEntity
  8
Grids
  6
HIDDEN
 62
     8
440
 16777216
 48
75.0
370
     9
100
AcDbLine
 10
15018.10456164926
 20
18154.67362661659
 30
0.0
 11
16059.9308772014
 21
16090.49857141736
 31
0.0
  0
ARC
  5
72B
330
727
100
AcDbEntity
  8
Grids
  6
CONTINOUS
 62
     8
440
 16777216
 48
75.0
100
AcDbCircle
 10
11825.62825270369
 20
19968.4004385136
 30
0.0
 40
5671.64803067475
100
AcDbArc
 50
275.7779470575317
 51
292.108721554497
  0
ARC
  5
72C
330
727
100
AcDbEntity
  8
Grids
  6
CONTINOUS
 62
     8
440
 16777216
 48
75.0
100
AcDbCircle
 10
11825.62825270369
 20
19968.4004385136
 30
0.0
 40
5671.64803067475
100
AcDbArc
 50
298.6629861044815
 51
317.7838533753885
  0
INSERT
  5
72D
330
727
100
AcDbEntity
  8
Grids
  6
CONTINOUS
 62
     8
440
 16777216
 48
75.0
100
AcDbBlockReference
  2
_ArchTick
 10
12396.61213737983
 20
14325.56703788082
 30
0.0
 41
75.0
 42
75.0
 43
75.0
 50
185.7779470575316
  0
INSERT
  5
72E
330
727
100
AcDbEntity
  8
Grids
  6
CONTINOUS
 62
     8
440
 16777216
 48
75.0
100
AcDbBlockReference
  2
_ArchTick
 10
16026.13737956444
 20
16157.45377672255
 30
0.0
 41
75.0
 42
75.0
 43
75.0
 50
47.78385337538844
  0
MTEXT
  5
72F
330
727
100
AcDbEntity
  8
Grids
  6
CONTINOUS
 62
     6
440
 16777216
 48
75.0
100
AcDbMText
 10
14381.1592436667
 20
14905.11566101151
 30
0.0
 40
150.0
 41
0.0
 46
0.0
 71
     5
 72
     1
  1
\A1;4309
  7
Dim.s & Anno.(Misc.)
 11
0.8927360707359268
 21
0.4505799684928065
 31
0.0
 73
     1
 44
1.0
 90
        3
 63
     9
421
 13158600
 45
-1.1
441
        0
  0
ARC
  5
730
330
727
100
AcDbEntity
  8
Grids
  6
Continuous
 62
     6
440
 16777216
 48
75.0
100
AcDbCircle
 10
14105.73175769812
 20
14697.47213393461
 30
0.0
 40
122.5375170531988
100
AcDbArc
 50
26.78090021646853
 51
206.7809002164677
  0
POINT
  5
731
330
727
100
AcDbEntity
  8
Defpoints
  6
CONTINOUS
 62
     0
440
 16777216
 48
75.0
100
AcDbPoint
 10
11825.62825270369
 20
19968.4004385136
 30
0.0
  0
POINT
  5
732
330
727
100
AcDbEntity
  8
Defpoints
  6
CONTINOUS
 62
     0
440
 16777216
 48
75.0
100
AcDbPoint
 10
11388.5793194659
 20
16322.78688777238
 30
0.0
  0
POINT
  5
733
330
727
100
AcDbEntity
  8
Defpoints
  6
CONTINOUS
 62
     0
440
 16777216
 48
75.0
100
AcDbPoint
 10
15018.10456164926
 20
18154.67362661659
 30
0.0
  0
POINT
  5
734
330
727
100
AcDbEntity
  8
Defpoints
  6
CONTINOUS
 62
     0
440
 16777216
 48
75.0
100
AcDbPoint
 10
13744.95981802155
 20
14631.38275761435
 30
0.0
  0
ENDBLK
  5
735
330
727
100
AcDbEntity
  8
0
 48
20.0
100
AcDbBlockEnd
  0
BLOCK
  5
737
330
736
100
AcDbEntity
  8
0
 48
20.0
100
AcDbBlockBegin
  2
*D17
 70
     1
 10
0.0
 20
0.0
 30
0.0
  3
*D17
  1

  0
LINE
  5
738
330
736
100
AcDbEntity
  8
Grids
  6
HIDDEN
 62
     8
440
 16777216
 48
75.0
370
     9
100
AcDbLine
 10
8628.604835841803
 20
21775.59285056218
 30
0.0
 11
6389.930001017914
 21
21824.454313066
 31
0.0
  0
LINE
  5
739
330
736
100
AcDbEntity
  8
Grids
  6
HIDDEN
 62
     8
440
 16777216
 48
75.0
370
     9
100
AcDbLine
 10
8552.816124655304
 20
18303.19821057468
 30
0.0
 11
6314.1412898297
 21
18352.05967307854
 31
0.0
  0
ARC
  5
73A
330
736
100
AcDbEntity
  8
Grids
  6
CONTINOUS
 62
     8
440
 16777216
 48
75.0
100
AcDbCircle
 10
11825.42944141104
 20
19968.79434419981
 30
0.0
 40
5672.085021003012
100
AcDbArc
 50
160.9212109321658
 51
176.8925350114888
  0
ARC
  5
73B
330
736
100
AcDbEntity
  8
Grids
  6
CONTINOUS
 62
     8
440
 16777216
 48
75.0
100
AcDbCircle
 10
11825.42944141104
 20
19968.79434419981
 30
0.0
 40
5672.085021003012
100
AcDbArc
 50
183.3965872436011
 51
196.5781032891548
  0
INSERT
  5
73C
330
736
100
AcDbEntity
  8
Grids
  6
CONTINOUS
 62
     8
440
 16777216
 48
75.0
100
AcDbBlockReference
  2
_ArchTick
 10
6464.912143256149
 20
21822.81774795416
 30
0.0
 41
75.0
 42
75.0
 43
75.0
 50
70.92121093216587
  0
INSERT
  5
73D
330
736
100
AcDbEntity
  8
Grids
  6
CONTINOUS
 62
     8
440
 16777216
 48
75.0
100
AcDbBlockReference
  2
_ArchTick
 10
6389.123432067933
 20
18350.4231079667
 30
0.0
 41
75.0
 42
75.0
 43
75.0
 50
286.5781032891549
  0
MTEXT
  5
73E
330
736
100
AcDbEntity
  8
Grids
  6
CONTINOUS
 62
     6
440
 16777216
 48
75.0
100
AcDbMText
 10
6154.694963648354
 20
20092.56416362385
 30
0.0
 40
150.0
 41
0.0
 46
0.0
 71
     5
 72
     1
  1
\A1;3618
  7
Dim.s & Anno.(Misc.)
 11
0.0218208681578836
 21
0.9997618965097821
 31
0.0
 73
     1
 44
1.0
 90
        3
 63
     9
421
 13158600
 45
-1.1
441
        0
  0
ARC
  5
73F
330
736
100
AcDbEntity
  8
Grids
  6
Continuous
 62
     6
440
 16777216
 48
75.0
100
AcDbCircle
 10
6208.595754339222
 20
19754.31906041703
 30
0.0
 40
122.5375170532061
100
AcDbArc
 50
88.74965711066456
 51
268.7496571106645
  0
POINT
  5
740
330
736
100
AcDbEntity
  8
Defpoints
  6
CONTINOUS
 62
     0
440
 16777216
 48
75.0
100
AcDbPoint
 10
11825.42944141104
 20
19968.79434419981
 30
0.0
  0
POINT
  5
741
330
736
100
AcDbEntity
  8
Defpoints
  6
CONTINOUS
 62
     0
440
 16777216
 48
75.0
100
AcDbPoint
 10
8628.604835841803
 20
21775.59285056218
 30
0.0
  0
POINT
  5
742
330
736
100
AcDbEntity
  8
Defpoints
  6
CONTINOUS
 62
     0
440
 16777216
 48
75.0
100
AcDbPoint
 10
8552.816124655304
 20
18303.19821057468
 30
0.0
  0
POINT
  5
743
330
736
100
AcDbEntity
  8
Defpoints
  6
CONTINOUS
 62
     0
440
 16777216
 48
75.0
100
AcDbPoint
 10
6197.985656071741
 20
20679.02313010811
 30
0.0
  0
ENDBLK
  5
744
330
736
100
AcDbEntity
  8
0
 48
20.0
100
AcDbBlockEnd
  0
BLOCK
  5
746
330
745
100
AcDbEntity
  8
0
 48
20.0
100
AcDbBlockBegin
  2
*D18
 70
     1
 10
0.0
 20
0.0
 30
0.0
  3
*D18
  1

  0
LINE
  5
747
330
745
100
AcDbEntity
  8
Grids
  6
HIDDEN
 62
     8
440
 16777216
 48
75.0
370
     9
100
AcDbLine
 10
8905.721132095909
 20
40518.29789406247
 30
0.0
 11
7859.418319649439
 21
41513.06743801605
 31
0.0
  0
LINE
  5
748
330
745
100
AcDbEntity
  8
Grids
  6
HIDDEN
 62
     8
440
 16777216
 48
75.0
370
     9
100
AcDbLine
 10
7567.166498068722
 20
39110.40047027358
 30
0.0
 11
6520.863685622256
 21
40105.17001422714
 31
0.0
  0
LINE
  5
749
330
745
100
AcDbEntity
  8
Grids
  6
CONTINOUS
 62
     8
440
 16777216
 48
75.0
100
AcDbLine
 10
7965.450546121498
 20
41515.74455388534
 30
0.0
 11
7367.02717600817
 21
40886.32032292748
 31
0.0
  0
LINE
  5
74A
330
745
100
AcDbEntity
  8
Grids
  6
CONTINOUS
 62
     8
440
 16777216
 48
75.0
100
AcDbLine
 10
6523.540801491545
 20
39999.13778775509
 30
0.0
 11
7121.964171604876
 21
40628.56201871293
 31
0.0
  0
INSERT
  5
74B
330
745
100
AcDbEntity
  8
Grids
  6
CONTINOUS
 62
     8
440
 16777216
 48
75.0
100
AcDbBlockReference
  2
_ArchTick
 10
7913.772990820115
 20
41461.38988271466
 30
0.0
 41
75.0
 42
75.0
 43
75.0
 50
46.44630425043232
  0
INSERT
  5
74C
330
745
100
AcDbEntity
  8
Grids
  6
CONTINOUS
 62
     8
440
 16777216
 48
75.0
100
AcDbBlockReference
  2
_ArchTick
 10
6575.218356792932
 20
40053.49245892575
 30
0.0
 41
75.0
 42
75.0
 43
75.0
 50
226.4463042504323
  0
MTEXT
  5
74D
330
745
100
AcDbEntity
  8
Grids
  6
CONTINOUS
 62
     6
440
 16777216
 48
75.0
100
AcDbMText
 10
7244.49567380652
 20
40757.4411708202
 30
0.0
 40
150.0
 41
0.0
 46
0.0
 71
     5
 72
     1
  1
\A1;1943
  7
Dim.s & Anno.(Misc.)
 11
0.6890340706851493
 21
0.7247289489423289
 31
0.0
 73
     1
 44
1.0
 90
        3
 63
     9
421
 13158600
 45
1.1
441
        0
  0
POINT
  5
74E
330
745
100
AcDbEntity
  8
Defpoints
  6
CONTINOUS
 62
     0
440
 16777216
 48
75.0
100
AcDbPoint
 10
8905.721132095909
 20
40518.29789406247
 30
0.0000000013216095
  0
POINT
  5
74F
330
745
100
AcDbEntity
  8
Defpoints
  6
CONTINOUS
 62
     0
440
 16777216
 48
75.0
100
AcDbPoint
 10
7567.166498068722
 20
39110.40047027358
 30
0.0000000013216095
  0
POINT
  5
750
330
745
100
AcDbEntity
  8
Defpoints
  6
CONTINOUS
 62
     0
440
 16777216
 48
75.0
100
AcDbPoint
 10
6575.218356792932
 20
40053.49245892575
 30
0.0
  0
ENDBLK
  5
751
330
745
100
AcDbEntity
  8
0
 48
20.0
100
AcDbBlockEnd
  0
BLOCK
  5
753
330
752
100
AcDbEntity
  8
0
 48
20.0
100
AcDbBlockBegin
  2
*D19
 70
     1
 10
0.0
 20
0.0
 30
0.0
  3
*D19
  1

  0
LINE
  5
754
330
752
100
AcDbEntity
  8
Grids
  6
HIDDEN
 62
     8
440
 16777216
 48
75.0
370
     9
100
AcDbLine
 10
10548.22698875889
 20
51484.17353248782
 30
0.0
 11
10399.56699772491
 21
51776.95703507638
 31
0.0
  0
LINE
  5
755
330
752
100
AcDbEntity
  8
Grids
  6
HIDDEN
 62
     8
440
 16777216
 48
75.0
370
     9
100
AcDbLine
 10
7694.956496223804
 20
50035.43355408497
 30
0.0
 11
7546.296506045933
 21
50328.21705498744
 31
0.0
  0
LINE
  5
756
330
752
100
AcDbEntity
  8
Grids
  6
CONTINOUS
 62
     8
440
 16777216
 48
75.0
100
AcDbLine
 10
10534.00482477995
 20
51733.06545665048
 30
0.0
 11
9236.311713872124
 21
51074.16546902544
 31
0.0
  0
LINE
  5
757
330
752
100
AcDbEntity
  8
Grids
  6
CONTINOUS
 62
     8
440
 16777216
 48
75.0
100
AcDbLine
 10
7502.404927620027
 20
50193.77922793239
 30
0.0
 11
8800.09803852786
 21
50852.67921555742
 31
0.0
  0
INSERT
  5
758
330
752
100
AcDbEntity
  8
Grids
  6
CONTINOUS
 62
     8
440
 16777216
 48
75.0
100
AcDbBlockReference
  2
_ArchTick
 10
10444.84012203948
 20
51687.7923323359
 30
0.0
 41
100.0
 42
100.0
 43
100.0
 50
26.91905317094686
  0
INSERT
  5
759
330
752
100
AcDbEntity
  8
Grids
  6
CONTINOUS
 62
     8
440
 16777216
 48
75.0
100
AcDbBlockReference
  2
_ArchTick
 10
7591.569630360503
 20
50239.05235224695
 30
0.0
 41
100.0
 42
100.0
 43
100.0
 50
206.9190531709468
  0
MTEXT
  5
75A
330
752
100
AcDbEntity
  8
Grids
  6
CONTINOUS
 62
     6
440
 16777216
 48
75.0
100
AcDbMText
 10
9018.204876199991
 20
50963.42234229143
 30
0.0
 40
200.0
 41
0.0
 46
0.0
 71
     5
 72
     1
  1
\A1;3200
  7
Dim.s & Anno.(Misc.)
 11
0.8916470274047648
 21
0.4527312431456952
 31
0.0
 73
     1
 44
1.0
  0
POINT
  5
75B
330
752
100
AcDbEntity
  8
Defpoints
  6
CONTINOUS
 62
     0
440
 16777216
 48
75.0
100
AcDbPoint
 10
10548.22698875889
 20
51484.17353248782
 30
0.0
  0
POINT
  5
75C
330
752
100
AcDbEntity
  8
Defpoints
  6
CONTINOUS
 62
     0
440
 16777216
 48
75.0
100
AcDbPoint
 10
7694.956496223804
 20
50035.43355408497
 30
0.0
  0
POINT
  5
75D
330
752
100
AcDbEntity
  8
Defpoints
  6
CONTINOUS
 62
     0
440
 16777216
 48
75.0
100
AcDbPoint
 10
7591.569630360503
 20
50239.05235224695
 30
0.0
  0
ENDBLK
  5
75E
330
752
100
AcDbEntity
  8
0
 48
20.0
100
AcDbBlockEnd
  0
BLOCK
  5
760
330
75F
100
AcDbEntity
  8
0
 48
20.0
100
AcDbBlockBegin
  2
*D20
 70
     1
 10
0.0
 20
0.0
 30
0.0
  3
*D20
  1

  0
LINE
  5
761
330
75F
100
AcDbEntity
  8
Grids
  6
HIDDEN
 62
     8
440
 16777216
 48
75.0
370
     9
100
AcDbLine
 10
7694.956496220083
 20
50035.43355408496
 30
0.0
 11
7546.296505265775
 21
50328.2170565166
 31
0.0
  0
LINE
  5
762
330
75F
100
AcDbEntity
  8
Grids
  6
HIDDEN
 62
     8
440
 16777216
 48
75.0
370
     9
100
AcDbLine
 10
5121.941146973524
 20
48728.99232769757
 30
0.0
 11
4973.281156793382
 21
49021.7758286045
 31
0.0
  0
LINE
  5
763
330
75F
100
AcDbEntity
  8
Grids
  6
CONTINOUS
 62
     8
440
 16777216
 48
75.0
100
AcDbLine
 10
7680.734332320823
 20
50284.3254780907
 30
0.0
 11
6524.567693536777
 21
49697.28515431618
 31
0.0
  0
LINE
  5
764
330
75F
100
AcDbEntity
  8
Grids
  6
CONTINOUS
 62
     8
440
 16777216
 48
75.0
100
AcDbLine
 10
4929.389578367477
 20
48887.33800154946
 30
0.0
 11
6085.556217151538
 21
49474.37832532398
 31
0.0
  0
INSERT
  5
765
330
75F
100
AcDbEntity
  8
Grids
  6
CONTINOUS
 62
     8
440
 16777216
 48
75.0
100
AcDbBlockReference
  2
_ArchTick
 10
7591.569629580347
 20
50239.05235377613
 30
0.0
 41
100.0
 42
100.0
 43
100.0
 50
26.91905317094686
  0
INSERT
  5
766
330
75F
100
AcDbEntity
  8
Grids
  6
CONTINOUS
 62
     8
440
 16777216
 48
75.0
100
AcDbBlockReference
  2
_ArchTick
 10
5018.554281107954
 20
48932.61112586403
 30
0.0
 41
100.0
 42
100.0
 43
100.0
 50
206.9190531709468
  0
MTEXT
  5
767
330
75F
100
AcDbEntity
  8
Grids
  6
CONTINOUS
 62
     6
440
 16777216
 48
75.0
100
AcDbMText
 10
6305.061955344154
 20
49585.83173982008
 30
0.0
 40
200.0
 41
0.0
 46
0.0
 71
     5
 72
     1
  1
\A1;2886
  7
Dim.s & Anno.(Misc.)
 11
0.8916470274047648
 21
0.4527312431456952
 31
0.0
 73
     1
 44
1.0
  0
POINT
  5
768
330
75F
100
AcDbEntity
  8
Defpoints
  6
CONTINOUS
 62
     0
440
 16777216
 48
75.0
100
AcDbPoint
 10
7694.956496220083
 20
50035.43355408496
 30
0.0
  0
POINT
  5
769
330
75F
100
AcDbEntity
  8
Defpoints
  6
CONTINOUS
 62
     0
440
 16777216
 48
75.0
100
AcDbPoint
 10
5121.941146973524
 20
48728.99232769757
 30
0.0
  0
POINT
  5
76A
330
75F
100
AcDbEntity
  8
Defpoints
  6
CONTINOUS
 62
     0
440
 16777216
 48
75.0
100
AcDbPoint
 10
5018.554281107954
 20
48932.61112586403
 30
0.0
  0
ENDBLK
  5
76B
330
75F
100
AcDbEntity
  8
0
 48
20.0
100
AcDbBlockEnd
  0
BLOCK
  5
76D
330
76C
100
AcDbEntity
  8
0
 48
20.0
100
AcDbBlockBegin
  2
*D21
 70
     1
 10
0.0
 20
0.0
 30
0.0
  3
*D21
  1

  0
LINE
  5
76E
330
76C
100
AcDbEntity
  8
Grids
  6
HIDDEN
 62
     8
440
 16777216
 48
75.0
370
     9
100
AcDbLine
 10
15318.78694260865
 20
53906.41178231686
 30
0.0
 11
15170.12695099773
 21
54199.19528604171
 31
0.0
  0
LINE
  5
76F
330
76C
100
AcDbEntity
  8
Grids
  6
HIDDEN
 62
     8
440
 16777216
 48
75.0
370
     9
100
AcDbLine
 10
10548.22698703408
 20
51484.17353147827
 30
0.0
 11
10399.56699685469
 21
51776.95703238372
 31
0.0
  0
LINE
  5
770
330
76C
100
AcDbEntity
  8
Grids
  6
CONTINOUS
 62
     8
440
 16777216
 48
75.0
100
AcDbLine
 10
15304.56477805277
 20
54155.30370761579
 30
0.0
 11
13048.22693591291
 21
53009.65458320624
 31
0.0
  0
LINE
  5
771
330
76C
100
AcDbEntity
  8
Grids
  6
CONTINOUS
 62
     8
440
 16777216
 48
75.0
100
AcDbLine
 10
10355.67541842878
 20
51642.51920532867
 30
0.0
 11
12612.01326056864
 21
52788.16832973824
 31
0.0
  0
INSERT
  5
772
330
76C
100
AcDbEntity
  8
Grids
  6
CONTINOUS
 62
     8
440
 16777216
 48
75.0
100
AcDbBlockReference
  2
_ArchTick
 10
15215.4000753123
 20
54110.03058330122
 30
0.0
 41
100.0
 42
100.0
 43
100.0
 50
26.91905317094686
  0
INSERT
  5
773
330
76C
100
AcDbEntity
  8
Grids
  6
CONTINOUS
 62
     8
440
 16777216
 48
75.0
100
AcDbBlockReference
  2
_ArchTick
 10
10444.84012116926
 20
51687.79232964324
 30
0.0
 41
100.0
 42
100.0
 43
100.0
 50
206.9190531709468
  0
MTEXT
  5
774
330
76C
100
AcDbEntity
  8
Grids
  6
CONTINOUS
 62
     6
440
 16777216
 48
75.0
100
AcDbMText
 10
12830.12009824078
 20
52898.91145647223
 30
0.0
 40
200.0
 41
0.0
 46
0.0
 71
     5
 72
     1
  1
\A1;5350
  7
Dim.s & Anno.(Misc.)
 11
0.8916470274047648
 21
0.4527312431456952
 31
0.0
 73
     1
 44
1.0
  0
POINT
  5
775
330
76C
100
AcDbEntity
  8
Defpoints
  6
CONTINOUS
 62
     0
440
 16777216
 48
75.0
100
AcDbPoint
 10
15318.78694260865
 20
53906.41178231686
 30
0.0
  0
POINT
  5
776
330
76C
100
AcDbEntity
  8
Defpoints
  6
CONTINOUS
 62
     0
440
 16777216
 48
75.0
100
AcDbPoint
 10
10548.22698703408
 20
51484.17353147827
 30
0.0
  0
POINT
  5
777
330
76C
100
AcDbEntity
  8
Defpoints
  6
CONTINOUS
 62
     0
440
 16777216
 48
75.0
100
AcDbPoint
 10
10444.84012116926
 20
51687.79232964324
 30
0.0
  0
ENDBLK
  5
778
330
76C
100
AcDbEntity
  8
0
 48
20.0
100
AcDbBlockEnd
  0
BLOCK
  5
77A
330
779
100
AcDbEntity
  8
0
 48
20.0
100
AcDbBlockBegin
  2
*D22
 70
     1
 10
0.0
 20
0.0
 30
0.0
  3
*D22
  1

  0
LINE
  5
77B
330
779
100
AcDbEntity
  8
Grids
  6
HIDDEN
 62
     8
440
 16777216
 48
75.0
370
     9
100
AcDbLine
 10
17878.30962633715
 20
53227.12059663796
 30
0.0
 11
18162.99361548886
 21
53371.66808254012
 31
0.0
  0
LINE
  5
77C
330
779
100
AcDbEntity
  8
Grids
  6
HIDDEN
 62
     8
440
 16777216
 48
75.0
370
     9
100
AcDbLine
 10
19347.59192666039
 20
50333.39232571424
 30
0.0
 11
19632.27591581211
 21
50477.9398116164
 31
0.0
  0
LINE
  5
77D
330
779
100
AcDbEntity
  8
Grids
  6
CONTINOUS
 62
     8
440
 16777216
 48
75.0
100
AcDbLine
 10
18062.16524521704
 20
53404.58676641919
 30
0.0
 11
18747.40279337467
 21
52055.02224436245
 31
0.0
  0
LINE
  5
77E
330
779
100
AcDbEntity
  8
Grids
  6
CONTINOUS
 62
     8
440
 16777216
 48
75.0
100
AcDbLine
 10
19599.35723193304
 20
50377.11144134458
 30
0.0
 11
18914.11968377542
 21
51726.67596340133
 31
0.0
  0
INSERT
  5
77F
330
779
100
AcDbEntity
  8
Grids
  6
CONTINOUS
 62
     8
440
 16777216
 48
75.0
100
AcDbBlockReference
  2
_ArchTick
 10
18096.12008841342
 20
53337.71323934374
 30
0.0
 41
75.0
 42
75.0
 43
75.0
 50
116.9190531370591
  0
INSERT
  5
780
330
779
100
AcDbEntity
  8
Grids
  6
CONTINOUS
 62
     8
440
 16777216
 48
75.0
100
AcDbBlockReference
  2
_ArchTick
 10
19565.40238873667
 20
50443.98496842003
 30
0.0
 41
75.0
 42
75.0
 43
75.0
 50
296.9190531370592
  0
MTEXT
  5
781
330
779
100
AcDbEntity
  8
Grids
  6
CONTINOUS
 62
     6
440
 16777216
 48
75.0
100
AcDbMText
 10
18830.76123857505
 20
51890.84910388189
 30
0.0
 40
150.0
 41
0.0
 46
0.0
 71
     5
 72
     1
  1
\A1;3245
  7
Dim.s & Anno.(Misc.)
 11
0.4527312426183294
 21
-0.8916470276725332
 31
0.0
 73
     1
 44
1.0
 90
        3
 63
     9
421
 13158600
 45
1.1
441
        0
  0
POINT
  5
782
330
779
100
AcDbEntity
  8
Defpoints
  6
CONTINOUS
 62
     0
440
 16777216
 48
75.0
100
AcDbPoint
 10
17878.30962633715
 20
53227.12059663796
 30
0.0
  0
POINT
  5
783
330
779
100
AcDbEntity
  8
Defpoints
  6
CONTINOUS
 62
     0
440
 16777216
 48
75.0
100
AcDbPoint
 10
19347.59192666039
 20
50333.39232571424
 30
0.0
  0
POINT
  5
784
330
779
100
AcDbEntity
  8
Defpoints
  6
CONTINOUS
 62
     0
440
 16777216
 48
75.0
100
AcDbPoint
 10
19565.40238873667
 20
50443.98496842003
 30
0.0
  0
ENDBLK
  5
785
330
779
100
AcDbEntity
  8
0
 48
20.0
100
AcDbBlockEnd
  0
BLOCK
  5
787
330
786
100
AcDbEntity
  8
0
 48
20.0
100
AcDbBlockBegin
  2
*D23
 70
     1
 10
0.0
 20
0.0
 30
0.0
  3
*D23
  1

  0
LINE
  5
788
330
786
100
AcDbEntity
  8
Grids
  6
HIDDEN
 62
     8
440
 16777216
 48
75.0
370
     9
100
AcDbLine
 10
19347.59192666039
 20
50333.39232571423
 30
0.0
 11
19654.5670866075
 21
50489.25809073975
 31
0.0
  0
LINE
  5
789
330
786
100
AcDbEntity
  8
Grids
  6
HIDDEN
 62
     8
440
 16777216
 48
75.0
370
     9
100
AcDbLine
 10
21247.88080237805
 20
47130.37032149546
 30
0.0
 11
21337.04550508598
 21
47175.64344588519
 31
0.0
  0
LINE
  5
78A
330
786
100
AcDbEntity
  8
Grids
  6
CONTINOUS
 62
     8
440
 16777216
 48
75.0
100
AcDbLine
 10
19520.12925951657
 20
50533.14966905574
 30
0.0
 11
20295.80582000098
 21
49005.46694679182
 31
0.0
  0
LINE
  5
78B
330
786
100
AcDbEntity
  8
Grids
  6
CONTINOUS
 62
     8
440
 16777216
 48
75.0
100
AcDbLine
 10
21293.15392676999
 20
47041.20561879427
 30
0.0
 11
20517.47736628558
 21
48568.88834105821
 31
0.0
  0
INSERT
  5
78C
330
786
100
AcDbEntity
  8
Grids
  6
CONTINOUS
 62
     8
440
 16777216
 48
75.0
100
AcDbBlockReference
  2
_ArchTick
 10
19565.40238390404
 20
50443.98496635228
 30
0.0
 41
100.0
 42
100.0
 43
100.0
 50
116.9190532177886
  0
INSERT
  5
78D
330
786
100
AcDbEntity
  8
Grids
  6
CONTINOUS
 62
     8
440
 16777216
 48
75.0
100
AcDbBlockReference
  2
_ArchTick
 10
21247.88080238252
 20
47130.37032149773
 30
0.0
 41
100.0
 42
100.0
 43
100.0
 50
296.9190532177886
  0
MTEXT
  5
78E
330
786
100
AcDbEntity
  8
Grids
  6
CONTINOUS
 62
     6
440
 16777216
 48
75.0
100
AcDbMText
 10
20406.64159314328
 20
48787.177643925
 30
0.0
 40
200.0
 41
0.0
 46
0.0
 71
     5
 72
     1
  1
\A1;3716
  7
Dim.s & Anno.(Misc.)
 11
0.4527312438746561
 21
-0.8916470270346369
 31
0.0
 73
     1
 44
1.0
  0
POINT
  5
78F
330
786
100
AcDbEntity
  8
Defpoints
  6
CONTINOUS
 62
     0
440
 16777216
 48
75.0
100
AcDbPoint
 10
19347.59192666039
 20
50333.39232571423
 30
0.0
  0
POINT
  5
790
330
786
100
AcDbEntity
  8
Defpoints
  6
CONTINOUS
 62
     0
440
 16777216
 48
75.0
100
AcDbPoint
 10
21247.88080237805
 20
47130.37032149546
 30
0.0
  0
POINT
  5
791
330
786
100
AcDbEntity
  8
Defpoints
  6
CONTINOUS
 62
     0
440
 16777216
 48
75.0
100
AcDbPoint
 10
21247.88080238252
 20
47130.37032149773
 30
0.0
  0
ENDBLK
  5
792
330
786
100
AcDbEntity
  8
0
 48
20.0
100
AcDbBlockEnd
  0
BLOCK
  5
794
330
793
100
AcDbEntity
  8
0
 48
20.0
100
AcDbBlockBegin
  2
*D24
 70
     1
 10
0.0
 20
0.0
 30
0.0
  3
*D24
  1

  0
LINE
  5
795
330
793
100
AcDbEntity
  8
Grids
  6
HIDDEN
 62
     8
440
 16777216
 48
75.0
370
     9
100
AcDbLine
 10
21247.88080237805
 20
47130.37032149546
 30
0.0
 11
21158.71609068313
 21
47085.0971925426
 31
0.0
  0
LINE
  5
796
330
793
100
AcDbEntity
  8
Grids
  6
HIDDEN
 62
     8
440
 16777216
 48
75.0
370
     9
100
AcDbLine
 10
24488.23610439897
 20
40748.54176260345
 30
0.0
 11
24399.07140169106
 21
40703.26863821373
 31
0.0
  0
LINE
  5
797
330
793
100
AcDbEntity
  8
Grids
  6
CONTINOUS
 62
     8
440
 16777216
 48
75.0
100
AcDbLine
 10
21202.60766899913
 20
47219.53501963353
 30
0.0
 11
22757.53149651488
 21
44157.13712501508
 31
0.0
  0
LINE
  5
798
330
793
100
AcDbEntity
  8
Grids
  6
CONTINOUS
 62
     8
440
 16777216
 48
75.0
100
AcDbLine
 10
24533.50922878199
 20
40659.37705989773
 30
0.0
 11
22978.58540126623
 21
43721.77495451619
 31
0.0
  0
INSERT
  5
799
330
793
100
AcDbEntity
  8
Grids
  6
CONTINOUS
 62
     8
440
 16777216
 48
75.0
100
AcDbBlockReference
  2
_ArchTick
 10
21247.88079338659
 20
47130.37031693007
 30
0.0
 41
100.0
 42
100.0
 43
100.0
 50
116.9190532177886
  0
INSERT
  5
79A
330
793
100
AcDbEntity
  8
Grids
  6
CONTINOUS
 62
     8
440
 16777216
 48
75.0
100
AcDbBlockReference
  2
_ArchTick
 10
24488.23610439452
 20
40748.54176260119
 30
0.0
 41
100.0
 42
100.0
 43
100.0
 50
296.9190532177886
  0
MTEXT
  5
79B
330
793
100
AcDbEntity
  8
Grids
  6
CONTINOUS
 62
     6
440
 16777216
 48
75.0
100
AcDbMText
 10
22868.05844889056
 20
43939.45603976563
 30
0.0
 40
200.0
 41
0.0
 46
0.0
 71
     5
 72
     1
  1
\A1;7157
  7
Dim.s & Anno.(Misc.)
 11
0.4527312438746561
 21
-0.8916470270346369
 31
0.0
 73
     1
 44
1.0
  0
POINT
  5
79C
330
793
100
AcDbEntity
  8
Defpoints
  6
CONTINOUS
 62
     0
440
 16777216
 48
75.0
100
AcDbPoint
 10
21247.88080237805
 20
47130.37032149546
 30
0.0
  0
POINT
  5
79D
330
793
100
AcDbEntity
  8
Defpoints
  6
CONTINOUS
 62
     0
440
 16777216
 48
75.0
100
AcDbPoint
 10
24488.23610439897
 20
40748.54176260345
 30
0.0
  0
POINT
  5
79E
330
793
100
AcDbEntity
  8
Defpoints
  6
CONTINOUS
 62
     0
440
 16777216
 48
75.0
100
AcDbPoint
 10
24488.23610439452
 20
40748.54176260119
 30
0.0
  0
ENDBLK
  5
79F
330
793
100
AcDbEntity
  8
0
 48
20.0
100
AcDbBlockEnd
  0
BLOCK
  5
7A1
330
7A0
100
AcDbEntity
  8
0
 48
20.0
100
AcDbBlockBegin
  2
*D25
 70
     1
 10
0.0
 20
0.0
 30
0.0
  3
*D25
  1

  0
LINE
  5
7A2
330
7A0
100
AcDbEntity
  8
Grids
  6
HIDDEN
 62
     8
440
 16777216
 48
75.0
370
     9
100
AcDbLine
 10
24488.23610439897
 20
40748.54176260345
 30
0.0
 11
24399.07139712986
 21
40703.26863589779
 31
0.0
  0
LINE
  5
7A3
330
7A0
100
AcDbEntity
  8
Grids
  6
HIDDEN
 62
     8
440
 16777216
 48
75.0
370
     9
100
AcDbLine
 10
26132.09964488447
 20
37510.97849812731
 30
0.0
 11
26221.26434759167
 21
37556.25162251668
 31
0.0
  0
LINE
  5
7A4
330
7A0
100
AcDbEntity
  8
Grids
  6
CONTINOUS
 62
     8
440
 16777216
 48
75.0
100
AcDbLine
 10
24442.96297544586
 20
40837.70646298872
 30
0.0
 11
25206.46585892754
 21
39333.99960511326
 31
0.0
  0
LINE
  5
7A5
330
7A0
100
AcDbEntity
  8
Grids
  6
CONTINOUS
 62
     8
440
 16777216
 48
75.0
100
AcDbLine
 10
26177.37276927566
 20
37421.81379542575
 30
0.0
 11
25413.86988579399
 21
38925.52065330121
 31
0.0
  0
INSERT
  5
7A6
330
7A0
100
AcDbEntity
  8
Grids
  6
CONTINOUS
 62
     8
440
 16777216
 48
75.0
100
AcDbBlockReference
  2
_ArchTick
 10
24488.23609983333
 20
40748.54176028525
 30
0.0
 41
100.0
 42
100.0
 43
100.0
 50
116.9190532177886
  0
INSERT
  5
7A7
330
7A0
100
AcDbEntity
  8
Grids
  6
CONTINOUS
 62
     8
440
 16777216
 48
75.0
100
AcDbBlockReference
  2
_ArchTick
 10
26132.0996448882
 20
37510.97849812921
 30
0.0
 41
100.0
 42
100.0
 43
100.0
 50
296.9190532177886
  0
MTEXT
  5
7A8
330
7A0
100
AcDbEntity
  8
Grids
  6
CONTINOUS
 62
     6
440
 16777216
 48
75.0
100
AcDbMText
 10
25310.16787236076
 20
39129.76012920723
 30
0.0
 40
200.0
 41
0.0
 46
0.0
 71
     5
 72
     1
  1
\A1;3631
  7
Dim.s & Anno.(Misc.)
 11
0.4527312438746561
 21
-0.8916470270346369
 31
0.0
 73
     1
 44
1.0
  0
POINT
  5
7A9
330
7A0
100
AcDbEntity
  8
Defpoints
  6
CONTINOUS
 62
     0
440
 16777216
 48
75.0
100
AcDbPoint
 10
24488.23610439897
 20
40748.54176260345
 30
0.0
  0
POINT
  5
7AA
330
7A0
100
AcDbEntity
  8
Defpoints
  6
CONTINOUS
 62
     0
440
 16777216
 48
75.0
100
AcDbPoint
 10
26132.09964488447
 20
37510.97849812731
 30
0.0
  0
POINT
  5
7AB
330
7A0
100
AcDbEntity
  8
Defpoints
  6
CONTINOUS
 62
     0
440
 16777216
 48
75.0
100
AcDbPoint
 10
26132.0996448882
 20
37510.97849812921
 30
0.0
  0
ENDBLK
  5
7AC
330
7A0
100
AcDbEntity
  8
0
 48
20.0
100
AcDbBlockEnd
  0
BLOCK
  5
7AE
330
7AD
100
AcDbEntity
  8
0
 48
20.0
100
AcDbBlockBegin
  2
*D26
 70
     1
 10
0.0
 20
0.0
 30
0.0
  3
*D26
  1

  0
LINE
  5
7AF
330
7AD
100
AcDbEntity
  8
Grids
  6
HIDDEN
 62
     8
440
 16777216
 48
75.0
370
     9
100
AcDbLine
 10
26132.09964488447
 20
37510.97849812731
 30
0.0
 11
26042.93493671459
 21
37465.70537096429
 31
0.0
  0
LINE
  5
7B0
330
7AD
100
AcDbEntity
  8
Grids
  6
HIDDEN
 62
     8
440
 16777216
 48
75.0
370
     9
100
AcDbLine
 10
28101.48055024818
 20
33632.31392780691
 30
0.0
 11
28012.31584754175
 21
33587.04080341794
 31
0.0
  0
LINE
  5
7B1
330
7AD
100
AcDbEntity
  8
Grids
  6
CONTINOUS
 62
     8
440
 16777216
 48
75.0
100
AcDbLine
 10
26086.82651503058
 20
37600.14319805522
 30
0.0
 11
27004.56462823951
 21
35792.67249372346
 31
0.0
  0
LINE
  5
7B2
330
7AD
100
AcDbEntity
  8
Grids
  6
CONTINOUS
 62
     8
440
 16777216
 48
75.0
100
AcDbLine
 10
28146.75367463268
 20
33543.14922510195
 30
0.0
 11
27229.01556142375
 21
35350.61992943371
 31
0.0
  0
INSERT
  5
7B3
330
7AD
100
AcDbEntity
  8
Grids
  6
CONTINOUS
 62
     8
440
 16777216
 48
75.0
100
AcDbBlockReference
  2
_ArchTick
 10
26132.09963941805
 20
37510.97849535175
 30
0.0
 41
100.0
 42
100.0
 43
100.0
 50
116.9190532177886
  0
INSERT
  5
7B4
330
7AD
100
AcDbEntity
  8
Grids
  6
CONTINOUS
 62
     8
440
 16777216
 48
75.0
100
AcDbBlockReference
  2
_ArchTick
 10
28101.48055024522
 20
33632.31392780542
 30
0.0
 41
100.0
 42
100.0
 43
100.0
 50
296.9190532177886
  0
MTEXT
  5
7B5
330
7AD
100
AcDbEntity
  8
Grids
  6
CONTINOUS
 62
     6
440
 16777216
 48
75.0
100
AcDbMText
 10
27116.79009483163
 20
35571.64621157859
 30
0.0
 40
200.0
 41
0.0
 46
0.0
 71
     5
 72
     1
  1
\A1;4350
  7
Dim.s & Anno.(Misc.)
 11
0.4527312438746561
 21
-0.8916470270346369
 31
0.0
 73
     1
 44
1.0
  0
POINT
  5
7B6
330
7AD
100
AcDbEntity
  8
Defpoints
  6
CONTINOUS
 62
     0
440
 16777216
 48
75.0
100
AcDbPoint
 10
26132.09964488447
 20
37510.97849812731
 30
0.0
  0
POINT
  5
7B7
330
7AD
100
AcDbEntity
  8
Defpoints
  6
CONTINOUS
 62
     0
440
 16777216
 48
75.0
100
AcDbPoint
 10
28101.48055024818
 20
33632.31392780691
 30
0.0
  0
POINT
  5
7B8
330
7AD
100
AcDbEntity
  8
Defpoints
  6
CONTINOUS
 62
     0
440
 16777216
 48
75.0
100
AcDbPoint
 10
28101.48055024522
 20
33632.31392780542
 30
0.0
  0
ENDBLK
  5
7B9
330
7AD
100
AcDbEntity
  8
0
 48
20.0
100
AcDbBlockEnd
  0
BLOCK
  5
7BB
330
7BA
100
AcDbEntity
  8
0
 48
20.0
100
AcDbBlockBegin
  2
*D27
 70
     1
 10
0.0
 20
0.0
 30
0.0
  3
*D27
  1

  0
LINE
  5
7BC
330
7BA
100
AcDbEntity
  8
Dimension
  6
HIDDEN
 62
     8
440
 16777216
 48
20.0
370
     9
100
AcDbLine
 10
24803841.73711791
 20
12477909.98477467
 30
0.0
 11
24803907.23632249
 21
12477946.52043124
 31
0.0
  0
LINE
  5
7BD
330
7BA
100
AcDbEntity
  8
Dimension
  6
HIDDEN
 62
     8
440
 16777216
 48
20.0
370
     9
100
AcDbLine
 10
24803914.80240321
 20
12477778.99717193
 30
0.0
 11
24803980.30160778
 21
12477815.5328285
 31
0.0
  0
LINE
  5
7BE
330
7BA
100
AcDbEntity
  8
Dimension
 62
     8
440
 16777216
 48
20.0
100
AcDbLine
 10
24803805.20146135
 20
12477975.48397924
 30
0.0
 11
24803914.80240322
 21
12477778.99717193
 31
0.0
  0
LINE
  5
7BF
330
7BA
100
AcDbEntity
  8
Dimension
 62
     8
440
 16777216
 48
20.0
100
AcDbLine
 10
24803914.80240322
 20
12477778.99717193
 30
0.0
 11
24803951.33805978
 21
12477713.49796736
 31
0.0
  0
INSERT
  5
7C0
330
7BA
100
AcDbEntity
  8
Dimension
 62
     8
440
 16777216
 48
20.0
100
AcDbBlockReference
  2
_ArchTick
 10
24803841.73711792
 20
12477909.98477467
 30
0.0
 41
75.0
 42
75.0
 43
75.0
 50
119.1529117339064
  0
INSERT
  5
7C1
330
7BA
100
AcDbEntity
  8
Dimension
 62
     8
440
 16777216
 48
20.0
100
AcDbBlockReference
  2
_ArchTick
 10
24803914.80240322
 20
12477778.99717193
 30
0.0
 41
75.0
 42
75.0
 43
75.0
 50
299.1529117339064
  0
MTEXT
  5
7C2
330
7BA
100
AcDbEntity
  8
Dimension
 62
     6
440
 16777216
 48
20.0
100
AcDbMText
 10
24804014.61502569
 20
12477600.05834908
 30
0.0
 40
150.0
 41
0.0
 46
0.0
 71
     5
 72
     1
  1
\A1;150
  7
Dim.s & Anno.(Misc.)
 11
0.4871420875709617
 21
-0.873322727585287
 31
0.0
 73
     1
 44
1.0
 90
        3
 63
     9
421
 13158600
 45
1.1
441
        0
  0
POINT
  5
7C3
330
7BA
100
AcDbEntity
  8
Defpoints
 62
     0
440
 16777216
 48
20.0
100
AcDbPoint
 10
24803841.73711791
 20
12477909.98477467
 30
0.0000000013216095
  0
POINT
  5
7C4
330
7BA
100
AcDbEntity
  8
Defpoints
 62
     0
440
 16777216
 48
20.0
100
AcDbPoint
 10
24803914.80240321
 20
12477778.99717193
 30
0.0000000013216095
  0
POINT
  5
7C5
330
7BA
100
AcDbEntity
  8
Defpoints
 62
     0
440
 16777216
 48
20.0
100
AcDbPoint
 10
24803914.80240322
 20
12477778.99717193
 30
0.0
  0
ENDBLK
  5
7C6
330
7BA
100
AcDbEntity
  8
0
 48
20.0
100
AcDbBlockEnd
  0
BLOCK
  5
7C8
330
7C7
100
AcDbEntity
  8
0
 48
20.0
100
AcDbBlockBegin
  2
*D28
 70
     1
 10
0.0
 20
0.0
 30
0.0
  3
*D28
  1

  0
LINE
  5
7C9
330
7C7
100
AcDbEntity
  8
Dimension
  6
HIDDEN
 62
     8
440
 16777216
 48
20.0
370
     9
100
AcDbLine
 10
24804416.06571311
 20
12476942.16969503
 30
0.0
 11
24804321.09764284
 21
12476889.19621486
 31
0.0
  0
LINE
  5
7CA
330
7C7
100
AcDbEntity
  8
Dimension
  6
HIDDEN
 62
     8
440
 16777216
 48
20.0
370
     9
100
AcDbLine
 10
24804489.13229099
 20
12476811.17977554
 30
0.0
 11
24804394.16422071
 21
12476758.20629537
 31
0.0
  0
LINE
  5
7CB
330
7C7
100
AcDbEntity
  8
Dimension
 62
     8
440
 16777216
 48
20.0
100
AcDbLine
 10
24804350.06119067
 20
12476991.23107604
 30
0.0
 11
24804459.66342522
 21
12476794.74195205
 31
0.0
  0
LINE
  5
7CC
330
7C7
100
AcDbEntity
  8
Dimension
 62
     8
440
 16777216
 48
20.0
100
AcDbLine
 10
24804459.66342522
 20
12476794.74195205
 30
0.0
 11
24804496.1990819
 21
12476729.24274755
 31
0.0
  0
INSERT
  5
7CD
330
7C7
100
AcDbEntity
  8
Dimension
 62
     8
440
 16777216
 48
20.0
100
AcDbBlockReference
  2
_ArchTick
 10
24804386.59684735
 20
12476925.73187154
 30
0.0
 41
75.0
 42
75.0
 43
75.0
 50
119.1529118311303
  0
INSERT
  5
7CE
330
7C7
100
AcDbEntity
  8
Dimension
 62
     8
440
 16777216
 48
20.0
100
AcDbBlockReference
  2
_ArchTick
 10
24804459.66342522
 20
12476794.74195205
 30
0.0
 41
75.0
 42
75.0
 43
75.0
 50
299.1529118311303
  0
MTEXT
  5
7CF
330
7C7
100
AcDbEntity
  8
Dimension
 62
     6
440
 16777216
 48
20.0
100
AcDbMText
 10
24804559.476048
 20
12476615.80312937
 30
0.0
 40
150.0
 41
0.0
 46
0.0
 71
     5
 72
     1
  1
\A1;150
  7
Dim.s & Anno.(Misc.)
 11
0.487142089052882
 21
-0.8733227267586674
 31
0.0
 73
     1
 44
1.0
 90
        3
 63
     9
421
 13158600
 45
1.1
441
        0
  0
POINT
  5
7D0
330
7C7
100
AcDbEntity
  8
Defpoints
 62
     0
440
 16777216
 48
20.0
100
AcDbPoint
 10
24804416.06571311
 20
12476942.16969503
 30
0.0000000013216095
  0
POINT
  5
7D1
330
7C7
100
AcDbEntity
  8
Defpoints
 62
     0
440
 16777216
 48
20.0
100
AcDbPoint
 10
24804489.13229099
 20
12476811.17977554
 30
0.0000000013216095
  0
POINT
  5
7D2
330
7C7
100
AcDbEntity
  8
Defpoints
 62
     0
440
 16777216
 48
20.0
100
AcDbPoint
 10
24804459.66342522
 20
12476794.74195205
 30
0.0
  0
ENDBLK
  5
7D3
330
7C7
100
AcDbEntity
  8
0
 48
20.0
100
AcDbBlockEnd
  0
BLOCK
  5
7D5
330
7D4
100
AcDbEntity
  8
0
 48
20.0
100
AcDbBlockBegin
  2
*D29
 70
     1
 10
0.0
 20
0.0
 30
0.0
  3
*D29
  1

  0
LINE
  5
7D6
330
7D4
100
AcDbEntity
  8
Dimension
  6
HIDDEN
 62
     8
440
 16777216
 48
20.0
370
     9
100
AcDbLine
 10
24805580.1487192
 20
12474786.11787076
 30
0.0
 11
24805675.06529043
 21
12474839.06586796
 31
0.0
  0
LINE
  5
7D7
330
7D4
100
AcDbEntity
  8
Dimension
  6
HIDDEN
 62
     8
440
 16777216
 48
20.0
370
     9
100
AcDbLine
 10
24805507.07399188
 20
12474917.11437539
 30
0.0
 11
24805601.99056312
 21
12474970.06237259
 31
0.0
  0
LINE
  5
7D8
330
7D4
100
AcDbEntity
  8
Dimension
 62
     8
440
 16777216
 48
20.0
100
AcDbLine
 10
24805646.10440178
 20
12474737.03025198
 30
0.0
 11
24805536.4923108
 21
12474933.52500894
 31
0.0
  0
LINE
  5
7D9
330
7D4
100
AcDbEntity
  8
Dimension
 62
     8
440
 16777216
 48
20.0
100
AcDbLine
 10
24805536.4923108
 20
12474933.52500894
 30
0.0
 11
24805499.95494714
 21
12474999.02326126
 31
0.0
  0
INSERT
  5
7DA
330
7D4
100
AcDbEntity
  8
Dimension
 62
     8
440
 16777216
 48
20.0
100
AcDbBlockReference
  2
_ArchTick
 10
24805609.56703812
 20
12474802.5285043
 30
0.0
 41
75.0
 42
75.0
 43
75.0
 50
299.1544050310054
  0
INSERT
  5
7DB
330
7D4
100
AcDbEntity
  8
Dimension
 62
     8
440
 16777216
 48
20.0
100
AcDbBlockReference
  2
_ArchTick
 10
24805536.4923108
 20
12474933.52500894
 30
0.0
 41
75.0
 42
75.0
 43
75.0
 50
119.1544050310055
  0
MTEXT
  5
7DC
330
7D4
100
AcDbEntity
  8
Dimension
 62
     6
440
 16777216
 48
20.0
100
AcDbMText
 10
24805436.67502468
 20
12475112.46123032
 30
0.0
 40
150.0
 41
0.0
 46
0.0
 71
     5
 72
     1
  1
\A1;150
  7
Dim.s & Anno.(Misc.)
 11
0.4871648487730403
 21
-0.8733100309282729
 31
0.0
 73
     1
 44
1.0
 90
        3
 63
     9
421
 13158600
 45
1.1
441
        0
  0
POINT
  5
7DD
330
7D4
100
AcDbEntity
  8
Defpoints
 62
     0
440
 16777216
 48
20.0
100
AcDbPoint
 10
24805580.1487192
 20
12474786.11787076
 30
0.0000000013216095
  0
POINT
  5
7DE
330
7D4
100
AcDbEntity
  8
Defpoints
 62
     0
440
 16777216
 48
20.0
100
AcDbPoint
 10
24805507.07399188
 20
12474917.11437539
 30
0.0000000013216095
  0
POINT
  5
7DF
330
7D4
100
AcDbEntity
  8
Defpoints
 62
     0
440
 16777216
 48
20.0
100
AcDbPoint
 10
24805536.4923108
 20
12474933.52500894
 30
0.0
  0
ENDBLK
  5
7E0
330
7D4
100
AcDbEntity
  8
0
 48
20.0
100
AcDbBlockEnd
  0
BLOCK
  5
7E2
330
7E1
100
AcDbEntity
  8
0
 48
20.0
100
AcDbBlockBegin
  2
*D30
 70
     1
 10
0.0
 20
0.0
 30
0.0
  3
*D30
  1

  0
LINE
  5
7E3
330
7E1
100
AcDbEntity
  8
Dimension
  6
HIDDEN
 62
     8
440
 16777216
 48
20.0
370
     9
100
AcDbLine
 10
24804691.11298662
 20
12475833.24142106
 30
0.0
 11
24804641.90338531
 21
12475921.4613477
 31
0.0
  0
LINE
  5
7E4
330
7E1
100
AcDbEntity
  8
Dimension
  6
HIDDEN
 62
     8
440
 16777216
 48
20.0
370
     9
100
AcDbLine
 10
24804560.11488326
 20
12475760.16989761
 30
0.0
 11
24804510.90528195
 21
12475848.38982424
 31
0.0
  0
LINE
  5
7E5
330
7E1
100
AcDbEntity
  8
Dimension
 62
     8
440
 16777216
 48
20.0
100
AcDbLine
 10
24804743.93831067
 20
12475892.49802597
 30
0.0
 11
24804547.44108377
 21
12475782.89070069
 31
0.0
  0
LINE
  5
7E6
330
7E1
100
AcDbEntity
  8
Dimension
 62
     8
440
 16777216
 48
20.0
100
AcDbLine
 10
24804547.44108377
 20
12475782.89070069
 30
0.0
 11
24804481.94196021
 21
12475746.35489888
 31
0.0
  0
INSERT
  5
7E7
330
7E1
100
AcDbEntity
  8
Dimension
 62
     8
440
 16777216
 48
20.0
100
AcDbBlockReference
  2
_ArchTick
 10
24804678.43918713
 20
12475855.96222415
 30
0.0
 41
75.0
 42
75.0
 43
75.0
 50
29.15303879084655
  0
INSERT
  5
7E8
330
7E1
100
AcDbEntity
  8
Dimension
 62
     8
440
 16777216
 48
20.0
100
AcDbBlockReference
  2
_ArchTick
 10
24804547.44108377
 20
12475782.89070069
 30
0.0
 41
75.0
 42
75.0
 43
75.0
 50
209.1530387908465
  0
MTEXT
  5
7E9
330
7E1
100
AcDbEntity
  8
Dimension
 62
     6
440
 16777216
 48
20.0
100
AcDbMText
 10
24804368.50248226
 20
12475683.07768141
 30
0.0
 40
150.0
 41
0.0
 46
0.0
 71
     5
 72
     1
  1
\A1;150
  7
Dim.s & Anno.(Misc.)
 11
0.8733216473153861
 21
0.4871440242170073
 31
0.0
 73
     1
 44
1.0
 90
        3
 63
     9
421
 13158600
 45
1.1
441
        0
  0
POINT
  5
7EA
330
7E1
100
AcDbEntity
  8
Defpoints
 62
     0
440
 16777216
 48
20.0
100
AcDbPoint
 10
24804691.11298662
 20
12475833.24142106
 30
0.0000000013216095
  0
POINT
  5
7EB
330
7E1
100
AcDbEntity
  8
Defpoints
 62
     0
440
 16777216
 48
20.0
100
AcDbPoint
 10
24804560.11488326
 20
12475760.16989761
 30
0.0000000013216095
  0
POINT
  5
7EC
330
7E1
100
AcDbEntity
  8
Defpoints
 62
     0
440
 16777216
 48
20.0
100
AcDbPoint
 10
24804547.44108377
 20
12475782.89070069
 30
0.0
  0
ENDBLK
  5
7ED
330
7E1
100
AcDbEntity
  8
0
 48
20.0
100
AcDbBlockEnd
  0
BLOCK
  5
7EF
330
7EE
100
AcDbEntity
  8
0
 48
20.0
100
AcDbBlockBegin
  2
*D31
 70
     1
 10
0.0
 20
0.0
 30
0.0
  3
*D31
  1

  0
LINE
  5
7F0
330
7EE
100
AcDbEntity
  8
Dimension
  6
HIDDEN
 62
     8
440
 16777216
 48
20.0
370
     9
100
AcDbLine
 10
24805333.33965634
 20
12476221.29653228
 30
0.0
 11
24805266.50349903
 21
12476341.1170591
 31
0.0
  0
LINE
  5
7F1
330
7EE
100
AcDbEntity
  8
Dimension
  6
HIDDEN
 62
     8
440
 16777216
 48
20.0
370
     9
100
AcDbLine
 10
24805202.42057953
 20
12476148.26957901
 30
0.0
 11
24805135.58442222
 21
12476268.09010584
 31
0.0
  0
LINE
  5
7F2
330
7EE
100
AcDbEntity
  8
Dimension
 62
     8
440
 16777216
 48
20.0
100
AcDbLine
 10
24805368.53834193
 20
12476312.15344687
 30
0.0
 11
24805172.12003755
 21
12476202.59087827
 31
0.0
  0
LINE
  5
7F3
330
7EE
100
AcDbEntity
  8
Dimension
 62
     8
440
 16777216
 48
20.0
100
AcDbLine
 10
24805172.12003755
 20
12476202.59087827
 30
0.0
 11
24805106.62080998
 21
12476166.05526294
 31
0.0
  0
INSERT
  5
7F4
330
7EE
100
AcDbEntity
  8
Dimension
 62
     8
440
 16777216
 48
20.0
100
AcDbBlockReference
  2
_ArchTick
 10
24805303.03911436
 20
12476275.61783153
 30
0.0
 41
75.0
 42
75.0
 43
75.0
 50
29.15287566476431
  0
INSERT
  5
7F5
330
7EE
100
AcDbEntity
  8
Dimension
 62
     8
440
 16777216
 48
20.0
100
AcDbBlockReference
  2
_ArchTick
 10
24805172.12003755
 20
12476202.59087827
 30
0.0
 41
75.0
 42
75.0
 43
75.0
 50
209.1528756647643
  0
MTEXT
  5
7F6
330
7EE
100
AcDbEntity
  8
Dimension
 62
     6
440
 16777216
 48
20.0
100
AcDbMText
 10
24804993.18115187
 20
12476102.77836844
 30
0.0
 40
150.0
 41
0.0
 46
0.0
 71
     5
 72
     1
  1
\A1;150
  7
Dim.s & Anno.(Misc.)
 11
0.8733230342533776
 21
0.4871415377921224
 31
0.0
 73
     1
 44
1.0
 90
        3
 63
     9
421
 13158600
 45
1.1
441
        0
  0
POINT
  5
7F7
330
7EE
100
AcDbEntity
  8
Defpoints
 62
     0
440
 16777216
 48
20.0
100
AcDbPoint
 10
24805333.33965634
 20
12476221.29653228
 30
-0.0000000008117142
  0
POINT
  5
7F8
330
7EE
100
AcDbEntity
  8
Defpoints
 62
     0
440
 16777216
 48
20.0
100
AcDbPoint
 10
24805202.42057953
 20
12476148.26957901
 30
0.0000000013216095
  0
POINT
  5
7F9
330
7EE
100
AcDbEntity
  8
Defpoints
 62
     0
440
 16777216
 48
20.0
100
AcDbPoint
 10
24805172.12003755
 20
12476202.59087827
 30
0.0
  0
ENDBLK
  5
7FA
330
7EE
100
AcDbEntity
  8
0
 48
20.0
100
AcDbBlockEnd
  0
BLOCK
  5
7FC
330
7FB
100
AcDbEntity
  8
0
 48
20.0
100
AcDbBlockBegin
  2
*D32
 70
     1
 10
0.0
 20
0.0
 30
0.0
  3
*D32
  1

  0
LINE
  5
7FD
330
7FB
100
AcDbEntity
  8
Dimension
  6
HIDDEN
 62
     8
440
 16777216
 48
20.0
370
     9
100
AcDbLine
 10
24804595.14769406
 20
12477544.86815013
 30
0.0
 11
24804631.94875151
 21
12477478.88912833
 31
0.0
  0
LINE
  5
7FE
330
7FB
100
AcDbEntity
  8
Dimension
  6
HIDDEN
 62
     8
440
 16777216
 48
20.0
370
     9
100
AcDbLine
 10
24804464.16069677
 20
12477471.80765484
 30
0.0
 11
24804500.96175423
 21
12477405.82863303
 31
0.0
  0
LINE
  5
7FF
330
7FB
100
AcDbEntity
  8
Dimension
 62
     8
440
 16777216
 48
20.0
100
AcDbLine
 10
24804660.9149447
 20
12477580.92323858
 30
0.0
 11
24804464.4277957
 21
12477471.32878474
 31
0.0
  0
LINE
  5
800
330
7FB
100
AcDbEntity
  8
Dimension
 62
     8
440
 16777216
 48
20.0
100
AcDbLine
 10
24804464.4277957
 20
12477471.32878474
 30
0.0
 11
24804398.92764398
 21
12477434.79482622
 31
0.0
  0
INSERT
  5
801
330
7FB
100
AcDbEntity
  8
Dimension
 62
     8
440
 16777216
 48
20.0
100
AcDbBlockReference
  2
_ArchTick
 10
24804595.41479298
 20
12477544.38928004
 30
0.0
 41
75.0
 42
75.0
 43
75.0
 50
29.15142637434312
  0
INSERT
  5
802
330
7FB
100
AcDbEntity
  8
Dimension
 62
     8
440
 16777216
 48
20.0
100
AcDbBlockReference
  2
_ArchTick
 10
24804464.4277957
 20
12477471.32878474
 30
0.0
 41
75.0
 42
75.0
 43
75.0
 50
209.1514263743432
  0
MTEXT
  5
803
330
7FB
100
AcDbEntity
  8
Dimension
 62
     6
440
 16777216
 48
20.0
100
AcDbMText
 10
24804285.48638533
 20
12477371.52080119
 30
0.0
 40
150.0
 41
0.0
 46
0.0
 71
     5
 72
     1
  1
\A1;150
  7
Dim.s & Anno.(Misc.)
 11
0.8733353561654368
 21
0.487119447026486
 31
0.0
 73
     1
 44
1.0
 90
        3
 63
     9
421
 13158600
 45
1.1
441
        0
  0
POINT
  5
804
330
7FB
100
AcDbEntity
  8
Defpoints
 62
     0
440
 16777216
 48
20.0
100
AcDbPoint
 10
24804595.14769406
 20
12477544.86815013
 30
0.0000000013216095
  0
POINT
  5
805
330
7FB
100
AcDbEntity
  8
Defpoints
 62
     0
440
 16777216
 48
20.0
100
AcDbPoint
 10
24804464.16069677
 20
12477471.80765484
 30
0.0000000013216095
  0
POINT
  5
806
330
7FB
100
AcDbEntity
  8
Defpoints
 62
     0
440
 16777216
 48
20.0
100
AcDbPoint
 10
24804464.4277957
 20
12477471.32878474
 30
0.0
  0
ENDBLK
  5
807
330
7FB
100
AcDbEntity
  8
0
 48
20.0
100
AcDbBlockEnd
  0
BLOCK
  5
809
330
808
100
AcDbEntity
  8
0
 48
20.0
100
AcDbBlockBegin
  2
*D33
 70
     1
 10
0.0
 20
0.0
 30
0.0
  3
*D33
  1

  0
LINE
  5
80A
330
808
100
AcDbEntity
  8
Dimension
  6
HIDDEN
 62
     8
440
 16777216
 48
20.0
370
     9
100
AcDbLine
 10
24803315.60067154
 20
12477991.25792797
 30
0.0
 11
24803352.13829217
 21
12477925.75981899
 31
0.0
  0
LINE
  5
80B
330
808
100
AcDbEntity
  8
Dimension
  6
HIDDEN
 62
     8
440
 16777216
 48
20.0
370
     9
100
AcDbLine
 10
24803446.6157205
 20
12478064.34367395
 30
0.0
 11
24803483.15334113
 21
12477998.84556497
 31
0.0
  0
LINE
  5
80C
330
808
100
AcDbEntity
  8
Dimension
 62
     8
440
 16777216
 48
20.0
100
AcDbLine
 10
24803250.10256257
 20
12477954.72030734
 30
0.0
 11
24803446.61572051
 21
12478064.34367395
 31
0.0
  0
LINE
  5
80D
330
808
100
AcDbEntity
  8
Dimension
 62
     8
440
 16777216
 48
20.0
100
AcDbLine
 10
24803446.61572051
 20
12478064.34367395
 30
0.0
 11
24803512.11382948
 21
12478100.88129457
 31
0.0
  0
INSERT
  5
80E
330
808
100
AcDbEntity
  8
Dimension
 62
     8
440
 16777216
 48
20.0
100
AcDbBlockReference
  2
_ArchTick
 10
24803315.60067154
 20
12477991.25792796
 30
0.0
 41
75.0
 42
75.0
 43
75.0
 50
209.1546298158986
  0
INSERT
  5
80F
330
808
100
AcDbEntity
  8
Dimension
 62
     8
440
 16777216
 48
20.0
100
AcDbBlockReference
  2
_ArchTick
 10
24803446.61572051
 20
12478064.34367395
 30
0.0
 41
75.0
 42
75.0
 43
75.0
 50
29.15462981589858
  0
MTEXT
  5
810
330
808
100
AcDbEntity
  8
Dimension
 62
     6
440
 16777216
 48
20.0
100
AcDbMText
 10
24803625.55155028
 20
12478164.16166208
 30
0.0
 40
150.0
 41
0.0
 46
0.0
 71
     5
 72
     1
  1
\A1;150
  7
Dim.s & Anno.(Misc.)
 11
0.873308119658639
 21
0.4871682749710744
 31
0.0
 73
     1
 44
1.0
 90
        3
 63
     9
421
 13158600
 45
1.1
441
        0
  0
POINT
  5
811
330
808
100
AcDbEntity
  8
Defpoints
 62
     0
440
 16777216
 48
20.0
100
AcDbPoint
 10
24803315.60067154
 20
12477991.25792797
 30
0.0000000013216095
  0
POINT
  5
812
330
808
100
AcDbEntity
  8
Defpoints
 62
     0
440
 16777216
 48
20.0
100
AcDbPoint
 10
24803446.6157205
 20
12478064.34367395
 30
0.0000000013216095
  0
POINT
  5
813
330
808
100
AcDbEntity
  8
Defpoints
 62
     0
440
 16777216
 48
20.0
100
AcDbPoint
 10
24803446.61572051
 20
12478064.34367395
 30
0.0
  0
ENDBLK
  5
814
330
808
100
AcDbEntity
  8
0
 48
20.0
100
AcDbBlockEnd
  0
BLOCK
  5
816
330
815
100
AcDbEntity
  8
0
 48
20.0
100
AcDbBlockBegin
  2
*D34
 70
     1
 10
0.0
 20
0.0
 30
0.0
  3
*D34
  1

  0
LINE
  5
817
330
815
100
AcDbEntity
  8
Dimension
  6
HIDDEN
 62
     8
440
 16777216
 48
20.0
370
     9
100
AcDbLine
 10
24803282.67963011
 20
12478886.32706478
 30
0.0
 11
24803189.19423267
 21
12478834.17742961
 31
0.0
  0
LINE
  5
818
330
815
100
AcDbEntity
  8
Dimension
  6
HIDDEN
 62
     8
440
 16777216
 48
20.0
370
     9
100
AcDbLine
 10
24803355.75435742
 20
12478755.33056014
 30
0.0
 11
24803262.26895998
 21
12478703.18092497
 31
0.0
  0
LINE
  5
819
330
815
100
AcDbEntity
  8
Dimension
 62
     8
440
 16777216
 48
20.0
100
AcDbLine
 10
24803218.15512133
 20
12478936.21304559
 30
0.0
 11
24803327.7672123
 21
12478739.71828863
 31
0.0
  0
LINE
  5
81A
330
815
100
AcDbEntity
  8
Dimension
 62
     8
440
 16777216
 48
20.0
100
AcDbLine
 10
24803327.7672123
 20
12478739.71828863
 30
0.0
 11
24803364.30457596
 21
12478674.22003631
 31
0.0
  0
INSERT
  5
81B
330
815
100
AcDbEntity
  8
Dimension
 62
     8
440
 16777216
 48
20.0
100
AcDbBlockReference
  2
_ArchTick
 10
24803254.69248499
 20
12478870.71479327
 30
0.0
 41
75.0
 42
75.0
 43
75.0
 50
119.1544050297627
  0
INSERT
  5
81C
330
815
100
AcDbEntity
  8
Dimension
 62
     8
440
 16777216
 48
20.0
100
AcDbBlockReference
  2
_ArchTick
 10
24803327.7672123
 20
12478739.71828863
 30
0.0
 41
75.0
 42
75.0
 43
75.0
 50
299.1544050297627
  0
MTEXT
  5
81D
330
815
100
AcDbEntity
  8
Dimension
 62
     6
440
 16777216
 48
20.0
100
AcDbMText
 10
24803427.58449842
 20
12478560.78206725
 30
0.0
 40
150.0
 41
0.0
 46
0.0
 71
     5
 72
     1
  1
\A1;150
  7
Dim.s & Anno.(Misc.)
 11
0.4871648487540984
 21
-0.8733100309388392
 31
0.0
 73
     1
 44
1.0
 90
        3
 63
     9
421
 13158600
 45
1.1
441
        0
  0
POINT
  5
81E
330
815
100
AcDbEntity
  8
Defpoints
 62
     0
440
 16777216
 48
20.0
100
AcDbPoint
 10
24803282.67963011
 20
12478886.32706478
 30
0.0000000013216095
  0
POINT
  5
81F
330
815
100
AcDbEntity
  8
Defpoints
 62
     0
440
 16777216
 48
20.0
100
AcDbPoint
 10
24803355.75435742
 20
12478755.33056014
 30
0.0000000013216095
  0
POINT
  5
820
330
815
100
AcDbEntity
  8
Defpoints
 62
     0
440
 16777216
 48
20.0
100
AcDbPoint
 10
24803327.7672123
 20
12478739.71828863
 30
0.0
  0
ENDBLK
  5
821
330
815
100
AcDbEntity
  8
0
 48
20.0
100
AcDbBlockEnd
  0
BLOCK
  5
823
330
822
100
AcDbEntity
  8
0
 48
20.0
100
AcDbBlockBegin
  2
*D35
 70
     1
 10
0.0
 20
0.0
 30
0.0
  3
*D35
  1

  0
LINE
  5
824
330
822
100
AcDbEntity
  8
S- Structural
  6
HIDDEN
 62
     8
440
 16777216
 48
20.0
370
     9
100
AcDbLine
 10
24831098.46855235
 20
12482959.49106407
 30
0.0
 11
24830877.26908993
 21
12483395.139909
 31
0.0
  0
LINE
  5
825
330
822
100
AcDbEntity
  8
S- Structural
  6
HIDDEN
 62
     8
440
 16777216
 48
20.0
370
     9
100
AcDbLine
 10
24831232.21560646
 20
12483027.40075053
 30
0.0
 11
24831011.01614404
 21
12483463.04959547
 31
0.0
  0
LINE
  5
826
330
822
100
AcDbEntity
  8
S- Structural
 62
     8
440
 16777216
 48
20.0
100
AcDbLine
 10
24830844.35040611
 20
12483294.31153871
 30
0.0
 11
24831044.97098727
 21
12483396.17606841
 31
0.0
  0
LINE
  5
827
330
822
100
AcDbEntity
  8
S- Structural
 62
     8
440
 16777216
 48
20.0
100
AcDbLine
 10
24831044.97098727
 20
12483396.17606841
 30
0.0
 11
24831111.84451432
 21
12483430.13091165
 31
0.0
  0
INSERT
  5
828
330
822
100
AcDbEntity
  8
S- Structural
 62
     8
440
 16777216
 48
20.0
100
AcDbBlockReference
  2
_ArchTick
 10
24830911.22393317
 20
12483328.26638194
 30
0.0
 41
75.0
 42
75.0
 43
75.0
 50
206.9190531703669
  0
INSERT
  5
829
330
822
100
AcDbEntity
  8
S- Structural
 62
     8
440
 16777216
 48
20.0
100
AcDbBlockReference
  2
_ArchTick
 10
24831044.97098727
 20
12483396.17606841
 30
0.0
 41
75.0
 42
75.0
 43
75.0
 50
26.9190531703669
  0
MTEXT
  5
82A
330
822
100
AcDbEntity
  8
S- Structural
 62
     6
440
 16777216
 48
20.0
100
AcDbMText
 10
24831227.66435416
 20
12483488.93810603
 30
0.0
 40
150.0
 41
0.0
 46
0.0
 71
     5
 72
     1
  1
\A1;150
  7
Dim.s & Anno.(Misc.)
 11
0.8916470274093471
 21
0.4527312431366702
 31
0.0
 73
     1
 44
1.0
 90
        3
 63
     9
421
 13158600
 45
1.1
441
        0
  0
POINT
  5
82B
330
822
100
AcDbEntity
  8
Defpoints
 62
     0
440
 16777216
 48
20.0
100
AcDbPoint
 10
24831098.46855235
 20
12482959.49106407
 30
0.0
  0
POINT
  5
82C
330
822
100
AcDbEntity
  8
Defpoints
 62
     0
440
 16777216
 48
20.0
100
AcDbPoint
 10
24831232.21560646
 20
12483027.40075053
 30
0.0
  0
POINT
  5
82D
330
822
100
AcDbEntity
  8
Defpoints
 62
     0
440
 16777216
 48
20.0
100
AcDbPoint
 10
24831044.97098727
 20
12483396.17606841
 30
0.0
  0
ENDBLK
  5
82E
330
822
100
AcDbEntity
  8
0
 48
20.0
100
AcDbBlockEnd
  0
BLOCK
  5
830
330
82F
100
AcDbEntity
  8
0
 48
20.0
100
AcDbBlockBegin
  2
*D36
 70
     1
 10
0.0
 20
0.0
 30
0.0
  3
*D36
  1

  0
LINE
  5
831
330
82F
100
AcDbEntity
  8
S- Structural
  6
HIDDEN
 62
     8
440
 16777216
 48
20.0
370
     9
100
AcDbLine
 10
24830476.82775585
 20
12479559.7264433
 30
0.0
 11
24830350.92364245
 21
12479495.79898821
 31
0.0
  0
LINE
  5
832
330
82F
100
AcDbEntity
  8
S- Structural
  6
HIDDEN
 62
     8
440
 16777216
 48
20.0
370
     9
100
AcDbLine
 10
24830544.73744186
 20
12479425.97938895
 30
0.0
 11
24830418.83332847
 21
12479362.05193387
 31
0.0
  0
LINE
  5
833
330
82F
100
AcDbEntity
  8
S- Structural
 62
     8
440
 16777216
 48
20.0
100
AcDbLine
 10
24830383.84232662
 20
12479596.6273584
 30
0.0
 11
24830485.70685565
 21
12479396.00677688
 31
0.0
  0
LINE
  5
834
330
82F
100
AcDbEntity
  8
S- Structural
 62
     8
440
 16777216
 48
20.0
100
AcDbLine
 10
24830485.70685565
 20
12479396.00677688
 30
0.0
 11
24830519.66169865
 21
12479329.13324971
 31
0.0
  0
INSERT
  5
835
330
82F
100
AcDbEntity
  8
S- Structural
 62
     8
440
 16777216
 48
20.0
100
AcDbBlockReference
  2
_ArchTick
 10
24830417.79716963
 20
12479529.75383122
 30
0.0
 41
75.0
 42
75.0
 43
75.0
 50
116.9190529759472
  0
INSERT
  5
836
330
82F
100
AcDbEntity
  8
S- Structural
 62
     8
440
 16777216
 48
20.0
100
AcDbBlockReference
  2
_ArchTick
 10
24830485.70685565
 20
12479396.00677688
 30
0.0
 41
75.0
 42
75.0
 43
75.0
 50
296.9190529759472
  0
MTEXT
  5
837
330
82F
100
AcDbEntity
  8
S- Structural
 62
     6
440
 16777216
 48
20.0
100
AcDbMText
 10
24830578.46889265
 20
12479213.31340967
 30
0.0
 40
150.0
 41
0.0
 46
0.0
 71
     5
 72
     1
  1
\A1;150
  7
Dim.s & Anno.(Misc.)
 11
0.4527312401110767
 21
-0.8916470289455837
 31
0.0
 73
     1
 44
1.0
 90
        3
 63
     9
421
 13158600
 45
1.1
441
        0
  0
POINT
  5
838
330
82F
100
AcDbEntity
  8
Defpoints
 62
     0
440
 16777216
 48
20.0
100
AcDbPoint
 10
24830476.82775585
 20
12479559.7264433
 30
0.0
  0
POINT
  5
839
330
82F
100
AcDbEntity
  8
Defpoints
 62
     0
440
 16777216
 48
20.0
100
AcDbPoint
 10
24830544.73744186
 20
12479425.97938895
 30
0.0
  0
POINT
  5
83A
330
82F
100
AcDbEntity
  8
Defpoints
 62
     0
440
 16777216
 48
20.0
100
AcDbPoint
 10
24830485.70685565
 20
12479396.00677688
 30
0.0
  0
ENDBLK
  5
83B
330
82F
100
AcDbEntity
  8
0
 48
20.0
100
AcDbBlockEnd
  0
BLOCK
  5
83D
330
83C
100
AcDbEntity
  8
0
 48
20.0
100
AcDbBlockBegin
  2
*D37
 70
     1
 10
0.0
 20
0.0
 30
0.0
  3
*D37
  1

  0
LINE
  5
83E
330
83C
100
AcDbEntity
  8
S- Structural
  6
HIDDEN
 62
     8
440
 16777216
 48
20.0
370
     9
100
AcDbLine
 10
24826822.41521101
 20
12483872.46543183
 30
0.0
 11
24826675.20945943
 21
12483797.72213061
 31
0.0
  0
LINE
  5
83F
330
83C
100
AcDbEntity
  8
S- Structural
  6
HIDDEN
 62
     8
440
 16777216
 48
20.0
370
     9
100
AcDbLine
 10
24826754.50552499
 20
12484006.21248617
 30
0.0
 11
24826607.29977341
 21
12483931.46918495
 31
0.0
  0
LINE
  5
840
330
83C
100
AcDbEntity
  8
S- Structural
 62
     8
440
 16777216
 48
20.0
100
AcDbLine
 10
24826776.03782961
 20
12483764.80344645
 30
0.0
 11
24826674.17330058
 21
12483965.42402796
 31
0.0
  0
LINE
  5
841
330
83C
100
AcDbEntity
  8
S- Structural
 62
     8
440
 16777216
 48
20.0
100
AcDbLine
 10
24826674.17330058
 20
12483965.42402796
 30
0.0
 11
24826640.21845757
 21
12484032.29755513
 31
0.0
  0
INSERT
  5
842
330
83C
100
AcDbEntity
  8
S- Structural
 62
     8
440
 16777216
 48
20.0
100
AcDbBlockReference
  2
_ArchTick
 10
24826742.0829866
 20
12483831.67697362
 30
0.0
 41
75.0
 42
75.0
 43
75.0
 50
296.9190529759472
  0
INSERT
  5
843
330
83C
100
AcDbEntity
  8
S- Structural
 62
     8
440
 16777216
 48
20.0
100
AcDbBlockReference
  2
_ArchTick
 10
24826674.17330058
 20
12483965.42402796
 30
0.0
 41
75.0
 42
75.0
 43
75.0
 50
116.9190529759472
  0
MTEXT
  5
844
330
83C
100
AcDbEntity
  8
S- Structural
 62
     6
440
 16777216
 48
20.0
100
AcDbMText
 10
24826581.41126358
 20
12484148.11739517
 30
0.0
 40
150.0
 41
0.0
 46
0.0
 71
     5
 72
     1
  1
\A1;150
  7
Dim.s & Anno.(Misc.)
 11
0.452731240111077
 21
-0.8916470289455835
 31
0.0
 73
     1
 44
1.0
 90
        3
 63
     9
421
 13158600
 45
1.1
441
        0
  0
POINT
  5
845
330
83C
100
AcDbEntity
  8
Defpoints
 62
     0
440
 16777216
 48
20.0
100
AcDbPoint
 10
24826822.41521101
 20
12483872.46543183
 30
0.0
  0
POINT
  5
846
330
83C
100
AcDbEntity
  8
Defpoints
 62
     0
440
 16777216
 48
20.0
100
AcDbPoint
 10
24826754.50552499
 20
12484006.21248617
 30
0.0
  0
POINT
  5
847
330
83C
100
AcDbEntity
  8
Defpoints
 62
     0
440
 16777216
 48
20.0
100
AcDbPoint
 10
24826674.17330058
 20
12483965.42402796
 30
0.0
  0
ENDBLK
  5
848
330
83C
100
AcDbEntity
  8
0
 48
20.0
100
AcDbBlockEnd
  0
BLOCK
  5
84A
330
849
100
AcDbEntity
  8
0
 48
20.0
100
AcDbBlockBegin
  2
*D38
 70
     1
 10
0.0
 20
0.0
 30
0.0
  3
*D38
  1

  0
LINE
  5
84B
330
849
100
AcDbEntity
  8
STR-BEAM
  6
HIDDEN
 62
     8
440
 16777216
 48
20.0
370
     9
100
AcDbLine
 10
24804966.59332305
 20
12495989.36367082
 30
0.0
 11
24804973.30517648
 21
12496067.92785999
 31
0.0
  0
LINE
  5
84C
330
849
100
AcDbEntity
  8
STR-BEAM
  6
HIDDEN
 62
     8
440
 16777216
 48
20.0
370
     9
100
AcDbLine
 10
24805165.86744059
 20
12495972.33939186
 30
0.0
 11
24805172.57929404
 21
12496050.90358103
 31
0.0
  0
LINE
  5
84D
330
849
100
AcDbEntity
  8
STR-BEAM
 62
     8
440
 16777216
 48
20.0
100
AcDbLine
 10
24804892.1932778
 20
12495999.58417051
 30
0.0
 11
24805166.19518943
 21
12495976.17578694
 31
0.0
  0
LINE
  5
84E
330
849
100
AcDbEntity
  8
STR-BEAM
 62
     8
440
 16777216
 48
20.0
100
AcDbLine
 10
24805166.19518943
 20
12495976.17578694
 30
0.0
 11
24805240.92298351
 21
12495969.79168234
 31
0.0
  0
INSERT
  5
84F
330
849
100
AcDbEntity
  8
STR-BEAM
  6
Overhead
 62
     8
440
 16777216
 48
20.0
100
AcDbBlockReference
  2
_ArchTick
 10
24804966.92107188
 20
12495993.2000659
 30
0.0
 41
75.0
 42
75.0
 43
75.0
 50
175.1169944217522
  0
INSERT
  5
850
330
849
100
AcDbEntity
  8
STR-BEAM
  6
Overhead
 62
     8
440
 16777216
 48
20.0
100
AcDbBlockReference
  2
_ArchTick
 10
24805166.19518943
 20
12495976.17578694
 30
0.0
 41
75.0
 42
75.0
 43
75.0
 50
355.1169944217522
  0
MTEXT
  5
851
330
849
100
AcDbEntity
  8
STR-BEAM
  6
Overhead
 62
     6
440
 16777216
 48
20.0
100
AcDbMText
 10
24805377.12534762
 20
12495958.15571541
 30
0.0
 40
150.0
 41
0.0
 46
0.0
 71
     5
 72
     1
  1
\A1;200
  7
Dim.s & Anno.(Misc.)
 11
0.9963705877581526
 21
-0.0851213947869355
 31
0.0
 73
     1
 44
1.0
 90
        3
 63
     9
421
 13158600
 45
1.1
441
        0
  0
POINT
  5
852
330
849
100
AcDbEntity
  8
Defpoints
  6
Overhead
 62
     0
440
 16777216
 48
20.0
100
AcDbPoint
 10
24804966.59332305
 20
12495989.36367082
 30
0.0
  0
POINT
  5
853
330
849
100
AcDbEntity
  8
Defpoints
  6
Overhead
 62
     0
440
 16777216
 48
20.0
100
AcDbPoint
 10
24805165.86744059
 20
12495972.33939186
 30
0.0
  0
POINT
  5
854
330
849
100
AcDbEntity
  8
Defpoints
  6
Overhead
 62
     0
440
 16777216
 48
20.0
100
AcDbPoint
 10
24805166.19518943
 20
12495976.17578694
 30
0.0
  0
ENDBLK
  5
855
330
849
100
AcDbEntity
  8
0
 48
20.0
100
AcDbBlockEnd
  0
BLOCK
  5
857
330
856
100
AcDbEntity
  8
0
 48
20.0
100
AcDbBlockBegin
  2
*D39
 70
     1
 10
0.0
 20
0.0
 30
0.0
  3
*D39
  1

  0
LINE
  5
858
330
856
100
AcDbEntity
  8
STR-BEAM
  6
HIDDEN
 62
     8
440
 16777216
 48
20.0
370
     9
100
AcDbLine
 10
24807610.58404358
 20
12498594.93498727
 30
0.0
 11
24807543.71051524
 21
12498560.98014656
 31
0.0
  0
LINE
  5
859
330
856
100
AcDbEntity
  8
STR-BEAM
  6
HIDDEN
 62
     8
440
 16777216
 48
20.0
370
     9
100
AcDbLine
 10
24807701.13028545
 20
12498416.60557835
 30
0.0
 11
24807768.00381379
 21
12498450.56041905
 31
0.0
  0
LINE
  5
85A
330
856
100
AcDbEntity
  8
STR-BEAM
 62
     8
440
 16777216
 48
20.0
100
AcDbLine
 10
24807576.62920288
 20
12498661.8085156
 30
0.0
 11
24807701.13028545
 21
12498416.60557835
 31
0.0
  0
LINE
  5
85B
330
856
100
AcDbEntity
  8
STR-BEAM
 62
     8
440
 16777216
 48
20.0
100
AcDbLine
 10
24807701.13028545
 20
12498416.60557835
 30
0.0
 11
24807735.08512616
 21
12498349.73205001
 31
0.0
  0
INSERT
  5
85C
330
856
100
AcDbEntity
  8
STR-BEAM
  6
Overhead
 62
     8
440
 16777216
 48
20.0
100
AcDbBlockReference
  2
_ArchTick
 10
24807610.58404358
 20
12498594.93498726
 30
0.0
 41
75.0
 42
75.0
 43
75.0
 50
116.9190509999213
  0
INSERT
  5
85D
330
856
100
AcDbEntity
  8
STR-BEAM
  6
Overhead
 62
     8
440
 16777216
 48
20.0
100
AcDbBlockReference
  2
_ArchTick
 10
24807701.13028545
 20
12498416.60557835
 30
0.0
 41
75.0
 42
75.0
 43
75.0
 50
296.9190509999214
  0
MTEXT
  5
85E
330
856
100
AcDbEntity
  8
STR-BEAM
  6
Overhead
 62
     6
440
 16777216
 48
20.0
100
AcDbMText
 10
24807796.97280307
 20
12498227.84523709
 30
0.0
 40
150.0
 41
0.0
 46
0.0
 71
     5
 72
     1
  1
\A1;200
  7
Dim.s & Anno.(Misc.)
 11
0.4527312093598138
 21
-0.8916470445594491
 31
0.0
 73
     1
 44
1.0
 90
        3
 63
     9
421
 13158600
 45
1.1
441
        0
  0
POINT
  5
85F
330
856
100
AcDbEntity
  8
Defpoints
  6
Overhead
 62
     0
440
 16777216
 48
20.0
100
AcDbPoint
 10
24807610.58404358
 20
12498594.93498727
 30
0.0
  0
POINT
  5
860
330
856
100
AcDbEntity
  8
Defpoints
  6
Overhead
 62
     0
440
 16777216
 48
20.0
100
AcDbPoint
 10
24807701.13028545
 20
12498416.60557835
 30
0.0
  0
POINT
  5
861
330
856
100
AcDbEntity
  8
Defpoints
  6
Overhead
 62
     0
440
 16777216
 48
20.0
100
AcDbPoint
 10
24807701.13028545
 20
12498416.60557835
 30
0.0
  0
ENDBLK
  5
862
330
856
100
AcDbEntity
  8
0
 48
20.0
100
AcDbBlockEnd
  0
BLOCK
  5
864
330
863
100
AcDbEntity
  8
0
 48
20.0
100
AcDbBlockBegin
  2
*D40
 70
     1
 10
0.0
 20
0.0
 30
0.0
  3
*D40
  1

  0
LINE
  5
865
330
863
100
AcDbEntity
  8
STR-BEAM
  6
HIDDEN
 62
     8
440
 16777216
 48
20.0
370
     9
100
AcDbLine
 10
24806846.41620716
 20
12494497.37956511
 30
0.0
 11
24806852.80031178
 21
12494572.10735932
 31
0.0
  0
LINE
  5
866
330
863
100
AcDbEntity
  8
STR-BEAM
  6
HIDDEN
 62
     8
440
 16777216
 48
20.0
370
     9
100
AcDbLine
 10
24807045.69032472
 20
12494480.35528615
 30
0.0
 11
24807052.07442933
 21
12494555.08308036
 31
0.0
  0
LINE
  5
867
330
863
100
AcDbEntity
  8
STR-BEAM
 62
     8
440
 16777216
 48
20.0
100
AcDbLine
 10
24806771.68841309
 20
12494503.76366985
 30
0.0
 11
24807045.69032472
 21
12494480.35528629
 31
0.0
  0
LINE
  5
868
330
863
100
AcDbEntity
  8
STR-BEAM
 62
     8
440
 16777216
 48
20.0
100
AcDbLine
 10
24807045.69032472
 20
12494480.35528629
 30
0.0
 11
24807120.41811881
 21
12494473.97118168
 31
0.0
  0
INSERT
  5
869
330
863
100
AcDbEntity
  8
STR-BEAM
  6
Overhead
 62
     8
440
 16777216
 48
20.0
100
AcDbBlockReference
  2
_ArchTick
 10
24806846.41620717
 20
12494497.37956524
 30
0.0
 41
75.0
 42
75.0
 43
75.0
 50
175.116994421843
  0
INSERT
  5
86A
330
863
100
AcDbEntity
  8
STR-BEAM
  6
Overhead
 62
     8
440
 16777216
 48
20.0
100
AcDbBlockReference
  2
_ArchTick
 10
24807045.69032472
 20
12494480.35528629
 30
0.0
 41
75.0
 42
75.0
 43
75.0
 50
355.1169944218431
  0
MTEXT
  5
86B
330
863
100
AcDbEntity
  8
STR-BEAM
  6
Overhead
 62
     6
440
 16777216
 48
20.0
100
AcDbMText
 10
24807256.62048291
 20
12494462.33521475
 30
0.0
 40
150.0
 41
0.0
 46
0.0
 71
     5
 72
     1
  1
\A1;200
  7
Dim.s & Anno.(Misc.)
 11
0.9963705877582876
 21
-0.0851213947853559
 31
0.0
 73
     1
 44
1.0
 90
        3
 63
     9
421
 13158600
 45
1.1
441
        0
  0
POINT
  5
86C
330
863
100
AcDbEntity
  8
Defpoints
  6
Overhead
 62
     0
440
 16777216
 48
20.0
100
AcDbPoint
 10
24806846.41620716
 20
12494497.37956511
 30
0.0
  0
POINT
  5
86D
330
863
100
AcDbEntity
  8
Defpoints
  6
Overhead
 62
     0
440
 16777216
 48
20.0
100
AcDbPoint
 10
24807045.69032472
 20
12494480.35528615
 30
0.0
  0
POINT
  5
86E
330
863
100
AcDbEntity
  8
Defpoints
  6
Overhead
 62
     0
440
 16777216
 48
20.0
100
AcDbPoint
 10
24807045.69032472
 20
12494480.35528629
 30
0.0
  0
ENDBLK
  5
86F
330
863
100
AcDbEntity
  8
0
 48
20.0
100
AcDbBlockEnd
  0
BLOCK
  5
871
330
870
100
AcDbEntity
  8
0
 48
20.0
100
AcDbBlockBegin
  2
*D41
 70
     1
 10
0.0
 20
0.0
 30
0.0
  3
*D41
  1

  0
LINE
  5
872
330
870
100
AcDbEntity
  8
STR-BEAM
  6
HIDDEN
 62
     8
440
 16777216
 48
20.0
370
     9
100
AcDbLine
 10
24807449.25287117
 20
12494968.27485187
 30
0.0
 11
24807367.39906222
 21
12495129.48461321
 31
0.0
  0
LINE
  5
873
330
870
100
AcDbEntity
  8
STR-BEAM
  6
HIDDEN
 62
     8
440
 16777216
 48
20.0
370
     9
100
AcDbLine
 10
24807627.58227176
 20
12495058.82111015
 30
0.0
 11
24807545.7284628
 21
12495220.03087149
 31
0.0
  0
LINE
  5
874
330
870
100
AcDbEntity
  8
STR-BEAM
 62
     8
440
 16777216
 48
20.0
100
AcDbLine
 10
24807334.48038385
 20
12495028.65624114
 30
0.0
 11
24807579.68330966
 21
12495153.15734627
 31
0.0
  0
LINE
  5
875
330
870
100
AcDbEntity
  8
STR-BEAM
 62
     8
440
 16777216
 48
20.0
100
AcDbLine
 10
24807579.68330966
 20
12495153.15734627
 30
0.0
 11
24807646.55683487
 21
12495187.11219312
 31
0.0
  0
INSERT
  5
876
330
870
100
AcDbEntity
  8
STR-BEAM
  6
Overhead
 62
     8
440
 16777216
 48
20.0
100
AcDbBlockReference
  2
_ArchTick
 10
24807401.35390907
 20
12495062.61108799
 30
0.0
 41
75.0
 42
75.0
 43
75.0
 50
206.9190562703178
  0
INSERT
  5
877
330
870
100
AcDbEntity
  8
STR-BEAM
  6
Overhead
 62
     8
440
 16777216
 48
20.0
100
AcDbBlockReference
  2
_ArchTick
 10
24807579.68330966
 20
12495153.15734627
 30
0.0
 41
75.0
 42
75.0
 43
75.0
 50
26.91905627031771
  0
MTEXT
  5
878
330
870
100
AcDbEntity
  8
STR-BEAM
  6
Overhead
 62
     6
440
 16777216
 48
20.0
100
AcDbMText
 10
24807768.44364209
 20
12495248.99988125
 30
0.0
 40
150.0
 41
0.0
 46
0.0
 71
     5
 72
     1
  1
\A1;200
  7
Dim.s & Anno.(Misc.)
 11
0.891647002914617
 21
0.4527312913786509
 31
0.0
 73
     1
 44
1.0
 90
        3
 63
     9
421
 13158600
 45
1.1
441
        0
  0
POINT
  5
879
330
870
100
AcDbEntity
  8
Defpoints
  6
Overhead
 62
     0
440
 16777216
 48
20.0
100
AcDbPoint
 10
24807449.25287117
 20
12494968.27485187
 30
0.0
  0
POINT
  5
87A
330
870
100
AcDbEntity
  8
Defpoints
  6
Overhead
 62
     0
440
 16777216
 48
20.0
100
AcDbPoint
 10
24807627.58227176
 20
12495058.82111015
 30
0.0000000042579419
  0
POINT
  5
87B
330
870
100
AcDbEntity
  8
Defpoints
  6
Overhead
 62
     0
440
 16777216
 48
20.0
100
AcDbPoint
 10
24807579.68330966
 20
12495153.15734627
 30
0.0
  0
ENDBLK
  5
87C
330
870
100
AcDbEntity
  8
0
 48
20.0
100
AcDbBlockEnd
  0
BLOCK
  5
87E
330
87D
100
AcDbEntity
  8
0
 48
20.0
100
AcDbBlockBegin
  2
*D42
 70
     1
 10
0.0
 20
0.0
 30
0.0
  3
*D42
  1

  0
LINE
  5
87F
330
87D
100
AcDbEntity
  8
STR-BEAM
  6
HIDDEN
 62
     8
440
 16777216
 48
20.0
370
     9
100
AcDbLine
 10
24808436.98940365
 20
12494567.42538474
 30
0.0
 11
24808370.11587581
 21
12494533.47054303
 31
0.0
  0
LINE
  5
880
330
87D
100
AcDbEntity
  8
STR-BEAM
  6
HIDDEN
 62
     8
440
 16777216
 48
20.0
370
     9
100
AcDbLine
 10
24808527.535714
 20
12494389.09584757
 30
0.0
 11
24808460.66218617
 21
12494355.14100586
 31
0.0
  0
LINE
  5
881
330
87D
100
AcDbEntity
  8
STR-BEAM
 62
     8
440
 16777216
 48
20.0
100
AcDbLine
 10
24808403.03456194
 20
12494634.29891257
 30
0.0
 11
24808527.535714
 21
12494389.09584756
 31
0.0
  0
LINE
  5
882
330
87D
100
AcDbEntity
  8
STR-BEAM
 62
     8
440
 16777216
 48
20.0
100
AcDbLine
 10
24808527.535714
 20
12494389.09584756
 30
0.0
 11
24808561.49055571
 21
12494322.22231973
 31
0.0
  0
INSERT
  5
883
330
87D
100
AcDbEntity
  8
STR-BEAM
  6
Overhead
 62
     8
440
 16777216
 48
20.0
100
AcDbBlockReference
  2
_ArchTick
 10
24808436.98940365
 20
12494567.42538474
 30
0.0
 41
75.0
 42
75.0
 43
75.0
 50
116.9190518577908
  0
INSERT
  5
884
330
87D
100
AcDbEntity
  8
STR-BEAM
  6
Overhead
 62
     8
440
 16777216
 48
20.0
100
AcDbBlockReference
  2
_ArchTick
 10
24808527.535714
 20
12494389.09584756
 30
0.0
 41
75.0
 42
75.0
 43
75.0
 50
296.9190518577908
  0
MTEXT
  5
885
330
87D
100
AcDbEntity
  8
STR-BEAM
  6
Overhead
 62
     6
440
 16777216
 48
20.0
100
AcDbMText
 10
24808623.37823444
 20
12494200.33550775
 30
0.0
 40
150.0
 41
0.0
 46
0.0
 71
     5
 72
     1
  1
\A1;200
  7
Dim.s & Anno.(Misc.)
 11
0.4527312227101296
 21
-0.8916470377808648
 31
0.0
 73
     1
 44
1.0
 90
        3
 63
     9
421
 13158600
 45
1.1
441
        0
  0
POINT
  5
886
330
87D
100
AcDbEntity
  8
Defpoints
  6
Overhead
 62
     0
440
 16777216
 48
20.0
100
AcDbPoint
 10
24808436.98940365
 20
12494567.42538474
 30
0.0000000042579419
  0
POINT
  5
887
330
87D
100
AcDbEntity
  8
Defpoints
  6
Overhead
 62
     0
440
 16777216
 48
20.0
100
AcDbPoint
 10
24808527.535714
 20
12494389.09584757
 30
0.0
  0
POINT
  5
888
330
87D
100
AcDbEntity
  8
Defpoints
  6
Overhead
 62
     0
440
 16777216
 48
20.0
100
AcDbPoint
 10
24808527.535714
 20
12494389.09584756
 30
0.0
  0
ENDBLK
  5
889
330
87D
100
AcDbEntity
  8
0
 48
20.0
100
AcDbBlockEnd
  0
BLOCK
  5
88B
330
88A
100
AcDbEntity
  8
0
 48
20.0
100
AcDbBlockBegin
  2
*D43
 70
     1
 10
0.0
 20
0.0
 30
0.0
  3
*D43
  1

  0
LINE
  5
88C
330
88A
100
AcDbEntity
  8
STR-BEAM
  6
HIDDEN
 62
     8
440
 16777216
 48
20.0
370
     9
100
AcDbLine
 10
24805602.99866276
 20
12491363.4309655
 30
0.0
 11
24805649.67062786
 21
12491422.13980363
 31
0.0
  0
LINE
  5
88D
330
88A
100
AcDbEntity
  8
STR-BEAM
  6
HIDDEN
 62
     8
440
 16777216
 48
20.0
370
     9
100
AcDbLine
 10
24805720.41712187
 20
12491270.08641296
 30
0.0
 11
24805767.08908697
 21
12491328.79525108
 31
0.0
  0
LINE
  5
88E
330
88A
100
AcDbEntity
  8
STR-BEAM
 62
     8
440
 16777216
 48
20.0
100
AcDbLine
 10
24805544.28982464
 20
12491410.1029306
 30
0.0
 11
24805720.41712187
 21
12491270.08641296
 31
0.0
  0
LINE
  5
88F
330
88A
100
AcDbEntity
  8
STR-BEAM
 62
     8
440
 16777216
 48
20.0
100
AcDbLine
 10
24805720.41712187
 20
12491270.08641296
 30
0.0
 11
24805779.12595999
 21
12491223.41444786
 31
0.0
  0
INSERT
  5
890
330
88A
100
AcDbEntity
  8
STR-BEAM
  6
Overhead
 62
     8
440
 16777216
 48
20.0
100
AcDbBlockReference
  2
_ArchTick
 10
24805602.99866277
 20
12491363.4309655
 30
0.0
 41
75.0
 42
75.0
 43
75.0
 50
141.5162341481968
  0
INSERT
  5
891
330
88A
100
AcDbEntity
  8
STR-BEAM
  6
Overhead
 62
     8
440
 16777216
 48
20.0
100
AcDbBlockReference
  2
_ArchTick
 10
24805720.41712187
 20
12491270.08641296
 30
0.0
 41
75.0
 42
75.0
 43
75.0
 50
321.5162341481968
  0
MTEXT
  5
892
330
88A
100
AcDbEntity
  8
STR-BEAM
  6
Overhead
 62
     6
440
 16777216
 48
20.0
100
AcDbMText
 10
24805880.80518236
 20
12491142.58216998
 30
0.0
 40
150.0
 41
0.0
 46
0.0
 71
     5
 72
     1
  1
\A1;150
  7
Dim.s & Anno.(Misc.)
 11
0.7827845083202999
 21
-0.6222928679759607
 31
0.0
 73
     1
 44
1.0
 90
        3
 63
     9
421
 13158600
 45
1.1
441
        0
  0
POINT
  5
893
330
88A
100
AcDbEntity
  8
Defpoints
  6
Overhead
 62
     0
440
 16777216
 48
20.0
100
AcDbPoint
 10
24805602.99866276
 20
12491363.4309655
 30
0.0000000013216095
  0
POINT
  5
894
330
88A
100
AcDbEntity
  8
Defpoints
  6
Overhead
 62
     0
440
 16777216
 48
20.0
100
AcDbPoint
 10
24805720.41712187
 20
12491270.08641296
 30
0.0000000013216095
  0
POINT
  5
895
330
88A
100
AcDbEntity
  8
Defpoints
  6
Overhead
 62
     0
440
 16777216
 48
20.0
100
AcDbPoint
 10
24805720.41712187
 20
12491270.08641296
 30
0.0
  0
ENDBLK
  5
896
330
88A
100
AcDbEntity
  8
0
 48
20.0
100
AcDbBlockEnd
  0
BLOCK
  5
898
330
897
100
AcDbEntity
  8
0
 48
20.0
100
AcDbBlockBegin
  2
*D44
 70
     1
 10
0.0
 20
0.0
 30
0.0
  3
*D44
  1

  0
LINE
  5
899
330
897
100
AcDbEntity
  8
STR-BEAM
  6
HIDDEN
 62
     8
440
 16777216
 48
20.0
370
     9
100
AcDbLine
 10
24807048.3999161
 20
12492458.46634513
 30
0.0
 11
24806989.69232264
 21
12492505.13987735
 31
0.0
  0
LINE
  5
89A
330
897
100
AcDbEntity
  8
STR-BEAM
  6
HIDDEN
 62
     8
440
 16777216
 48
20.0
370
     9
100
AcDbLine
 10
24806955.05285283
 20
12492341.05115966
 30
0.0
 11
24806896.34525936
 21
12492387.72469188
 31
0.0
  0
LINE
  5
89B
330
897
100
AcDbEntity
  8
STR-BEAM
 62
     8
440
 16777216
 48
20.0
100
AcDbLine
 10
24807095.073447
 20
12492517.17393844
 30
0.0
 11
24806955.05285209
 21
12492341.05116024
 31
0.0
  0
LINE
  5
89C
330
897
100
AcDbEntity
  8
STR-BEAM
 62
     8
440
 16777216
 48
20.0
100
AcDbLine
 10
24806955.05285209
 20
12492341.05116024
 30
0.0
 11
24806908.37932046
 21
12492282.34356751
 31
0.0
  0
INSERT
  5
89D
330
897
100
AcDbEntity
  8
STR-BEAM
  6
Overhead
 62
     8
440
 16777216
 48
20.0
100
AcDbBlockReference
  2
_ArchTick
 10
24807048.39991537
 20
12492458.46634571
 30
0.0
 41
75.0
 42
75.0
 43
75.0
 50
51.51470529631645
  0
INSERT
  5
89E
330
897
100
AcDbEntity
  8
STR-BEAM
  6
Overhead
 62
     8
440
 16777216
 48
20.0
100
AcDbBlockReference
  2
_ArchTick
 10
24806955.05285209
 20
12492341.05116024
 30
0.0
 41
75.0
 42
75.0
 43
75.0
 50
231.5147052963165
  0
MTEXT
  5
89F
330
897
100
AcDbEntity
  8
STR-BEAM
  6
Overhead
 62
     6
440
 16777216
 48
20.0
100
AcDbMText
 10
24806827.54432944
 20
12492180.66650207
 30
0.0
 40
150.0
 41
0.0
 46
0.0
 71
     5
 72
     1
  1
\A1;150
  7
Dim.s & Anno.(Misc.)
 11
0.6223137551841327
 21
0.7827679030904521
 31
0.0
 73
     1
 44
1.0
 90
        3
 63
     9
421
 13158600
 45
1.1
441
        0
  0
POINT
  5
8A0
330
897
100
AcDbEntity
  8
Defpoints
  6
Overhead
 62
     0
440
 16777216
 48
20.0
100
AcDbPoint
 10
24807048.3999161
 20
12492458.46634513
 30
0.0000000013216095
  0
POINT
  5
8A1
330
897
100
AcDbEntity
  8
Defpoints
  6
Overhead
 62
     0
440
 16777216
 48
20.0
100
AcDbPoint
 10
24806955.05285283
 20
12492341.05115966
 30
0.0000000013216095
  0
POINT
  5
8A2
330
897
100
AcDbEntity
  8
Defpoints
  6
Overhead
 62
     0
440
 16777216
 48
20.0
100
AcDbPoint
 10
24806955.05285209
 20
12492341.05116024
 30
0.0
  0
ENDBLK
  5
8A3
330
897
100
AcDbEntity
  8
0
 48
20.0
100
AcDbBlockEnd
  0
BLOCK
  5
8A5
330
8A4
100
AcDbEntity
  8
0
 48
20.0
100
AcDbBlockBegin
  2
*D45
 70
     1
 10
0.0
 20
0.0
 30
0.0
  3
*D45
  1

  0
LINE
  5
8A6
330
8A4
100
AcDbEntity
  8
STR-BEAM
  6
HIDDEN
 62
     8
440
 16777216
 48
20.0
370
     9
100
AcDbLine
 10
24806520.91717248
 20
12491312.86215427
 30
0.0
 11
24806567.72869347
 21
12491371.74619604
 31
0.0
  0
LINE
  5
8A7
330
8A4
100
AcDbEntity
  8
STR-BEAM
  6
HIDDEN
 62
     8
440
 16777216
 48
20.0
370
     9
100
AcDbLine
 10
24806638.33498641
 20
12491219.51756894
 30
0.0
 11
24806685.1465074
 21
12491278.40161071
 31
0.0
  0
LINE
  5
8A8
330
8A4
100
AcDbEntity
  8
STR-BEAM
 62
     8
440
 16777216
 48
20.0
100
AcDbLine
 10
24806638.47437512
 20
12491219.69290549
 30
0.0
 11
24806462.34785597
 21
12491359.7096231
 31
0.0
  0
LINE
  5
8A9
330
8A4
100
AcDbEntity
  8
STR-BEAM
 62
     8
440
 16777216
 48
20.0
100
AcDbLine
 10
24806521.05656119
 20
12491313.03749082
 30
0.0
 11
24806424.17647014
 21
12491390.05503717
 31
0.0
  0
INSERT
  5
8AA
330
8A4
100
AcDbEntity
  8
STR-BEAM
  6
Overhead
 62
     8
440
 16777216
 48
20.0
100
AcDbBlockReference
  2
_ArchTick
 10
24806638.47437512
 20
12491219.69290549
 30
0.0
 41
75.0
 42
75.0
 43
75.0
 50
321.5160709900958
  0
INSERT
  5
8AB
330
8A4
100
AcDbEntity
  8
STR-BEAM
  6
Overhead
 62
     8
440
 16777216
 48
20.0
100
AcDbBlockReference
  2
_ArchTick
 10
24806521.05656119
 20
12491313.03749082
 30
0.0
 41
75.0
 42
75.0
 43
75.0
 50
141.5160709900957
  0
MTEXT
  5
8AC
330
8A4
100
AcDbEntity
  8
STR-BEAM
  6
Overhead
 62
     6
440
 16777216
 48
20.0
100
AcDbMText
 10
24806322.49747794
 20
12491470.8876046
 30
0.0
 40
150.0
 41
0.0
 46
0.0
 71
     5
 72
     1
  1
\A1;150
  7
Dim.s & Anno.(Misc.)
 11
0.7827827362472895
 21
-0.6222950970666621
 31
0.0
 73
     1
 44
1.0
 90
        3
 63
     9
421
 13158600
 45
1.1
441
        0
  0
POINT
  5
8AD
330
8A4
100
AcDbEntity
  8
Defpoints
  6
Overhead
 62
     0
440
 16777216
 48
20.0
100
AcDbPoint
 10
24806520.91717248
 20
12491312.86215427
 30
0.0000000013216095
  0
POINT
  5
8AE
330
8A4
100
AcDbEntity
  8
Defpoints
  6
Overhead
 62
     0
440
 16777216
 48
20.0
100
AcDbPoint
 10
24806638.33498641
 20
12491219.51756894
 30
0.0000000013216095
  0
POINT
  5
8AF
330
8A4
100
AcDbEntity
  8
Defpoints
  6
Overhead
 62
     0
440
 16777216
 48
20.0
100
AcDbPoint
 10
24806638.47437512
 20
12491219.69290549
 30
0.0
  0
ENDBLK
  5
8B0
330
8A4
100
AcDbEntity
  8
0
 48
20.0
100
AcDbBlockEnd
  0
BLOCK
  5
8B2
330
8B1
100
AcDbEntity
  8
0
 48
20.0
100
AcDbBlockBegin
  2
*D46
 70
     1
 10
0.0
 20
0.0
 30
0.0
  3
*D46
  1

  0
LINE
  5
8B3
330
8B1
100
AcDbEntity
  8
STR-BEAM
  6
HIDDEN
 62
     8
440
 16777216
 48
20.0
370
     9
100
AcDbLine
 10
24805523.77188387
 20
12490540.63766821
 30
0.0
 11
24805465.06307512
 21
12490587.30967027
 31
0.0
  0
LINE
  5
8B4
330
8B1
100
AcDbEntity
  8
STR-BEAM
  6
HIDDEN
 62
     8
440
 16777216
 48
20.0
370
     9
100
AcDbLine
 10
24805617.11588798
 20
12490658.0552857
 30
0.0
 11
24805558.40707924
 21
12490704.72728776
 31
0.0
  0
LINE
  5
8B5
330
8B1
100
AcDbEntity
  8
STR-BEAM
 62
     8
440
 16777216
 48
20.0
100
AcDbLine
 10
24805477.09988181
 20
12490481.92885947
 30
0.0
 11
24805617.11588798
 21
12490658.0552857
 31
0.0
  0
LINE
  5
8B6
330
8B1
100
AcDbEntity
  8
STR-BEAM
 62
     8
440
 16777216
 48
20.0
100
AcDbLine
 10
24805617.11588798
 20
12490658.0552857
 30
0.0
 11
24805663.78789004
 21
12490716.76409444
 31
0.0
  0
INSERT
  5
8B7
330
8B1
100
AcDbEntity
  8
STR-BEAM
  6
Overhead
 62
     8
440
 16777216
 48
20.0
100
AcDbBlockReference
  2
_ArchTick
 10
24805523.77188387
 20
12490540.63766821
 30
0.0
 41
75.0
 42
75.0
 43
75.0
 50
231.5161980799296
  0
INSERT
  5
8B8
330
8B1
100
AcDbEntity
  8
STR-BEAM
  6
Overhead
 62
     8
440
 16777216
 48
20.0
100
AcDbBlockReference
  2
_ArchTick
 10
24805617.11588798
 20
12490658.0552857
 30
0.0
 41
75.0
 42
75.0
 43
75.0
 50
51.51619807992963
  0
MTEXT
  5
8B9
330
8B1
100
AcDbEntity
  8
STR-BEAM
  6
Overhead
 62
     6
440
 16777216
 48
20.0
100
AcDbMText
 10
24805744.62023193
 20
12490818.44326593
 30
0.0
 40
150.0
 41
0.0
 46
0.0
 71
     5
 72
     1
  1
\A1;150
  7
Dim.s & Anno.(Misc.)
 11
0.6222933607465273
 21
0.7827841165805502
 31
0.0
 73
     1
 44
1.0
 90
        3
 63
     9
421
 13158600
 45
1.1
441
        0
  0
POINT
  5
8BA
330
8B1
100
AcDbEntity
  8
Defpoints
  6
Overhead
 62
     0
440
 16777216
 48
20.0
100
AcDbPoint
 10
24805523.77188387
 20
12490540.63766821
 30
0.0000000013216095
  0
POINT
  5
8BB
330
8B1
100
AcDbEntity
  8
Defpoints
  6
Overhead
 62
     0
440
 16777216
 48
20.0
100
AcDbPoint
 10
24805617.11588798
 20
12490658.0552857
 30
0.0000000013216095
  0
POINT
  5
8BC
330
8B1
100
AcDbEntity
  8
Defpoints
  6
Overhead
 62
     0
440
 16777216
 48
20.0
100
AcDbPoint
 10
24805617.11588798
 20
12490658.0552857
 30
0.0
  0
ENDBLK
  5
8BD
330
8B1
100
AcDbEntity
  8
0
 48
20.0
100
AcDbBlockEnd
  0
BLOCK
  5
8BF
330
8BE
100
AcDbEntity
  8
0
 48
20.0
100
AcDbBlockBegin
  2
*D47
 70
     1
 10
0.0
 20
0.0
 30
0.0
  3
*D47
  1

  0
LINE
  5
8C0
330
8BE
100
AcDbEntity
  8
STR-BEAM
  6
HIDDEN
 62
     8
440
 16777216
 48
20.0
370
     9
100
AcDbLine
 10
24804772.00673383
 20
12489701.09747665
 30
0.0
 11
24804830.71554261
 21
12489654.42547456
 31
0.0
  0
LINE
  5
8C1
330
8BE
100
AcDbEntity
  8
STR-BEAM
  6
HIDDEN
 62
     8
440
 16777216
 48
20.0
370
     9
100
AcDbLine
 10
24804865.35073795
 20
12489818.51509414
 30
0.0
 11
24804924.05954672
 21
12489771.84309205
 31
0.0
  0
LINE
  5
8C2
330
8BE
100
AcDbEntity
  8
STR-BEAM
 62
     8
440
 16777216
 48
20.0
100
AcDbLine
 10
24804725.33473181
 20
12489642.38866788
 30
0.0
 11
24804865.35073799
 21
12489818.5150941
 31
0.0
  0
LINE
  5
8C3
330
8BE
100
AcDbEntity
  8
STR-BEAM
 62
     8
440
 16777216
 48
20.0
100
AcDbLine
 10
24804865.35073799
 20
12489818.5150941
 30
0.0
 11
24804912.02274004
 21
12489877.22390285
 31
0.0
  0
INSERT
  5
8C4
330
8BE
100
AcDbEntity
  8
STR-BEAM
  6
Overhead
 62
     8
440
 16777216
 48
20.0
100
AcDbBlockReference
  2
_ArchTick
 10
24804772.00673387
 20
12489701.09747662
 30
0.0
 41
75.0
 42
75.0
 43
75.0
 50
231.5161980788158
  0
INSERT
  5
8C5
330
8BE
100
AcDbEntity
  8
STR-BEAM
  6
Overhead
 62
     8
440
 16777216
 48
20.0
100
AcDbBlockReference
  2
_ArchTick
 10
24804865.35073799
 20
12489818.5150941
 30
0.0
 41
75.0
 42
75.0
 43
75.0
 50
51.51619807881577
  0
MTEXT
  5
8C6
330
8BE
100
AcDbEntity
  8
STR-BEAM
  6
Overhead
 62
     6
440
 16777216
 48
20.0
100
AcDbMText
 10
24804992.85508194
 20
12489978.90307433
 30
0.0
 40
150.0
 41
0.0
 46
0.0
 71
     5
 72
     1
  1
\A1;150
  7
Dim.s & Anno.(Misc.)
 11
0.6222933607617449
 21
0.7827841165684526
 31
0.0
 73
     1
 44
1.0
 90
        3
 63
     9
421
 13158600
 45
1.1
441
        0
  0
POINT
  5
8C7
330
8BE
100
AcDbEntity
  8
Defpoints
  6
Overhead
 62
     0
440
 16777216
 48
20.0
100
AcDbPoint
 10
24804772.00673383
 20
12489701.09747665
 30
0.0000000013216095
  0
POINT
  5
8C8
330
8BE
100
AcDbEntity
  8
Defpoints
  6
Overhead
 62
     0
440
 16777216
 48
20.0
100
AcDbPoint
 10
24804865.35073795
 20
12489818.51509414
 30
0.0000000013216095
  0
POINT
  5
8C9
330
8BE
100
AcDbEntity
  8
Defpoints
  6
Overhead
 62
     0
440
 16777216
 48
20.0
100
AcDbPoint
 10
24804865.35073799
 20
12489818.5150941
 30
0.0
  0
ENDBLK
  5
8CA
330
8BE
100
AcDbEntity
  8
0
 48
20.0
100
AcDbBlockEnd
  0
BLOCK
  5
8CC
330
8CB
100
AcDbEntity
  8
0
 48
20.0
100
AcDbBlockBegin
  2
*D48
 70
     1
 10
0.0
 20
0.0
 30
0.0
  3
*D48
  1

  0
LINE
  5
8CD
330
8CB
100
AcDbEntity
  8
STR-BEAM
  6
HIDDEN
 62
     8
440
 16777216
 48
20.0
370
     9
100
AcDbLine
 10
24804123.6129605
 20
12488779.38748334
 30
0.0
 11
24803994.27175593
 21
12488882.21593591
 31
0.0
  0
LINE
  5
8CE
330
8CB
100
AcDbEntity
  8
STR-BEAM
  6
HIDDEN
 62
     8
440
 16777216
 48
20.0
370
     9
100
AcDbLine
 10
24804216.96002482
 20
12488896.80266797
 30
0.0
 11
24804087.61882025
 21
12488999.63112053
 31
0.0
  0
LINE
  5
8CF
330
8CB
100
AcDbEntity
  8
STR-BEAM
 62
     8
440
 16777216
 48
20.0
100
AcDbLine
 10
24804006.30581608
 20
12488776.83481143
 30
0.0
 11
24804146.32641256
 21
12488952.95758837
 31
0.0
  0
LINE
  5
8D0
330
8CB
100
AcDbEntity
  8
STR-BEAM
 62
     8
440
 16777216
 48
20.0
100
AcDbLine
 10
24804146.32641256
 20
12488952.95758837
 30
0.0
 11
24804192.99994473
 21
12489011.66518068
 31
0.0
  0
INSERT
  5
8D1
330
8CB
100
AcDbEntity
  8
STR-BEAM
  6
Overhead
 62
     8
440
 16777216
 48
20.0
100
AcDbBlockReference
  2
_ArchTick
 10
24804052.97934824
 20
12488835.54240374
 30
0.0
 41
75.0
 42
75.0
 43
75.0
 50
231.5147047845258
  0
INSERT
  5
8D2
330
8CB
100
AcDbEntity
  8
STR-BEAM
  6
Overhead
 62
     8
440
 16777216
 48
20.0
100
AcDbBlockReference
  2
_ArchTick
 10
24804146.32641256
 20
12488952.95758837
 30
0.0
 41
75.0
 42
75.0
 43
75.0
 50
51.51470478452582
  0
MTEXT
  5
8D3
330
8CB
100
AcDbEntity
  8
STR-BEAM
  6
Overhead
 62
     6
440
 16777216
 48
20.0
100
AcDbMText
 10
24804273.83493665
 20
12489113.3422454
 30
0.0
 40
150.0
 41
0.0
 46
0.0
 71
     5
 72
     1
  1
\A1;150
  7
Dim.s & Anno.(Misc.)
 11
0.6223137621761535
 21
0.7827678975316769
 31
0.0
 73
     1
 44
1.0
 90
        3
 63
     9
421
 13158600
 45
1.1
441
        0
  0
POINT
  5
8D4
330
8CB
100
AcDbEntity
  8
Defpoints
  6
Overhead
 62
     0
440
 16777216
 48
20.0
100
AcDbPoint
 10
24804123.6129605
 20
12488779.38748334
 30
0.0000000013216095
  0
POINT
  5
8D5
330
8CB
100
AcDbEntity
  8
Defpoints
  6
Overhead
 62
     0
440
 16777216
 48
20.0
100
AcDbPoint
 10
24804216.96002482
 20
12488896.80266797
 30
0.0000000013216095
  0
POINT
  5
8D6
330
8CB
100
AcDbEntity
  8
Defpoints
  6
Overhead
 62
     0
440
 16777216
 48
20.0
100
AcDbPoint
 10
24804146.32641256
 20
12488952.95758837
 30
0.0
  0
ENDBLK
  5
8D7
330
8CB
100
AcDbEntity
  8
0
 48
20.0
100
AcDbBlockEnd
  0
BLOCK
  5
8DB
330
8D8
100
AcDbEntity
  8
0
 62
     1
 48
20.0
100
AcDbBlockBegin
  2
*U49
 70
     1
 10
0.0
 20
0.0
 30
0.0
  3
*U49
  1

  0
LWPOLYLINE
  5
8DC
102
{ACAD_REACTORS
330
8DD
102
}
330
8D8
100
AcDbEntity
  8
0
 62
     0
100
AcDbPolyline
 90
        8
 70
     0
 43
0.0
 10
0.0000003234204263
 20
-0.0000001739741783
 10
-229.845702638933
 20
84.79726530366198
 10
-128.6239838648448
 20
112.4724180810122
 10
-397.409347898907
 20
475.7853174486633
 10
-338.7083986599308
 20
519.2133268423654
 10
-69.53456987144814
 20
155.3753458477019
 10
-11.59844517591742
 20
244.3100408365009
 10
0.0000002153266739
 20
-0.0000002539438645
1001
AcDbBlockRepETag
1070
     1
1071
        0
1005
8DC
  0
HATCH
  5
8DD
330
8D8
100
AcDbEntity
  8
0
 62
     9
100
AcDbHatch
 10
0.0
 20
0.0
 30
0.0
210
0.0
220
0.0
230
0.9999999999999998
  2
SOLID
 70
     1
 71
     1
 91
        1
 92
        7
 72
     0
 73
     1
 93
        7
 10
-128.6239838648448
 20
112.4724180810122
 10
-229.8457026389331
 20
84.79726530366196
 10
0.0000002095355853
 20
-0.0000001319584726
 10
-11.5984451759175
 20
244.3100408365009
 10
-69.53456987144813
 20
155.3753458477019
 10
-338.7083986599308
 20
519.2133268423654
 10
-397.409347898907
 20
475.7853174486633
 97
        1
330
8DC
 75
     0
 76
     1
 47
1.311492903056146
 98
        1
 10
-319.0678878459522
 20
387.9833661958525
450
        0
451
        0
460
0.0
461
0.0
452
        0
462
0.0
453
        2
463
0.0
 63
     5
421
      255
463
1.0
 63
     2
421
 16776960
470
LINEAR
1001
GradientColor1ACI
1070
     5
1001
GradientColor2ACI
1070
     2
1001
ACAD
1010
0.0
1020
0.0
1030
0.0
1001
AcDbBlockRepETag
1070
     1
1071
        1
1005
8DD
  0
ENDBLK
  5
8DE
330
8D8
100
AcDbEntity
  8
0
 62
     1
 48
20.0
100
AcDbBlockEnd
  0
BLOCK
  5
9C3
330
9C2
100
AcDbEntity
  8
0
100
AcDbBlockBegin
  2
*D51
 70
     1
 10
0.0
 20
0.0
 30
0.0
  3
*D51
  1

  0
LINE
  5
9DC
330
9C2
100
AcDbEntity
  8
S- Structural
  6
HIDDEN
 62
     8
440
 16777216
 48
20.0
370
     9
100
AcDbLine
 10
21165.91862303733
 20
27312.19633109898
 30
0.0
 11
20866.14447192565
 21
27159.98038963713
 31
0.0
  0
LINE
  5
9DD
330
9C2
100
AcDbEntity
  8
S- Structural
  6
HIDDEN
 62
     8
440
 16777216
 48
20.0
370
     9
100
AcDbLine
 10
19807.63671351567
 20
29987.19740185917
 30
0.0
 11
19507.86256240398
 21
29834.98146039732
 31
0.0
  0
LINE
  5
9DE
330
9C2
100
AcDbEntity
  8
S- Structural
 62
     8
440
 16777216
 48
20.0
100
AcDbLine
 10
20966.97340692452
 20
27127.06343554059
 30
0.0
 11
20336.91345063983
 21
28367.90382801715
 31
0.0
  0
LINE
  5
9DF
330
9C2
100
AcDbEntity
  8
S- Structural
 62
     8
440
 16777216
 48
20.0
100
AcDbLine
 10
19540.77951650051
 20
29935.81039539619
 30
0.0
 11
20170.83947278521
 21
28694.97000291963
 31
0.0
  0
INSERT
  5
9E0
330
9C2
100
AcDbEntity
  8
S- Structural
 62
     8
440
 16777216
 48
20.0
100
AcDbBlockReference
  2
_ArchTick
 10
20933.01741647335
 20
27193.9363800883
 30
0.0
 41
75.0
 42
75.0
 43
75.0
 50
296.9200360842244
  0
INSERT
  5
9E1
330
9C2
100
AcDbEntity
  8
S- Structural
 62
     8
440
 16777216
 48
20.0
100
AcDbBlockReference
  2
_ArchTick
 10
19574.73550695168
 20
29868.93745084849
 30
0.0
 41
75.0
 42
75.0
 43
75.0
 50
116.9200360842244
  0
MTEXT
  5
9E2
330
9C2
100
AcDbEntity
  8
S- Structural
 62
     6
440
 16777216
 48
20.0
100
AcDbMText
 10
20253.87646171252
 20
28531.43691546839
 30
0.0
 40
150.0
 41
0.0
 46
0.0
 71
     5
 72
     1
  1
\A1;3000
  7
Dim.s & Anno.(Misc.)
 11
0.452746539348882
 21
-0.8916392606360552
 31
0.0
 73
     1
 44
1.0
 90
        3
 63
     9
421
 13158600
 45
1.1
441
        0
  0
POINT
  5
9E3
330
9C2
100
AcDbEntity
  8
Defpoints
 62
     0
440
 16777216
 48
20.0
100
AcDbPoint
 10
21165.91862303733
 20
27312.19633109898
 30
0.0
  0
POINT
  5
9E4
330
9C2
100
AcDbEntity
  8
Defpoints
 62
     0
440
 16777216
 48
20.0
100
AcDbPoint
 10
19807.63671351567
 20
29987.19740185917
 30
0.0
  0
POINT
  5
9E5
330
9C2
100
AcDbEntity
  8
Defpoints
 62
     0
440
 16777216
 48
20.0
100
AcDbPoint
 10
19574.73550695168
 20
29868.93745084849
 30
0.0
  0
ENDBLK
  5
9C4
330
9C2
100
AcDbEntity
  8
0
100
AcDbBlockEnd
  0
BLOCK
  5
9D0
330
9CF
100
AcDbEntity
  8
0
100
AcDbBlockBegin
  2
*D52
 70
     1
 10
0.0
 20
0.0
 30
0.0
  3
*D52
  1

  0
LINE
  5
9E6
330
9CF
100
AcDbEntity
  8
S- Structural
  6
HIDDEN
 62
     8
440
 16777216
 48
20.0
370
     9
100
AcDbLine
 10
19760.32384615733
 20
30411.7824336964
 30
0.0
 11
19400.64033422171
 21
30229.15415340416
 31
0.0
  0
LINE
  5
9E7
330
9CF
100
AcDbEntity
  8
S- Structural
  6
HIDDEN
 62
     8
440
 16777216
 48
20.0
370
     9
100
AcDbLine
 10
18090.02432832464
 20
33701.41093809375
 30
0.0
 11
17730.34081638901
 21
33518.7826578015
 31
0.0
  0
LINE
  5
9E8
330
9CF
100
AcDbEntity
  8
S- Structural
 62
     8
440
 16777216
 48
20.0
100
AcDbLine
 10
19501.46870449218
 20
30196.23546952099
 30
0.0
 11
18715.56041667386
 21
31744.06942256187
 31
0.0
  0
LINE
  5
9E9
330
9CF
100
AcDbEntity
  8
S- Structural
 62
     8
440
 16777216
 48
20.0
100
AcDbLine
 10
17763.25950027218
 20
33619.61102807197
 30
0.0
 11
18549.1677880905
 21
32071.77707503109
 31
0.0
  0
INSERT
  5
9EA
330
9CF
100
AcDbEntity
  8
S- Structural
 62
     8
440
 16777216
 48
20.0
100
AcDbBlockReference
  2
_ArchTick
 10
19467.51386129853
 20
30263.10899659781
 30
0.0
 41
75.0
 42
75.0
 43
75.0
 50
296.9190531347281
  0
INSERT
  5
9EB
330
9CF
100
AcDbEntity
  8
S- Structural
 62
     8
440
 16777216
 48
20.0
100
AcDbBlockReference
  2
_ArchTick
 10
17797.21434346583
 20
33552.73750099515
 30
0.0
 41
75.0
 42
75.0
 43
75.0
 50
116.9190531347281
  0
MTEXT
  5
9EC
330
9CF
100
AcDbEntity
  8
S- Structural
 62
     6
440
 16777216
 48
20.0
100
AcDbMText
 10
18632.36410238218
 20
31907.92324879648
 30
0.0
 40
150.0
 41
0.0
 46
0.0
 71
     5
 72
     1
  1
\A1;3689
  7
Dim.s & Anno.(Misc.)
 11
0.4527312425820538
 21
-0.8916470276909521
 31
0.0
 73
     1
 44
1.0
 90
        3
 63
     9
421
 13158600
 45
1.1
441
        0
  0
POINT
  5
9ED
330
9CF
100
AcDbEntity
  8
Defpoints
 62
     0
440
 16777216
 48
20.0
100
AcDbPoint
 10
19760.32384615733
 20
30411.7824336964
 30
0.0
  0
POINT
  5
9EE
330
9CF
100
AcDbEntity
  8
Defpoints
 62
     0
440
 16777216
 48
20.0
100
AcDbPoint
 10
18090.02432832464
 20
33701.41093809375
 30
0.0
  0
POINT
  5
9EF
330
9CF
100
AcDbEntity
  8
Defpoints
 62
     0
440
 16777216
 48
20.0
100
AcDbPoint
 10
17797.21434346583
 20
33552.73750099515
 30
0.0
  0
ENDBLK
  5
9D1
330
9CF
100
AcDbEntity
  8
0
100
AcDbBlockEnd
  0
ENDSEC
  0
SECTION
  2
ENTITIES
  0
INSERT
  5
992
330
1F
100
AcDbEntity
  8
S-COLUMN
 62
     1
100
AcDbBlockReference
  2
A$C7186b494
 10
7553.279530916057
 20
16118.19628301666
 30
0.0
  0
MTEXT
  5
993
102
{ACAD_XDICTIONARY
360
994
102
}
330
1F
100
AcDbEntity
  8
G-ANNO-TEXT
 62
     6
100
AcDbMText
 10
22579.79023887187
 20
19845.98763183721
 30
-0.0000000000002178
 40
400.0
 41
7912.633027953562
 46
0.0
 71
     1
 72
     1
  1
\pxt15;{\fSwis721 LtCn BT|b1|i0|c0|p34;\LGROUND FLOOR FRAMING PLAN}
  7
Swis721 LtCn BT_2
 73
     2
 44
0.9718478586403113
1001
REVIT
1002
{
1070
     1
1000
612438
1002
}
1002
{
1070
     5
1000
936
1002
}
1002
{
1070
     2
1000
-2000300
1002
}
  0
MTEXT
  5
995
330
1F
100
AcDbEntity
  8
G-ANNO-TEXT
 62
     1
100
AcDbMText
 10
22627.6544547227
 20
19235.82139305242
 30
-0.0000000000002178
 40
250.0
 41
4617.0
 46
0.0
 71
     1
 72
     1
  1
{\fSwis721 LtCn BT|b1|i0|c0|p34;\LSCALE 1:100}
  7
Swis721 LtCn BT_2
 73
     2
 44
0.9718478586403113
1001
REVIT
1002
{
1070
     1
1000
612438
1002
}
1002
{
1070
     5
1000
936
1002
}
1002
{
1070
     2
1000
-2000300
1002
}
  0
INSERT
  5
99E
330
1F
100
AcDbEntity
  8
STR-BEAM
  6
Overhead
 62
     1
100
AcDbBlockReference
  2
GROUN FLOOR
 10
-24797439.22739169
 20
-12449439.74889663
 30
0.0
  0
INSERT
  5
9A3
330
1F
100
AcDbEntity
  8
Grids
 48
20.0
100
AcDbBlockReference
  2
A$Cab1eb2bb
 10
1573.916787884824
 20
1701.737815432558
 30
0.0
  0
LWPOLYLINE
  5
9A4
330
1F
100
AcDbEntity
  8
elec
 48
20.0
100
AcDbPolyline
 90
        4
 70
     1
 43
0.0
 10
8942.748605366491
 20
21598.07725539089
 10
8890.738213266871
 20
22195.8187707051
 10
9488.479728564314
 20
22247.82916279354
 10
9540.490120660207
 20
21650.08764750169
  0
LWPOLYLINE
  5
9A5
330
1F
100
AcDbEntity
  8
elec
 48
20.0
100
AcDbPolyline
 90
        4
 70
     1
 43
0.0
 10
9010.964995771342
 20
21679.29624381692
 10
8971.957201696627
 20
22127.60238029094
 10
9420.263338166915
 20
22166.6101743731
 10
9459.271132245353
 20
21718.30403790095
  0
LWPOLYLINE
  5
9A6
330
1F
100
AcDbEntity
  8
elec
 62
     1
 48
20.0
100
AcDbPolyline
 90
        5
 70
     0
 43
10.0
 10
9985.930081505024
 20
22678.2802280824
 10
9706.311180993608
 20
22479.90382671201
 10
9594.277478936755
 20
21909.98087911525
 10
9834.055807936632
 20
22080.09227697396
 10
9985.930081505024
 20
22678.2802280824
  0
LWPOLYLINE
  5
9A7
330
1F
100
AcDbEntity
  8
elec
 62
     1
 48
20.0
100
AcDbPolyline
 90
        2
 70
     0
 43
10.0
 10
9706.311180993608
 20
22479.90382671201
 10
9834.055807936632
 20
22080.09227697396
  0
LWPOLYLINE
  5
9A8
330
1F
100
AcDbEntity
  8
elec
 62
     1
 48
20.0
100
AcDbPolyline
 90
        2
 70
     0
 43
10.0
 10
9985.930081505024
 20
22678.2802280824
 10
9594.277478936755
 20
21909.98087911525
  0
LEADER
  5
9A9
330
1F
100
AcDbEntity
  8
elec
 48
20.0
100
AcDbLeader
  3
A-GFC-75
 76
     2
 10
9856.58945260539
 20
22603.49717931108
 30
0.0
 10
8446.933002505145
 20
23515.36657214195
 30
0.0000000000006852
1001
ACAD
1000
DSTYLE
1002
{
1070
    41
1040
300.0
1002
}
  0
LWPOLYLINE
  5
9AA
330
1F
100
AcDbEntity
  8
elec
 62
     1
 48
20.0
100
AcDbPolyline
 90
        5
 70
     0
 43
9.999999999999998
 10
12839.35674861043
 20
24346.95761243657
 10
12728.24550667747
 20
24180.6476301852
 10
12398.05852971568
 20
24406.46931507096
 10
12509.16977164864
 20
24572.77929732607
 10
12839.35674861043
 20
24346.95761243657
  0
LWPOLYLINE
  5
9AB
330
1F
100
AcDbEntity
  8
elec
 62
     1
 48
20.0
100
AcDbPolyline
 90
        2
 70
     0
 43
9.999999999999998
 10
12841.77012045651
 20
24350.56991864399
 10
12398.05852971568
 20
24406.46931507096
  0
LWPOLYLINE
  5
9AC
330
1F
100
AcDbEntity
  8
elec
 62
     1
 48
20.0
100
AcDbPolyline
 90
        2
 70
     0
 43
9.999999999999998
 10
12505.3718910624
 20
24575.37674620406
 10
12726.38230147927
 20
24181.9219146523
  0
LWPOLYLINE
  5
9AD
330
1F
100
AcDbEntity
  8
elec
 62
     1
 48
20.0
100
AcDbPolyline
 90
        5
 70
     0
 43
10.0
 10
14276.48811778768
 20
25367.04793609523
 10
14028.80649296909
 20
25191.32952318744
 10
13420.29358397766
 20
25250.058687175
 10
13694.87453709512
 20
25444.86090285175
 10
14276.48811778768
 20
25367.04793609523
  0
LWPOLYLINE
  5
9AE
330
1F
100
AcDbEntity
  8
elec
 62
     1
 48
20.0
100
AcDbPolyline
 90
        2
 70
     0
 43
10.0
 10
13420.25519198894
 20
25252.16827907816
 10
14276.48811779141
 20
25367.04793609523
  0
LWPOLYLINE
  5
9AF
330
1F
100
AcDbEntity
  8
elec
 62
     1
 48
20.0
100
AcDbPolyline
 90
        2
 70
     0
 43
10.0
 10
13694.87453709885
 20
25444.86090285175
 10
14028.80649296909
 20
25191.32952318744
  0
LWPOLYLINE
  5
9B0
330
1F
100
AcDbEntity
  8
elec
 62
     1
 48
20.0
100
AcDbPolyline
 90
        5
 70
     0
 43
10.0
 10
15787.09312173693
 20
26485.56684510627
 10
15616.79921050711
 20
26364.75135937177
 10
15483.17140927135
 20
26760.38907485486
 10
15653.46532050117
 20
26881.20456058935
 10
15787.09312173693
 20
26485.56684510627
  0
LWPOLYLINE
  5
9B1
330
1F
100
AcDbEntity
  8
elec
 62
     1
 48
20.0
100
AcDbPolyline
 90
        2
 70
     0
 43
10.0
 10
15787.09312173693
 20
26485.56684510813
 10
15483.17140927135
 20
26760.38907485672
  0
LWPOLYLINE
  5
9B2
330
1F
100
AcDbEntity
  8
elec
 62
     1
 48
20.0
100
AcDbPolyline
 90
        2
 70
     0
 43
10.0
 10
15653.46532050117
 20
26881.20456058935
 10
15616.79921050711
 20
26364.75135937177
  0
LEADER
  5
9B3
330
1F
100
AcDbEntity
  8
elec
 48
20.0
100
AcDbLeader
  3
A-GFC-75
 76
     3
 10
8916.743409316682
 20
21896.94801304892
 30
0.0
 10
7306.68102261021
 20
21743.90181929462
 30
0.0
 10
5715.510449010573
 20
21743.90181929462
 30
0.0
1001
ACAD
1000
DSTYLE
1002
{
1070
    41
1040
300.0
1002
}
  0
LWPOLYLINE
  5
9B4
330
1F
100
AcDbEntity
  8
BEAM
  6
DASHED2
 62
     4
 48
50.0
100
AcDbPolyline
 90
        5
 70
     0
 43
0.0
 10
15905.0339949724
 20
27006.87880443254
 10
16189.11970870911
 20
27102.50586157323
 10
16284.82627068057
 20
26818.18395750069
 10
15879.31944890289
 20
26681.68262699836
 10
15905.02965351536
 20
27006.87964475372
  0
LWPOLYLINE
  5
9B5
330
1F
100
AcDbEntity
  8
BEAM
  6
DASHED2
 62
     4
 48
50.0
100
AcDbPolyline
 90
        2
 70
     0
 43
0.0
 10
16284.74676584794
 20
26818.42014783838
 10
15905.02601145177
 20
27006.83357791633
  0
LWPOLYLINE
  5
9B6
330
1F
100
AcDbEntity
  8
BEAM
  6
DASHED2
 62
     4
 48
50.0
100
AcDbPolyline
 90
        2
 70
     0
 43
0.0
 10
16189.11970870911
 20
27102.50586157323
 10
15879.32370172783
 20
26681.73641908572
  0
INSERT
  5
9B7
330
1F
100
AcDbEntity
  8
FF-SLEEVE
 62
    40
420
 16308017
 48
20.0
100
AcDbBlockReference
  2
New_sprinkler pipes
 10
10189.03806165948
 20
25650.65852061317
 30
0.0000000000006852
  0
DIMENSION
  5
9BD
330
1F
100
AcDbEntity
  8
S- Structural
 48
20.0
100
AcDbDimension
280
     0
  2
*D51
 10
19574.73550695168
 20
29868.93745084849
 30
0.0
 11
20253.87646171252
 21
28531.43691546839
 31
0.0
 70
    33
 71
     5
 42
3000.093410929396
 73
     0
 74
     0
 75
     0
  3
A-GFC-75
100
AcDbAlignedDimension
 13
21165.91862303733
 23
27312.19633109898
 33
0.0
 14
19807.63671351566
 24
29987.19740185917
 34
0.0
  0
DIMENSION
  5
9BE
330
1F
100
AcDbEntity
  8
S- Structural
 48
20.0
100
AcDbDimension
280
     0
  2
*D52
 10
17797.21434346583
 20
33552.73750099515
 30
0.0
 11
18632.36410238218
 21
31907.92324879648
 31
0.0
 70
    33
 71
     5
 42
3689.384254345929
 73
     0
 74
     0
 75
     0
  3
A-GFC-75
100
AcDbAlignedDimension
 13
19760.32384615733
 23
30411.7824336964
 33
0.0
 14
18090.02432832464
 24
33701.41093809375
 34
0.0
  0
MTEXT
  5
9BF
102
{ACAD_XDICTIONARY
360
9C0
102
}
330
1F
100
AcDbEntity
  8
S-COLUMN NO
 62
     4
100
AcDbMText
 10
15218.75393747135
 20
23620.29739785784
 30
0.0
 40
250.0
 41
328.1871003910751
 46
0.0
 71
     1
 72
     5
  1
R1
  7
Swis721 LtCn BT_14
 73
     1
 44
1.035397812187671
  0
LWPOLYLINE
  5
9C1
330
1F
100
AcDbEntity
  8
S- Structural
100
AcDbPolyline
 90
       67
 70
     1
 10
11870.19554621695
 20
19940.27425177053
 40
0.0
 41
26.66666666666666
 42
-0.52056705
 10
11942.55582508041
 20
20057.42862175436
 40
0.0
 41
26.66666666666666
 42
-0.52056705
 10
12080.91278381987
 20
20281.43442422182
 40
0.0
 41
26.66666666666666
 42
-0.52056705
 10
12187.20370408489
 20
20453.52394618497
 40
0.0
 41
26.66666666666666
 42
-0.52056705
 10
12336.00766850977
 20
20577.40643228435
 40
0.0
 41
26.66666666666666
 42
-0.52056705
 10
12491.56746865033
 20
20452.03543513858
 40
0.0
 41
26.66666666666666
 42
-0.52056705
 10
12694.02256091653
 20
20331.63621749014
 40
0.0
 41
26.66666666666666
 42
-0.52056705
 10
12856.07271556525
 20
20262.66496827857
 40
0.0
 41
26.66666666666666
 42
-0.52056705
 10
13070.80781473189
 20
20202.68306716562
 40
0.0
 41
26.66666666666666
 42
-0.52056705
 10
13309.89617809622
 20
20173.54890331656
 40
0.0
 41
26.66666666666666
 42
-0.52056705
 10
13530.1610427086
 20
20179.94377763786
 40
0.0
 41
26.66666666666666
 42
-0.52056705
 10
13714.56531712755
 20
20210.02071069957
 40
0.0
 41
26.66666666666666
 42
-0.52056705
 10
13930.8189154376
 20
20276.0185632746
 40
0.0
 41
26.66666666666666
 42
-0.52056705
 10
14112.75341108038
 20
20360.61407553062
 40
0.0
 41
26.66666666666666
 42
-0.52056705
 10
14288.15162980153
 20
20472.64407459677
 40
0.0
 41
26.66666666666666
 42
-0.52056705
 10
14465.11635685309
 20
20625.49026208029
 40
0.0
 41
26.66666666666666
 42
-0.52056705
 10
14568.85223847969
 20
20741.02630507045
 40
0.0
 41
26.66666666666666
 42
-0.52056705
 10
14665.86647574573
 20
20874.86064977043
 40
0.0
 41
26.66666666666666
 42
-0.52056705
 10
14778.91876742958
 20
21083.78983637162
 40
0.0
 41
26.66666666666666
 42
-0.52056705
 10
14840.45396855443
 20
21246.2943282503
 40
0.0
 41
26.66666666666666
 42
-0.52056705
 10
14886.20219597562
 20
21430.36217166514
 40
0.0
 41
26.66666666666666
 42
-0.52056705
 10
14906.15025661482
 20
21579.76161465824
 40
0.0
 41
26.66666666666666
 42
-0.52056705
 10
14905.49912437393
 20
21843.97247844592
 40
0.0
 41
26.66666666666666
 42
-0.52056705
 10
14875.54324670478
 20
22038.58921455623
 40
0.0
 41
26.66666666666666
 42
-0.52056705
 10
14824.54644057496
 20
22217.61810067513
 40
0.0
 41
26.66666666666666
 42
-0.52056705
 10
14760.40415031432
 20
22372.46027201817
 40
0.0
 41
26.66666666666666
 42
-0.52056705
 10
14635.45077879324
 20
22586.64365964786
 40
0.0
 41
26.66666666666666
 42
-0.52056705
 10
14498.93630529164
 20
22775.64885355004
 40
0.0
 41
26.66666666666666
 42
-0.52056705
 10
14700.19281245365
 20
22893.82024100081
 40
0.0
 41
26.66666666666666
 42
-0.52056705
 10
14907.27770525559
 20
23015.41387018406
 40
0.0
 41
26.66666666666666
 42
0.0073110630251391
 10
15152.76975614174
 20
23416.17326801114
 40
0.0
 41
26.66666666666666
 42
0.1046066944435464
 10
15277.94440359219
 20
23041.05611678802
 40
0.0
 41
26.66666666666666
 42
-0.52056705
 10
15385.76155038147
 20
22874.36908501976
 40
0.0
 41
26.66666666666666
 42
-0.52056705
 10
15499.97509039163
 20
22653.81179794886
 40
0.0
 41
26.66666666666666
 42
-0.52056705
 10
15586.82572733953
 20
22431.80002628856
 40
0.0
 41
26.66666666666666
 42
-0.52056705
 10
15646.94472347169
 20
22217.53329008848
 40
0.0
 41
26.66666666666666
 42
-0.52056705
 10
15676.4417788346
 20
22066.06072532975
 40
0.0
 41
26.66666666666666
 42
-0.52056705
 10
15699.61968403279
 20
21866.91602532969
 40
0.0
 41
26.66666666666666
 42
-0.52056705
 10
15704.06822573735
 20
21610.30281162851
 40
0.0
 41
26.66666666666666
 42
-0.52056705
 10
15693.86509221762
 20
21463.94948643477
 40
0.0
 41
26.66666666666666
 42
-0.52056705
 10
15670.26062027707
 20
21294.18080469251
 40
0.0
 41
26.66666666666666
 42
-0.52056705
 10
15642.79269411012
 20
21161.58628795326
 40
0.0
 41
26.66666666666666
 42
-0.52056705
 10
15599.34136660366
 20
21003.79638985947
 40
0.0
 41
26.66666666666666
 42
-0.52056705
 10
15550.63522306426
 20
20864.25816682943
 40
0.0
 41
26.66666666666666
 42
-0.52056705
 10
15485.27882585271
 20
20711.19050665603
 40
0.0
 41
26.66666666666666
 42
-0.52056705
 10
15359.6146704179
 20
20479.12649228268
 40
0.0
 41
26.66666666666666
 42
-0.52056705
 10
15260.59985480427
 20
20331.71002736905
 40
0.0
 41
26.66666666666666
 42
-0.52056705
 10
15167.91911810606
 20
20212.834884208
 40
0.0
 41
26.66666666666666
 42
-0.52056705
 10
15062.6446824853
 20
20094.90365034931
 40
0.0
 41
26.66666666666666
 42
-0.52056705
 10
14955.20948783277
 20
19989.56313223608
 40
0.0
 41
26.66666666666666
 42
-0.52056705
 10
14844.74517998814
 20
19894.28935479403
 40
0.0
 41
26.66666666666666
 42
-0.52056705
 10
14632.81573248624
 20
19741.71643935361
 40
0.0
 41
26.66666666666666
 42
-0.52056705
 10
14501.43948874219
 20
19663.89544192546
 40
0.0
 41
26.66666666666666
 42
-0.52056705
 10
14317.42980361699
 20
19573.26234794438
 40
0.0
 41
26.66666666666666
 42
-0.52056705
 10
14179.34546766772
 20
19517.88540614613
 40
0.0
 41
26.66666666666666
 42
-0.52056705
 10
13952.64206867262
 20
19448.19957917773
 40
0.0
 41
26.66666666666666
 42
-0.52056705
 10
13809.16249476715
 20
19416.79946738512
 40
0.0
 41
26.66666666666666
 42
-0.52056705
 10
13650.45460554927
 20
19392.94027884148
 40
0.0
 41
26.66666666666666
 42
-0.52056705
 10
13495.11509113356
 20
19380.32272139036
 40
0.0
 41
26.66666666666666
 42
-0.52056705
 10
13291.93627453192
 20
19379.57612380975
 40
0.0
 41
26.66666666666666
 42
-0.52056705
 10
13157.79908676415
 20
19388.85806225829
 40
0.0
 41
26.66666666666666
 42
-0.52056705
 10
12959.91938396885
 20
19416.97263728671
 40
0.0
 41
26.66666666666666
 42
-0.52056705
 10
12711.8374198076
 20
19477.48601122417
 40
0.0
 41
26.66666666666666
 42
-0.52056705
 10
12543.31381884559
 20
19535.72239682481
 40
0.0
 41
26.66666666666666
 42
-0.52056705
 10
12355.4271239151
 20
19618.59352236644
 40
0.0
 41
26.66666666666666
 42
-0.52056705
 10
12170.73629790886
 20
19720.72813617096
 40
0.0
 41
26.66666666666666
 42
-0.52056705
 10
11969.16551421552
 20
19859.63812144131
 40
0.0
 41
26.66666666666666
 42
-0.52056705
1001
RevcloudProps
1070
     0
1040
200.0
  0
LWPOLYLINE
  5
9F7
330
1F
100
AcDbEntity
  8
0
100
AcDbPolyline
 90
        4
 70
     1
 43
0.0
 10
-5861.861050144304
 20
58232.90222783648
 10
43123.04408805491
 20
58232.90222783648
 10
43123.04408805491
 20
9858.892442102252
 10
-5861.861050144304
 20
9858.892442102252
  0
ENDSEC
  0
SECTION
  2
OBJECTS
  0
DICTIONARY
  5
C
330
0
100
AcDbDictionary
281
     1
  3
ACAD_CIP_PREVIOUS_PRODUCT_INFO
350
216
  3
ACAD_COLOR
350
6B
  3
ACAD_DETAILVIEWSTYLE
350
21B
  3
ACAD_GROUP
350
D
  3
ACAD_LAST_SAVED_VERSION_INFO
350
9F8
  3
ACAD_LAYOUT
350
1A
  3
ACAD_MATERIAL
350
6A
  3
ACAD_MLEADERSTYLE
350
12D
  3
ACAD_MLINESTYLE
350
17
  3
ACAD_PLOTSETTINGS
350
19
  3
ACAD_PLOTSTYLENAME
350
E
  3
ACAD_SCALELIST
350
10C
  3
ACAD_SECTIONVIEWSTYLE
350
219
  3
ACAD_TABLESTYLE
350
7E
  3
ACAD_VISUALSTYLE
350
EF
  3
ACDB_RECOMPOSE_DATA
350
A07
  3
ACDBVARIABLEDICTIONARY
350
938
  3
AEC_PROPERTY_SET_DEFS
350
98A
  0
DICTIONARY
  5
1FF
330
2
100
AcDbDictionary
280
     1
281
     1
  3
ACAD_LAYERSTATES
360
200
  0
DICTIONARY
  5
13C
330
10
100
AcDbDictionary
280
     1
281
     1
  0
DICTIONARY
  5
8F9
330
8F8
100
AcDbDictionary
280
     1
281
     1
  0
DICTIONARY
  5
900
330
8FF
100
AcDbDictionary
280
     1
281
     1
  0
DICTIONARY
  5
90F
330
90E
100
AcDbDictionary
280
     1
281
     1
  0
DICTIONARY
  5
912
330
911
100
AcDbDictionary
280
     1
281
     1
  0
DICTIONARY
  5
914
330
913
100
AcDbDictionary
280
     1
281
     1
  0
DICTIONARY
  5
1CE
330
1F
100
AcDbDictionary
280
     1
281
     1
  0
DICTIONARY
  5
2DC
330
2DB
100
AcDbDictionary
280
     1
281
     1
  3
ACAD_ENHANCEDBLOCK
360
2DD
  3
ACAD_SORTENTS
360
2EB
  3
AcDbDynamicBlockRoundTripPurgePreventer
360
2EC
  0
DICTIONARY
  5
2F8
330
2F7
100
AcDbDictionary
280
     1
281
     1
  3
ACAD_SORTENTS
360
2F9
  0
DICTIONARY
  5
36D
330
36C
100
AcDbDictionary
280
     1
281
     1
  3
ACAD_SORTENTS
360
36E
  0
DICTIONARY
  5
403
330
402
100
AcDbDictionary
280
     1
281
     1
  3
ACAD_SORTENTS
360
404
  0
DICTIONARY
  5
415
330
414
100
AcDbDictionary
280
     1
281
     1
  3
ACAD_SORTENTS
360
416
  0
DICTIONARY
  5
664
330
663
100
AcDbDictionary
280
     1
281
     1
  0
DICTIONARY
  5
685
330
684
100
AcDbDictionary
280
     1
281
     1
  3
ACAD_SORTENTS
360
686
  0
DICTIONARY
  5
6F4
330
6F3
100
AcDbDictionary
280
     1
281
     1
  3
ACAD_SORTENTS
360
6F5
  0
DICTIONARY
  5
8D9
330
8D8
100
AcDbDictionary
280
     1
281
     1
  3
ACAD_SORTENTS
360
8DA
  0
DICTIONARY
  5
353
330
352
100
AcDbDictionary
280
     1
281
     1
  3
ACAD_DIMASSOC
360
354
  0
DICTIONARY
  5
356
330
355
100
AcDbDictionary
280
     1
281
     1
  3
ACAD_DIMASSOC
360
357
  0
DICTIONARY
  5
4EA
330
4E9
100
AcDbDictionary
280
     1
281
     1
  3
AcDbBlockRepresentation
360
4EB
  0
DICTIONARY
  5
50F
330
50E
100
AcDbDictionary
280
     1
281
     1
  3
AcDbBlockRepresentation
360
510
  0
DICTIONARY
  5
590
330
58F
100
AcDbDictionary
280
     1
281
     1
  3
ACAD_DIMASSOC
360
591
  0
DICTIONARY
  5
593
330
592
100
AcDbDictionary
280
     1
281
     1
  3
ACAD_DIMASSOC
360
594
  0
DICTIONARY
  5
596
330
595
100
AcDbDictionary
280
     1
281
     1
  3
ACAD_DIMASSOC
360
597
  0
DICTIONARY
  5
599
330
598
100
AcDbDictionary
280
     1
281
     1
  3
ACAD_DIMASSOC
360
59A
  0
DICTIONARY
  5
59C
330
59B
100
AcDbDictionary
280
     1
281
     1
  3
ACAD_DIMASSOC
360
59D
  0
DICTIONARY
  5
59F
330
59E
100
AcDbDictionary
280
     1
281
     1
  3
ACAD_DIMASSOC
360
5A0
  0
DICTIONARY
  5
5A2
330
5A1
100
AcDbDictionary
280
     1
281
     1
  3
ACAD_DIMASSOC
360
5A3
  0
DICTIONARY
  5
5A5
330
5A4
100
AcDbDictionary
280
     1
281
     1
  3
ACAD_DIMASSOC
360
5A6
  0
DICTIONARY
  5
5A8
330
5A7
100
AcDbDictionary
280
     1
281
     1
  3
ACAD_DIMASSOC
360
5A9
  0
DICTIONARY
  5
5AB
330
5AA
100
AcDbDictionary
280
     1
281
     1
  3
ACAD_DIMASSOC
360
5AC
  0
DICTIONARY
  5
5AE
330
5AD
100
AcDbDictionary
280
     1
281
     1
  3
ACAD_DIMASSOC
360
5AF
  0
DICTIONARY
  5
60B
330
60A
100
AcDbDictionary
280
     1
281
     1
  3
ACAD_DIMASSOC
360
60C
  0
DICTIONARY
  5
60E
330
60D
100
AcDbDictionary
280
     1
281
     1
  3
ACAD_DIMASSOC
360
60F
  0
DICTIONARY
  5
611
330
610
100
AcDbDictionary
280
     1
281
     1
  3
ACAD_DIMASSOC
360
612
  0
DICTIONARY
  5
614
330
613
100
AcDbDictionary
280
     1
281
     1
  3
ACAD_DIMASSOC
360
615
  0
DICTIONARY
  5
617
330
616
100
AcDbDictionary
280
     1
281
     1
  3
ACAD_DIMASSOC
360
618
  0
DICTIONARY
  5
61A
330
619
100
AcDbDictionary
280
     1
281
     1
  3
ACAD_DIMASSOC
360
61B
  0
DICTIONARY
  5
61D
330
61C
100
AcDbDictionary
280
     1
281
     1
  3
ACAD_DIMASSOC
360
61E
  0
DICTIONARY
  5
620
330
61F
100
AcDbDictionary
280
     1
281
     1
  3
ACAD_DIMASSOC
360
621
  0
DICTIONARY
  5
633
330
632
100
AcDbDictionary
280
     1
281
     1
  3
ACAD_DIMASSOC
360
634
  0
DICTIONARY
  5
636
330
635
100
AcDbDictionary
280
     1
281
     1
  3
ACAD_DIMASSOC
360
637
  0
DICTIONARY
  5
639
330
638
100
AcDbDictionary
280
     1
281
     1
  3
ACAD_DIMASSOC
360
63A
  0
DICTIONARY
  5
994
330
993
100
AcDbDictionary
280
     1
281
     1
  0
DICTIONARY
  5
9C0
330
9BF
100
AcDbDictionary
280
     1
281
     1
  0
XRECORD
  5
216
102
{ACAD_REACTORS
330
C
102
}
330
C
100
AcDbXrecord
280
     1
300
ACDLT
300
2026
300

  0
DICTIONARY
  5
6B
102
{ACAD_REACTORS
330
C
102
}
330
C
100
AcDbDictionary
281
     1
  0
DICTIONARY
  5
21B
102
{ACAD_REACTORS
330
C
102
}
330
C
100
AcDbDictionary
281
     1
  3
Metric50
350
21C
  0
DICTIONARY
  5
D
102
{ACAD_REACTORS
330
C
102
}
330
C
100
AcDbDictionary
281
     1
  0
XRECORD
  5
9F8
102
{ACAD_REACTORS
330
C
102
}
330
C
100
AcDbXrecord
280
     1
300
{BE3A315F-8863-8C4F-852B-1D9C9CA66F5C}
301
{35EAA355-CA83-6F42-9FCC-0574A95CC62F}
302
{BE3A315F-8863-8C4F-852B-1D9C9CA66F5C}
303

301
{4E2F7008-F556-474F-9982-530E6F61E106}
302
{FC5318E2-6EA3-2F4A-B8CE-B348183DA67A}
303

  0
DICTIONARY
  5
1A
102
{ACAD_REACTORS
330
C
102
}
330
C
100
AcDbDictionary
281
     1
  3
Layout1
350
D3
  3
Layout2
350
D7
  3
Model
350
22
  0
DICTIONARY
  5
6A
102
{ACAD_REACTORS
330
C
102
}
330
C
100
AcDbDictionary
281
     1
  3
ByBlock
350
ED
  3
ByLayer
350
EC
  3
Global
350
EE
  0
DICTIONARY
  5
12D
102
{ACAD_REACTORS
330
C
102
}
330
C
100
AcDbDictionary
281
     1
  3
Annotative
350
13B
  3
Standard
350
12E
  0
DICTIONARY
  5
17
102
{ACAD_REACTORS
330
C
102
}
330
C
100
AcDbDictionary
281
     1
  3
Standard
350
18
  0
DICTIONARY
  5
19
102
{ACAD_REACTORS
330
C
102
}
330
C
100
AcDbDictionary
281
     1
  0
ACDBDICTIONARYWDFLT
  5
E
102
{ACAD_REACTORS
330
C
102
}
330
C
100
AcDbDictionary
281
     1
  3
Normal
350
F
100
AcDbDictionaryWithDefault
340
F
  0
DICTIONARY
  5
10C
102
{ACAD_REACTORS
330
C
102
}
330
C
100
AcDbDictionary
281
     1
  3
A0
350
10D
  3
A1
350
1BE
  3
A2
350
1BF
  3
A3
350
1C0
  3
A4
350
1C1
  3
A5
350
1C2
  3
A6
350
1C3
  3
A7
350
1C4
  3
A8
350
1C5
  3
A9
350
1C6
  3
B0
350
1C7
  3
B1
350
1C8
  3
B2
350
1C9
  3
B3
350
1CA
  3
B4
350
1CB
  3
B5
350
1CC
  3
B6
350
1CD
  0
DICTIONARY
  5
219
102
{ACAD_REACTORS
330
C
102
}
330
C
100
AcDbDictionary
281
     1
  3
Metric50
350
21A
  0
DICTIONARY
  5
7E
102
{ACAD_REACTORS
330
C
102
}
330
C
100
AcDbDictionary
281
     1
  3
Standard
350
7F
  0
DICTIONARY
  5
EF
102
{ACAD_REACTORS
330
C
102
}
330
C
100
AcDbDictionary
281
     1
  3
2dWireframe
350
F5
  3
Basic
350
F4
  3
Brighten
350
FB
  3
ColorChange
350
FF
  3
Conceptual
350
F8
  3
Dim
350
FA
  3
EdgeColorOff
350
1E6
  3
Facepattern
350
FE
  3
Flat
350
F0
  3
FlatWithEdges
350
F1
  3
Gouraud
350
F2
  3
GouraudWithEdges
350
F3
  3
Hidden
350
F7
  3
JitterOff
350
1E4
  3
Linepattern
350
FD
  3
OverhangOff
350
1E5
  3
Realistic
350
F9
  3
Shaded
350
1F3
  3
Shaded with edges
350
1F2
  3
Shades of Gray
350
1EF
  3
Sketchy
350
1F0
  3
Thicken
350
FC
  3
Wireframe
350
F6
  3
X-Ray
350
1F1
  0
XRECORD
  5
A07
102
{ACAD_REACTORS
330
C
102
}
330
C
100
AcDbXrecord
280
     1
 90
        1
330
7F
  0
DICTIONARY
  5
938
102
{ACAD_REACTORS
330
C
102
}
330
C
100
AcDbDictionary
281
     2
  3
#REVCLOUDAPPROXARCLEN
350
939
  3
ANNOALLVISIBLE
350
93A
  3
CANNOSCALE
350
93B
  3
CMLEADERSTYLE
350
93C
  3
CTABLESTYLE
350
93D
  3
CVIEWDETAILSTYLE
350
93E
  3
CVIEWSECTIONSTYLE
350
93F
  3
DIMADEC
350
940
  3
DIMASSOC
350
941
  3
EXPORTPAPERSPACE
350
942
  3
HIDETEXT
350
943
  3
HPCOLOR
350
944
  3
HPINHERIT
350
945
  3
HPLAYER
350
946
  3
HPTRANSPARENCY
350
947
  3
INDEXCTL
350
948
  3
LAYEREVAL
350
949
  3
LAYERNOTIFY
350
94A
  3
LIGHTINGUNITS
350
94B
  3
MLEADERSCALE
350
94C
  3
MSLTSCALE
350
94D
  3
OLEFRAME
350
94E
  3
PDFFRAME
350
94F
  3
SOLIDHIST
350
950
  3
SORTENTS
350
951
  0
DICTIONARY
  5
98A
102
{ACAD_REACTORS
330
C
102
}
330
C
100
AcDbDictionary
281
     1
  0
DICTIONARY
  5
200
102
{ACAD_REACTORS
330
1FF
102
}
330
1FF
100
AcDbDictionary
281
     1
  0
ACAD_EVALUATION_GRAPH
  5
2DD
102
{ACAD_REACTORS
330
2DC
102
}
330
2DC
100
AcDbEvalGraph
 96
       28
 97
       28
 91
        0
 93
       32
 95
        2
360
2DE
 92
       -1
 92
       -1
 92
        7
 92
        7
 91
        1
 93
       32
 95
       11
360
2DF
 92
        2
 92
        2
 92
        0
 92
        6
 91
        2
 93
       32
 95
       18
360
2E0
 92
       -1
 92
       -1
 92
        2
 92
        2
 91
        3
 93
       32
 95
       19
360
2E1
 92
        0
 92
        0
 92
       -1
 92
       -1
 91
        4
 93
       32
 95
       20
360
2E2
 92
        1
 92
        1
 92
       -1
 92
       -1
 91
        5
 93
       32
 95
       21
360
2E3
 92
        5
 92
        5
 92
        3
 92
        8
 91
        6
 93
       32
 95
       22
360
2E4
 92
       -1
 92
       -1
 92
        5
 92
        5
 91
        7
 93
       32
 95
       23
360
2E5
 92
        3
 92
        3
 92
       -1
 92
       -1
 91
        8
 93
       32
 95
       24
360
2E6
 92
        4
 92
        4
 92
       -1
 92
       -1
 91
        9
 93
       32
 95
       25
360
2E7
 92
        6
 92
        6
 92
       -1
 92
       -1
 91
       10
 93
       32
 95
       26
360
2E8
 92
        7
 92
        7
 92
       -1
 92
       -1
 91
       11
 93
       32
 95
       27
360
2E9
 92
        8
 92
        8
 92
       -1
 92
       -1
 91
       12
 93
       32
 95
       28
360
2EA
 92
       -1
 92
       -1
 92
       -1
 92
       -1
 92
        0
 93
        0
 94
        1
 91
        1
 91
        3
 92
       -1
 92
       -1
 92
       -1
 92
        1
 92
       -1
 92
        1
 93
        0
 94
        1
 91
        1
 91
        4
 92
       -1
 92
       -1
 92
        0
 92
        6
 92
       -1
 92
        2
 93
        0
 94
        2
 91
        2
 91
        1
 92
       -1
 92
       -1
 92
       -1
 92
       -1
 92
       -1
 92
        3
 93
        0
 94
        1
 91
        5
 91
        7
 92
       -1
 92
       -1
 92
       -1
 92
        4
 92
       -1
 92
        4
 93
        0
 94
        1
 91
        5
 91
        8
 92
       -1
 92
       -1
 92
        3
 92
        8
 92
       -1
 92
        5
 93
        0
 94
        2
 91
        6
 91
        5
 92
       -1
 92
       -1
 92
       -1
 92
       -1
 92
       -1
 92
        6
 93
        0
 94
        2
 91
        1
 91
        9
 92
       -1
 92
       -1
 92
        1
 92
       -1
 92
       -1
 92
        7
 93
        0
 94
        5
 91
        0
 91
       10
 92
       -1
 92
       -1
 92
       -1
 92
       -1
 92
       -1
 92
        8
 93
        0
 94
        3
 91
        5
 91
       11
 92
       -1
 92
       -1
 92
        4
 92
       -1
 92
       -1
  0
SORTENTSTABLE
  5
2EB
102
{ACAD_REACTORS
330
2DC
102
}
330
2DC
100
AcDbSortentsTable
330
2DB
331
2EE
  5
2EF
331
2EF
  5
2EE
  0
ACDB_DYNAMICBLOCKPURGEPREVENTER_VERSION
  5
2EC
102
{ACAD_REACTORS
330
2DC
102
}
330
2DC
100
AcDbDynamicBlockPurgePreventer
 70
     1
  0
SORTENTSTABLE
  5
2F9
102
{ACAD_REACTORS
330
2F8
102
}
330
2F8
100
AcDbSortentsTable
330
2F7
331
2FC
  5
360
331
2FD
  5
361
331
2FE
  5
362
331
2FF
  5
363
331
300
  5
364
331
301
  5
365
331
302
  5
2FC
331
303
  5
2FF
331
304
  5
300
331
305
  5
301
331
306
  5
302
331
307
  5
303
331
308
  5
304
331
309
  5
305
331
30A
  5
306
331
30B
  5
307
331
30C
  5
308
331
30D
  5
309
331
30E
  5
30A
331
30F
  5
30B
331
310
  5
30C
331
311
  5
30D
331
312
  5
30E
331
313
  5
30F
331
314
  5
310
331
315
  5
311
331
316
  5
312
331
317
  5
313
331
318
  5
314
331
319
  5
315
331
31A
  5
316
331
31B
  5
318
331
31C
  5
319
331
31D
  5
31A
331
31E
  5
31B
331
31F
  5
31C
331
320
  5
31D
331
321
  5
31E
331
322
  5
31F
331
323
  5
320
331
324
  5
321
331
325
  5
322
331
326
  5
323
331
327
  5
324
331
328
  5
325
331
329
  5
326
331
32A
  5
327
331
32B
  5
328
331
32C
  5
329
331
32D
  5
32A
331
32E
  5
32B
331
32F
  5
32C
331
330
  5
32D
331
331
  5
32E
331
332
  5
32F
331
333
  5
331
331
334
  5
332
331
335
  5
333
331
336
  5
334
331
337
  5
335
331
338
  5
336
331
339
  5
337
331
33A
  5
338
331
33B
  5
339
331
33C
  5
33A
331
33D
  5
33B
331
33E
  5
33C
331
33F
  5
33D
331
340
  5
33E
331
341
  5
33F
331
342
  5
340
331
343
  5
341
331
344
  5
342
331
345
  5
343
331
346
  5
344
331
347
  5
345
331
348
  5
346
331
349
  5
347
331
34A
  5
348
331
34B
  5
349
331
34C
  5
34A
331
34D
  5
34B
331
34E
  5
34C
331
34F
  5
34D
331
350
  5
34E
331
351
  5
34F
331
352
  5
350
331
355
  5
351
331
358
  5
352
331
359
  5
355
331
35A
  5
358
331
35B
  5
359
331
35C
  5
35A
331
35D
  5
35B
331
35E
  5
35C
331
35F
  5
35D
331
360
  5
35E
331
361
  5
35F
331
362
  5
2FE
331
363
  5
2FD
331
364
  5
317
331
365
  5
330
  0
SORTENTSTABLE
  5
36E
102
{ACAD_REACTORS
330
36D
102
}
330
36D
100
AcDbSortentsTable
330
36C
331
370
  5
37F
331
371
  5
380
331
372
  5
381
331
373
  5
382
331
374
  5
383
331
375
  5
384
331
376
  5
385
331
377
  5
386
331
378
  5
387
331
379
  5
388
331
37A
  5
389
331
37B
  5
38A
331
37C
  5
38B
331
37D
  5
38C
331
37E
  5
38D
331
37F
  5
38E
331
380
  5
38F
331
381
  5
390
331
382
  5
391
331
383
  5
392
331
384
  5
393
331
385
  5
394
331
386
  5
396
331
387
  5
397
331
388
  5
398
331
389
  5
399
331
38A
  5
39A
331
38B
  5
39B
331
38C
  5
39C
331
38D
  5
39D
331
38E
  5
39E
331
38F
  5
39F
331
390
  5
3A0
331
391
  5
3A1
331
392
  5
3A2
331
393
  5
3A3
331
394
  5
3A4
331
395
  5
3A5
331
396
  5
3A6
331
397
  5
3A7
331
398
  5
3A8
331
399
  5
3A9
331
39A
  5
3AA
331
39B
  5
3AB
331
39C
  5
3AC
331
39D
  5
3AD
331
39E
  5
3AE
331
39F
  5
3AF
331
3A0
  5
3B0
331
3A1
  5
3B1
331
3A2
  5
3B2
331
3A3
  5
3B3
331
3A4
  5
3B4
331
3A5
  5
3B5
331
3A6
  5
3B6
331
3A7
  5
3B7
331
3A8
  5
3B8
331
3A9
  5
3B9
331
3AA
  5
3BA
331
3AB
  5
3BB
331
3AC
  5
3BC
331
3AD
  5
3BD
331
3AE
  5
3BE
331
3AF
  5
3BF
331
3B0
  5
3C0
331
3B1
  5
3C1
331
3B2
  5
3C2
331
3B3
  5
3C3
331
3B4
  5
3C4
331
3B5
  5
3C5
331
3B6
  5
3C6
331
3B7
  5
3C7
331
3B8
  5
3C8
331
3B9
  5
3C9
331
3BA
  5
3CA
331
3BB
  5
3CB
331
3BC
  5
3CC
331
3BD
  5
3CD
331
3BE
  5
3CE
331
3BF
  5
3CF
331
3C0
  5
3D0
331
3C1
  5
3D1
331
3C2
  5
3D2
331
3C3
  5
3D3
331
3C4
  5
3D4
331
3C5
  5
3D5
331
3C6
  5
3D6
331
3C7
  5
3D7
331
3C8
  5
3D8
331
3C9
  5
3D9
331
3CA
  5
3DA
331
3CB
  5
370
331
3CC
  5
371
331
3CD
  5
372
331
3CE
  5
374
331
3CF
  5
375
331
3D0
  5
376
331
3D1
  5
377
331
3D2
  5
378
331
3D3
  5
379
331
3D4
  5
37A
331
3D5
  5
37B
331
3D6
  5
37C
331
3D7
  5
37D
331
3D8
  5
37E
331
3D9
  5
395
331
3DA
  5
373
331
3DC
  5
3DD
331
3DD
  5
3DE
331
3DE
  5
3DF
331
3DF
  5
3E0
331
3E0
  5
3E1
331
3E1
  5
3E2
331
3E2
  5
3E3
331
3E3
  5
3E4
331
3E4
  5
3E5
331
3E5
  5
3E6
331
3E6
  5
3E7
331
3E7
  5
3E8
331
3E8
  5
3E9
331
3E9
  5
3EA
331
3EA
  5
3EB
331
3EB
  5
3EC
331
3EC
  5
3ED
331
3ED
  5
3EE
331
3EE
  5
3EF
331
3EF
  5
3F0
331
3F0
  5
3F1
331
3F1
  5
3F2
331
3F2
  5
3F3
331
3F3
  5
3F4
331
3F4
  5
3F5
331
3F5
  5
3F6
331
3F6
  5
3F7
331
3F7
  5
3F8
331
3F8
  5
3DC
  0
SORTENTSTABLE
  5
404
102
{ACAD_REACTORS
330
403
102
}
330
403
100
AcDbSortentsTable
330
402
  0
SORTENTSTABLE
  5
416
102
{ACAD_REACTORS
330
415
102
}
330
415
100
AcDbSortentsTable
330
414
331
41C
  5
41D
331
41D
  5
41F
331
41E
  5
420
331
41F
  5
421
331
420
  5
422
331
421
  5
423
331
422
  5
424
331
423
  5
425
331
424
  5
426
331
425
  5
427
331
426
  5
428
331
427
  5
429
331
428
  5
42A
331
429
  5
42B
331
42A
  5
42C
331
42B
  5
42D
331
42C
  5
42E
331
42D
  5
42F
331
42E
  5
430
331
42F
  5
431
331
430
  5
432
331
431
  5
433
331
432
  5
434
331
433
  5
435
331
434
  5
436
331
435
  5
437
331
436
  5
438
331
437
  5
439
331
438
  5
43A
331
439
  5
43B
331
43A
  5
43C
331
43B
  5
43D
331
43C
  5
43E
331
43D
  5
43F
331
43E
  5
440
331
43F
  5
441
331
440
  5
442
331
441
  5
443
331
442
  5
444
331
443
  5
445
331
444
  5
446
331
445
  5
447
331
446
  5
448
331
447
  5
449
331
448
  5
44A
331
449
  5
44B
331
44A
  5
44C
331
44B
  5
44D
331
44C
  5
44E
331
44D
  5
450
331
44E
  5
452
331
44F
  5
453
331
450
  5
454
331
451
  5
455
331
452
  5
456
331
453
  5
457
331
454
  5
458
331
455
  5
459
331
456
  5
45A
331
457
  5
45B
331
458
  5
45C
331
459
  5
45D
331
45A
  5
45E
331
45B
  5
45F
331
45C
  5
460
331
45D
  5
461
331
45E
  5
462
331
45F
  5
463
331
460
  5
464
331
461
  5
465
331
462
  5
466
331
463
  5
467
331
464
  5
468
331
465
  5
469
331
466
  5
46A
331
467
  5
46B
331
468
  5
46C
331
469
  5
46D
331
46A
  5
46E
331
46B
  5
46F
331
46C
  5
470
331
46D
  5
471
331
46E
  5
472
331
46F
  5
473
331
470
  5
474
331
471
  5
475
331
472
  5
476
331
473
  5
477
331
474
  5
478
331
475
  5
479
331
476
  5
47A
331
477
  5
47B
331
478
  5
47C
331
479
  5
47D
331
47A
  5
47E
331
47B
  5
47F
331
47C
  5
480
331
47D
  5
481
331
47E
  5
482
331
47F
  5
483
331
480
  5
484
331
481
  5
485
331
482
  5
486
331
483
  5
487
331
484
  5
488
331
485
  5
489
331
486
  5
48A
331
487
  5
48B
331
488
  5
48C
331
489
  5
48D
331
48A
  5
48E
331
48B
  5
48F
331
48C
  5
492
331
48D
  5
493
331
48E
  5
494
331
48F
  5
495
331
490
  5
496
331
491
  5
497
331
492
  5
498
331
493
  5
499
331
494
  5
49A
331
495
  5
49B
331
496
  5
49C
331
497
  5
49D
331
498
  5
49E
331
499
  5
49F
331
49A
  5
4A0
331
49B
  5
4A1
331
49C
  5
4A2
331
49D
  5
4A3
331
49E
  5
4A4
331
49F
  5
4A5
331
4A0
  5
4A6
331
4A1
  5
4A7
331
4A2
  5
4A8
331
4A3
  5
4A9
331
4A4
  5
4AA
331
4A5
  5
4AB
331
4A6
  5
4AC
331
4A7
  5
4AD
331
4A8
  5
4AE
331
4A9
  5
4AF
331
4AA
  5
4B1
331
4AB
  5
4B2
331
4AC
  5
4B3
331
4AD
  5
4B4
331
4AE
  5
4B5
331
4AF
  5
4B6
331
4B0
  5
4B7
331
4B1
  5
4B8
331
4B2
  5
4B9
331
4B3
  5
4BA
331
4B4
  5
4BB
331
4B5
  5
4BC
331
4B6
  5
4BD
331
4B7
  5
4BE
331
4B8
  5
4BF
331
4B9
  5
4C0
331
4BA
  5
4C1
331
4BB
  5
4C2
331
4BC
  5
4C3
331
4BD
  5
4C4
331
4BE
  5
4C5
331
4BF
  5
4C6
331
4C0
  5
4C7
331
4C1
  5
4C8
331
4C2
  5
4C9
331
4C3
  5
4CA
331
4C4
  5
4CB
331
4C5
  5
4CC
331
4C6
  5
4CD
331
4C7
  5
4CE
331
4C8
  5
4CF
331
4C9
  5
4D0
331
4CA
  5
4D1
331
4CB
  5
4D2
331
4CC
  5
4D3
331
4CD
  5
4D4
331
4CE
  5
4D5
331
4CF
  5
4D6
331
4D0
  5
4D7
331
4D1
  5
4D8
331
4D2
  5
4D9
331
4D3
  5
4DA
331
4D4
  5
4DB
331
4D5
  5
4DC
331
4D6
  5
4DD
331
4D7
  5
4DE
331
4D8
  5
4DF
331
4D9
  5
4E0
331
4DA
  5
4E1
331
4DB
  5
4E2
331
4DC
  5
4E3
331
4DD
  5
4E4
331
4DE
  5
4E5
331
4DF
  5
4E6
331
4E0
  5
4E7
331
4E1
  5
4E8
331
4E2
  5
4E9
331
4E3
  5
4F7
331
4E4
  5
4F8
331
4E5
  5
4F9
331
4E6
  5
4FA
331
4E7
  5
4FB
331
4E8
  5
4FC
331
4E9
  5
4FD
331
4F7
  5
4FE
331
4F8
  5
4FF
331
4F9
  5
500
331
4FA
  5
501
331
4FB
  5
502
331
4FC
  5
503
331
4FD
  5
504
331
4FE
  5
505
331
4FF
  5
506
331
500
  5
507
331
501
  5
508
331
502
  5
509
331
503
  5
50A
331
504
  5
50B
331
505
  5
50C
331
506
  5
50D
331
507
  5
50E
331
508
  5
51C
331
509
  5
51D
331
50A
  5
51E
331
50B
  5
51F
331
50C
  5
520
331
50D
  5
521
331
50E
  5
522
331
51C
  5
523
331
51D
  5
524
331
51E
  5
525
331
51F
  5
526
331
520
  5
527
331
521
  5
528
331
522
  5
529
331
523
  5
52A
331
524
  5
52B
331
525
  5
52C
331
526
  5
52D
331
527
  5
52E
331
528
  5
52F
331
529
  5
530
331
52A
  5
531
331
52B
  5
532
331
52C
  5
533
331
52D
  5
534
331
52E
  5
535
331
52F
  5
536
331
530
  5
537
331
531
  5
538
331
532
  5
539
331
533
  5
53A
331
534
  5
53B
331
535
  5
53C
331
536
  5
53D
331
537
  5
53E
331
538
  5
53F
331
539
  5
540
331
53A
  5
541
331
53B
  5
542
331
53C
  5
543
331
53D
  5
544
331
53E
  5
545
331
53F
  5
546
331
540
  5
547
331
541
  5
548
331
542
  5
549
331
543
  5
54A
331
544
  5
54B
331
545
  5
54C
331
546
  5
54D
331
547
  5
54E
331
548
  5
54F
331
549
  5
550
331
54A
  5
551
331
54B
  5
552
331
54C
  5
553
331
54D
  5
554
331
54E
  5
555
331
54F
  5
556
331
550
  5
557
331
551
  5
558
331
552
  5
559
331
553
  5
55A
331
554
  5
55B
331
555
  5
55C
331
556
  5
55D
331
557
  5
55E
331
558
  5
55F
331
559
  5
560
331
55A
  5
561
331
55B
  5
562
331
55C
  5
563
331
55D
  5
564
331
55E
  5
565
331
55F
  5
566
331
560
  5
567
331
561
  5
568
331
562
  5
569
331
563
  5
56A
331
564
  5
56B
331
565
  5
56C
331
566
  5
56D
331
567
  5
56E
331
568
  5
56F
331
569
  5
570
331
56A
  5
571
331
56B
  5
572
331
56C
  5
573
331
56D
  5
574
331
56E
  5
575
331
56F
  5
576
331
570
  5
577
331
571
  5
578
331
572
  5
579
331
573
  5
57A
331
574
  5
57B
331
575
  5
57C
331
576
  5
57D
331
577
  5
57E
331
578
  5
57F
331
579
  5
580
331
57A
  5
581
331
57B
  5
582
331
57C
  5
583
331
57D
  5
584
331
57E
  5
585
331
57F
  5
586
331
580
  5
587
331
581
  5
588
331
582
  5
589
331
583
  5
58A
331
584
  5
58B
331
585
  5
58C
331
586
  5
58D
331
587
  5
58E
331
588
  5
595
331
589
  5
5A1
331
58A
  5
5A4
331
58B
  5
5A7
331
58C
  5
5AA
331
58D
  5
5AD
331
58E
  5
5B0
331
58F
  5
5B1
331
592
  5
5B2
331
595
  5
5B3
331
598
  5
5B4
331
59B
  5
5B5
331
59E
  5
5B6
331
5A1
  5
5B7
331
5A4
  5
5B8
331
5A7
  5
5B9
331
5AA
  5
5BA
331
5AD
  5
5BB
331
5B0
  5
5BC
331
5B1
  5
5BD
331
5B2
  5
5BE
331
5B3
  5
5BF
331
5B4
  5
5C0
331
5B5
  5
5C1
331
5B6
  5
5C2
331
5B7
  5
491
331
5B8
  5
5C3
331
5B9
  5
5C4
331
5BA
  5
5C5
331
5BB
  5
5C6
331
5BC
  5
5C7
331
5BD
  5
5C8
331
5BE
  5
5C9
331
5BF
  5
5CA
331
5C0
  5
5CD
331
5C1
  5
5CE
331
5C2
  5
5CF
331
5C3
  5
5D0
331
5C4
  5
5D1
331
5C5
  5
5D2
331
5C6
  5
5D3
331
5C7
  5
5D4
331
5C8
  5
5D5
331
5C9
  5
5D6
331
5CA
  5
5D7
331
5CB
  5
5D8
331
5CC
  5
5D9
331
5CD
  5
5DA
331
5CE
  5
5DB
331
5CF
  5
5DC
331
5D0
  5
5DD
331
5D1
  5
5DE
331
5D2
  5
5DF
331
5D3
  5
5E0
331
5D4
  5
5E1
331
5D5
  5
5E2
331
5D6
  5
5E3
331
5D7
  5
5E4
331
5D8
  5
5E5
331
5D9
  5
5E6
331
5DA
  5
5E7
331
5DB
  5
5E8
331
5DC
  5
5E9
331
5DD
  5
5EA
331
5DE
  5
5EB
331
5DF
  5
5EC
331
5E0
  5
5ED
331
5E1
  5
5EE
331
5E2
  5
5EF
331
5E3
  5
5F0
331
5E4
  5
5F1
331
5E5
  5
5F2
331
5E6
  5
5F3
331
5E7
  5
5F4
331
5E8
  5
5F5
331
5E9
  5
5F6
331
5EA
  5
5F7
331
5EB
  5
5F8
331
5EC
  5
5F9
331
5ED
  5
5FA
331
5EE
  5
5FB
331
5EF
  5
5FC
331
5F0
  5
5FD
331
5F1
  5
5FE
331
5F2
  5
5FF
331
5F3
  5
600
331
5F4
  5
601
331
5F5
  5
602
331
5F6
  5
603
331
5F7
  5
604
331
5F8
  5
605
331
5F9
  5
606
331
5FA
  5
607
331
5FB
  5
608
331
5FC
  5
609
331
5FD
  5
60A
331
5FE
  5
60D
331
5FF
  5
610
331
600
  5
613
331
601
  5
616
331
602
  5
619
331
603
  5
61C
331
604
  5
61F
331
605
  5
622
331
606
  5
623
331
607
  5
624
331
608
  5
625
331
609
  5
626
331
60A
  5
627
331
60D
  5
628
331
610
  5
629
331
613
  5
62A
331
616
  5
62B
331
619
  5
62C
331
61C
  5
62D
331
61F
  5
62E
331
622
  5
62F
331
623
  5
630
331
624
  5
631
331
625
  5
632
331
626
  5
635
331
627
  5
638
331
628
  5
63B
331
629
  5
63C
331
62A
  5
63D
331
62B
  5
58F
331
62C
  5
59B
331
62D
  5
59E
331
62E
  5
592
331
62F
  5
598
331
630
  5
63E
331
631
  5
63F
331
632
  5
640
331
635
  5
641
331
638
  5
642
331
63B
  5
643
331
63C
  5
644
331
63D
  5
645
331
63E
  5
646
331
63F
  5
647
331
640
  5
648
331
641
  5
649
331
642
  5
64A
331
643
  5
64B
331
644
  5
64C
331
645
  5
64D
331
646
  5
64E
331
647
  5
64F
331
648
  5
650
331
649
  5
4B0
331
64A
  5
451
331
64B
  5
44F
331
64C
  5
651
331
64D
  5
652
331
64E
  5
653
331
64F
  5
654
331
650
  5
655
331
651
  5
656
331
652
  5
657
331
653
  5
659
331
654
  5
490
331
655
  5
658
331
656
  5
65A
331
657
  5
65B
331
658
  5
65C
331
659
  5
65D
331
65A
  5
65E
331
65B
  5
65F
331
65C
  5
660
331
65D
  5
661
331
65E
  5
41C
331
65F
  5
5CC
331
660
  5
5CB
331
661
  5
41E
  0
SORTENTSTABLE
  5
686
102
{ACAD_REACTORS
330
685
102
}
330
685
100
AcDbSortentsTable
330
684
331
689
  5
68B
331
68A
  5
68C
331
68B
  5
68D
331
68C
  5
689
331
68D
  5
68A
331
694
  5
697
331
695
  5
698
331
696
  5
699
331
697
  5
69A
331
698
  5
69B
331
699
  5
69C
331
69A
  5
69D
331
69B
  5
69E
331
69C
  5
69F
331
69D
  5
6A0
331
69E
  5
6A1
331
69F
  5
6A2
331
6A0
  5
6A3
331
6A1
  5
6A4
331
6A2
  5
6A5
331
6A3
  5
6A6
331
6A4
  5
6A7
331
6A5
  5
6A8
331
6A6
  5
6A9
331
6A7
  5
6AD
331
6A8
  5
6AE
331
6A9
  5
6AF
331
6AA
  5
6B0
331
6AB
  5
6B1
331
6AC
  5
6B2
331
6AD
  5
6B3
331
6AE
  5
6B4
331
6AF
  5
6B5
331
6B0
  5
6B6
331
6B1
  5
6B7
331
6B2
  5
6B8
331
6B3
  5
6B9
331
6B4
  5
6BA
331
6B5
  5
6BB
331
6B6
  5
6BC
331
6B7
  5
6BD
331
6B8
  5
6BE
331
6B9
  5
6BF
331
6BA
  5
6C0
331
6BB
  5
6C1
331
6BC
  5
6C2
331
6BD
  5
6C3
331
6BE
  5
6C4
331
6BF
  5
6C5
331
6C0
  5
6C6
331
6C1
  5
6C7
331
6C2
  5
6C8
331
6C3
  5
6C9
331
6C4
  5
6CA
331
6C5
  5
6CB
331
6C6
  5
6CC
331
6C7
  5
6CD
331
6C8
  5
6CE
331
6C9
  5
6CF
331
6CA
  5
6D0
331
6CB
  5
6D1
331
6CC
  5
6D2
331
6CD
  5
6D3
331
6CE
  5
6DE
331
6CF
  5
6DF
331
6D0
  5
6D4
331
6D1
  5
6D5
331
6D2
  5
6D6
331
6D3
  5
6D7
331
6D4
  5
6D8
331
6D5
  5
6D9
331
6D6
  5
6DA
331
6D7
  5
6DB
331
6D8
  5
6DC
331
6D9
  5
6DD
331
6DA
  5
6E0
331
6DB
  5
6E1
331
6DC
  5
6E2
331
6DD
  5
6E3
331
6DE
  5
6AA
331
6DF
  5
6AB
331
6E0
  5
6AC
331
6E1
  5
694
331
6E2
  5
695
331
6E3
  5
696
  0
SORTENTSTABLE
  5
6F5
102
{ACAD_REACTORS
330
6F4
102
}
330
6F4
100
AcDbSortentsTable
330
6F3
331
6F8
  5
6F9
331
6F9
  5
6FD
331
6FA
  5
6FE
331
6FB
  5
6FF
331
6FC
  5
700
331
6FD
  5
701
331
6FE
  5
702
331
6FF
  5
703
331
700
  5
704
331
701
  5
705
331
702
  5
706
331
703
  5
707
331
704
  5
708
331
705
  5
709
331
706
  5
70A
331
707
  5
70B
331
708
  5
70C
331
709
  5
70D
331
70A
  5
70E
331
70B
  5
70F
331
70C
  5
710
331
70D
  5
711
331
70E
  5
6F8
331
70F
  5
712
331
710
  5
6FB
331
711
  5
714
331
712
  5
6FA
331
713
  5
6FC
331
714
  5
713
  0
SORTENTSTABLE
  5
8DA
102
{ACAD_REACTORS
330
8D9
102
}
330
8D9
100
AcDbSortentsTable
330
8D8
331
8DC
  5
8DD
331
8DD
  5
8DC
  0
DIMASSOC
  5
354
102
{ACAD_REACTORS
330
353
102
}
330
353
100
AcDbDimAssoc
330
352
 90
        2
 70
     0
 71
     0
  1
AcDbOsnapPointRef
 72
     8
331
309
 73
     2
 91
        0
 40
0.9613036743117413
 10
0.0
 20
0.0
 30
0.0
 75
     1
  1
AcDbOsnapPointRef
 72
     0
 40
0.0
 10
127706.6020053357
 20
-49289.53607549805
 30
0.0
 75
     0
  0
DIMASSOC
  5
357
102
{ACAD_REACTORS
330
356
102
}
330
356
100
AcDbDimAssoc
330
355
 90
        1
 70
     0
 71
     0
  1
AcDbOsnapPointRef
 72
     8
331
309
 73
     2
 91
        0
 40
0.9613036743117413
 10
0.0
 20
0.0
 30
0.0
 75
     1
  1
AcDbOsnapPointRef
 72
     0
 40
0.0
 10
133126.8788779229
 20
-60033.0658807978
 30
0.0
 75
     0
  0
DICTIONARY
  5
4EB
102
{ACAD_REACTORS
330
4EA
102
}
330
4EA
100
AcDbDictionary
280
     1
281
     1
  3
AcDbRepData
360
4EC
  3
AppDataCache
360
4ED
  0
DICTIONARY
  5
510
102
{ACAD_REACTORS
330
50F
102
}
330
50F
100
AcDbDictionary
280
     1
281
     1
  3
AcDbRepData
360
511
  3
AppDataCache
360
512
  0
DIMASSOC
  5
591
102
{ACAD_REACTORS
330
590
102
}
330
590
100
AcDbDimAssoc
330
58F
 90
        3
 70
     0
 71
     0
  1
AcDbOsnapPointRef
 72
    10
331
572
 73
     2
 91
        2
 40
0.3475272206367399
 10
0.0
 20
0.0
 30
0.0
 75
     0
  1
AcDbOsnapPointRef
 72
     8
331
57C
 73
     2
 91
        2
 40
0.3226444311221513
 10
0.0
 20
0.0
 30
0.0
 75
     1
  1
AcDbOsnapPointRef
 72
    10
331
572
 73
     2
 91
        2
 40
0.3475272206367399
 10
0.0
 20
0.0
 30
0.0
 75
     0
  0
DIMASSOC
  5
594
102
{ACAD_REACTORS
330
593
102
}
330
593
100
AcDbDimAssoc
330
592
 90
        3
 70
     0
 71
     0
  1
AcDbOsnapPointRef
 72
    10
331
572
 73
     2
 91
        1
 40
0.2574901931059395
 10
0.0
 20
0.0
 30
0.0
 75
     0
  1
AcDbOsnapPointRef
 72
     8
331
57C
 73
     2
 91
        1
 40
0.265211889540061
 10
0.0
 20
0.0
 30
0.0
 75
     1
  1
AcDbOsnapPointRef
 72
    10
331
572
 73
     2
 91
        1
 40
0.2574901931059395
 10
0.0
 20
0.0
 30
0.0
 75
     0
  0
DIMASSOC
  5
597
102
{ACAD_REACTORS
330
596
102
}
330
596
100
AcDbDimAssoc
330
595
 90
        3
 70
     0
 71
     0
  1
AcDbOsnapPointRef
 72
    10
331
574
 73
     2
 91
        0
 40
0.5343060025365484
 10
0.0
 20
0.0
 30
0.0
 75
     0
  1
AcDbOsnapPointRef
 72
     8
331
576
 73
     2
 91
        0
 40
0.370936031259367
 10
0.0
 20
0.0
 30
0.0
 75
     1
  1
AcDbOsnapPointRef
 72
    10
331
574
 73
     2
 91
        0
 40
0.5343060025365484
 10
0.0
 20
0.0
 30
0.0
 75
     0
  0
DIMASSOC
  5
59A
102
{ACAD_REACTORS
330
599
102
}
330
599
100
AcDbDimAssoc
330
598
 90
        3
 70
     0
 71
     0
  1
AcDbOsnapPointRef
 72
    10
331
578
 73
     2
 91
        0
 40
0.4595670711130169
 10
0.0
 20
0.0
 30
0.0
 75
     0
  1
AcDbOsnapPointRef
 72
     8
331
573
 73
     2
 91
        1
 40
0.590590121016343
 10
0.0
 20
0.0
 30
0.0
 75
     1
  1
AcDbOsnapPointRef
 72
    10
331
578
 73
     2
 91
        0
 40
0.4595670711130169
 10
0.0
 20
0.0
 30
0.0
 75
     0
  0
DIMASSOC
  5
59D
102
{ACAD_REACTORS
330
59C
102
}
330
59C
100
AcDbDimAssoc
330
59B
 90
        3
 70
     0
 71
     0
  1
AcDbOsnapPointRef
 72
    10
331
573
 73
     2
 91
        2
 40
0.2703781144937306
 10
0.0
 20
0.0
 30
0.0
 75
     0
  1
AcDbOsnapPointRef
 72
     8
331
57A
 73
     2
 91
        0
 40
0.4361275097819986
 10
0.0
 20
0.0
 30
0.0
 75
     1
  1
AcDbOsnapPointRef
 72
    10
331
573
 73
     2
 91
        2
 40
0.2703781144937306
 10
0.0
 20
0.0
 30
0.0
 75
     0
  0
DIMASSOC
  5
5A0
102
{ACAD_REACTORS
330
59F
102
}
330
59F
100
AcDbDimAssoc
330
59E
 90
        3
 70
     0
 71
     0
  1
AcDbOsnapPointRef
 72
    10
331
56C
 73
     2
 91
        4
 40
0.6262443332164348
 10
0.0
 20
0.0
 30
0.0
 75
     0
  1
AcDbOsnapPointRef
 72
     8
331
56E
 73
     2
 91
        3
 40
0.747271173474676
 10
0.0
 20
0.0
 30
0.0
 75
     1
  1
AcDbOsnapPointRef
 72
    10
331
56C
 73
     2
 91
        4
 40
0.6262443332164348
 10
0.0
 20
0.0
 30
0.0
 75
     0
  0
DIMASSOC
  5
5A3
102
{ACAD_REACTORS
330
5A2
102
}
330
5A2
100
AcDbDimAssoc
330
5A1
 90
        3
 70
     0
 71
     0
  1
AcDbOsnapPointRef
 72
     2
331
56C
 73
     2
 91
        1
 40
0.5000000000006441
 10
0.0
 20
0.0
 30
0.0
 75
     0
  1
AcDbOsnapPointRef
 72
     2
331
56E
 73
     2
 91
        2
 40
0.50000000000243
 10
0.0
 20
0.0
 30
0.0
 75
     0
  0
DIMASSOC
  5
5A6
102
{ACAD_REACTORS
330
5A5
102
}
330
5A5
100
AcDbDimAssoc
330
5A4
 90
        3
 70
     0
 71
     0
  1
AcDbOsnapPointRef
 72
     2
331
56E
 73
     2
 91
        1
 40
0.4999999999998
 10
0.0
 20
0.0
 30
0.0
 75
     0
  1
AcDbOsnapPointRef
 72
     8
331
56C
 73
     2
 91
        2
 40
0.2606379527583826
 10
0.0
 20
0.0
 30
0.0
 75
     1
  1
AcDbOsnapPointRef
 72
     2
331
56E
 73
     2
 91
        1
 40
0.4999999999998
 10
0.0
 20
0.0
 30
0.0
 75
     0
  0
DIMASSOC
  5
5A9
102
{ACAD_REACTORS
330
5A8
102
}
330
5A8
100
AcDbDimAssoc
330
5A7
 90
        3
 70
     0
 71
     0
  1
AcDbOsnapPointRef
 72
     2
331
56F
 73
     2
 91
        4
 40
0.4999999999990342
 10
0.0
 20
0.0
 30
0.0
 75
     0
  1
AcDbOsnapPointRef
 72
     8
331
56E
 73
     2
 91
        4
 40
0.5000000000019318
 10
0.0
 20
0.0
 30
0.0
 75
     1
  1
AcDbOsnapPointRef
 72
     2
331
56F
 73
     2
 91
        4
 40
0.4999999999990342
 10
0.0
 20
0.0
 30
0.0
 75
     0
  0
DIMASSOC
  5
5AC
102
{ACAD_REACTORS
330
5AB
102
}
330
5AB
100
AcDbDimAssoc
330
5AA
 90
        3
 70
     0
 71
     0
  1
AcDbOsnapPointRef
 72
    10
331
56D
 73
     2
 91
        4
 40
0.389908653642629
 10
0.0
 20
0.0
 30
0.0
 75
     0
  1
AcDbOsnapPointRef
 72
     8
331
56F
 73
     2
 91
        2
 40
0.3899086536422035
 10
0.0
 20
0.0
 30
0.0
 75
     1
  1
AcDbOsnapPointRef
 72
    10
331
56D
 73
     2
 91
        4
 40
0.389908653642629
 10
0.0
 20
0.0
 30
0.0
 75
     0
  0
DIMASSOC
  5
5AF
102
{ACAD_REACTORS
330
5AE
102
}
330
5AE
100
AcDbDimAssoc
330
5AD
 90
        3
 70
     0
 71
     0
  1
AcDbOsnapPointRef
 72
     2
331
56C
 73
     2
 91
        3
 40
0.4999999999983799
 10
0.0
 20
0.0
 30
0.0
 75
     0
  1
AcDbOsnapPointRef
 72
     2
331
56D
 73
     2
 91
        2
 40
0.5
 10
0.0
 20
0.0
 30
0.0
 75
     0
  0
DIMASSOC
  5
60C
102
{ACAD_REACTORS
330
60B
102
}
330
60B
100
AcDbDimAssoc
330
60A
 90
        3
 70
     0
 71
     0
  1
AcDbOsnapPointRef
 72
    10
331
583
 73
     2
 91
        1
 40
0.4497732768799894
 10
0.0
 20
0.0
 30
0.0
 75
     0
  1
AcDbOsnapPointRef
 72
     8
331
582
 73
     2
 91
        2
 40
0.4497732774933998
 10
0.0
 20
0.0
 30
0.0
 75
     1
  1
AcDbOsnapPointRef
 72
    10
331
583
 73
     2
 91
        1
 40
0.4497732768799894
 10
0.0
 20
0.0
 30
0.0
 75
     0
  0
DIMASSOC
  5
60F
102
{ACAD_REACTORS
330
60E
102
}
330
60E
100
AcDbDimAssoc
330
60D
 90
        3
 70
     0
 71
     0
  1
AcDbOsnapPointRef
 72
     2
331
580
 73
     2
 91
        1
 40
0.499999999998045
 10
0.0
 20
0.0
 30
0.0
 75
     0
  1
AcDbOsnapPointRef
 72
     2
331
581
 73
     2
 91
        4
 40
0.500000000001955
 10
0.0
 20
0.0
 30
0.0
 75
     0
  0
DIMASSOC
  5
612
102
{ACAD_REACTORS
330
611
102
}
330
611
100
AcDbDimAssoc
330
610
 90
        3
 70
     0
 71
     0
  1
AcDbOsnapPointRef
 72
     8
331
57E
 73
     2
 91
        1
 40
0.4625711162676979
 10
0.0
 20
0.0
 30
0.0
 75
     1
  1
AcDbOsnapPointRef
 72
     0
 40
0.0
 10
25091333.18436917
 20
12289433.35170256
 30
0.0000000013216095
 75
     0
  1
AcDbOsnapPointRef
 72
     8
331
581
 73
     2
 91
        2
 40
0.5561433280134849
 10
0.0
 20
0.0
 30
0.0
 75
     1
  1
AcDbOsnapPointRef
 72
     8
331
57E
 73
     2
 91
        1
 40
0.4625711162676979
 10
0.0
 20
0.0
 30
0.0
 75
     1
  1
AcDbOsnapPointRef
 72
     0
 40
0.0
 10
25091333.18436917
 20
12289433.35170256
 30
0.0000000013216095
 75
     0
  0
DIMASSOC
  5
615
102
{ACAD_REACTORS
330
614
102
}
330
614
100
AcDbDimAssoc
330
613
 90
        3
 70
     0
 71
     0
  1
AcDbOsnapPointRef
 72
    10
331
581
 73
     2
 91
        3
 40
0.557004451460998
 10
0.0
 20
0.0
 30
0.0
 75
     0
  1
AcDbOsnapPointRef
 72
     8
331
57E
 73
     2
 91
        4
 40
0.7132821201500987
 10
0.0
 20
0.0
 30
0.0
 75
     1
  1
AcDbOsnapPointRef
 72
    10
331
581
 73
     2
 91
        3
 40
0.557004451460998
 10
0.0
 20
0.0
 30
0.0
 75
     0
  0
DIMASSOC
  5
618
102
{ACAD_REACTORS
330
617
102
}
330
617
100
AcDbDimAssoc
330
616
 90
        3
 70
     0
 71
     0
  1
AcDbOsnapPointRef
 72
     8
331
491
 73
     2
 91
        0
 40
0.3858139059885965
 10
0.0
 20
0.0
 30
0.0
 75
     1
  1
AcDbOsnapPointRef
 72
     0
 40
0.0
 10
25091315.64499614
 20
12288362.75398271
 30
0.0
 75
     0
  1
AcDbOsnapPointRef
 72
     8
331
581
 73
     2
 91
        1
 40
0.4308863266054459
 10
0.0
 20
0.0
 30
0.0
 75
     1
  1
AcDbOsnapPointRef
 72
     8
331
491
 73
     2
 91
        0
 40
0.3858139059885965
 10
0.0
 20
0.0
 30
0.0
 75
     1
  1
AcDbOsnapPointRef
 72
     0
 40
0.0
 10
25091315.64499614
 20
12288362.75398271
 30
0.0
 75
     0
  0
DIMASSOC
  5
61B
102
{ACAD_REACTORS
330
61A
102
}
330
61A
100
AcDbDimAssoc
330
619
 90
        3
 70
     0
 71
     0
  1
AcDbOsnapPointRef
 72
    10
331
57E
 73
     2
 91
        2
 40
0.6147025888583961
 10
0.0
 20
0.0
 30
0.0
 75
     0
  1
AcDbOsnapPointRef
 72
     8
331
582
 73
     2
 91
        3
 40
0.5496335158819555
 10
0.0
 20
0.0
 30
0.0
 75
     1
  1
AcDbOsnapPointRef
 72
    10
331
57E
 73
     2
 91
        2
 40
0.6147025888583961
 10
0.0
 20
0.0
 30
0.0
 75
     0
  0
DIMASSOC
  5
61E
102
{ACAD_REACTORS
330
61D
102
}
330
61D
100
AcDbDimAssoc
330
61C
 90
        3
 70
     0
 71
     0
  1
AcDbOsnapPointRef
 72
    10
331
57E
 73
     2
 91
        4
 40
0.1697257084741893
 10
0.0
 20
0.0
 30
0.0
 75
     0
  1
AcDbOsnapPointRef
 72
     8
331
57F
 73
     2
 91
        3
 40
0.6643295988539002
 10
0.0
 20
0.0
 30
0.0
 75
     1
  1
AcDbOsnapPointRef
 72
    10
331
57E
 73
     2
 91
        4
 40
0.1697257084741893
 10
0.0
 20
0.0
 30
0.0
 75
     0
  0
DIMASSOC
  5
621
102
{ACAD_REACTORS
330
620
102
}
330
620
100
AcDbDimAssoc
330
61F
 90
        3
 70
     0
 71
     0
  1
AcDbOsnapPointRef
 72
    10
331
57E
 73
     2
 91
        3
 40
0.5474700852994206
 10
0.0
 20
0.0
 30
0.0
 75
     0
  1
AcDbOsnapPointRef
 72
     8
331
57F
 73
     2
 91
        2
 40
0.5712051279547624
 10
0.0
 20
0.0
 30
0.0
 75
     1
  1
AcDbOsnapPointRef
 72
    10
331
57E
 73
     2
 91
        3
 40
0.5474700852994206
 10
0.0
 20
0.0
 30
0.0
 75
     0
  0
DIMASSOC
  5
634
102
{ACAD_REACTORS
330
633
102
}
330
633
100
AcDbDimAssoc
330
632
 90
        3
 70
     0
 71
     0
  1
AcDbOsnapPointRef
 72
     2
331
562
 73
     2
 91
        2
 40
0.4999999999996957
 10
0.0
 20
0.0
 30
0.0
 75
     0
  1
AcDbOsnapPointRef
 72
     8
331
561
 73
     2
 91
        2
 40
0.5000000000876107
 10
0.0
 20
0.0
 30
0.0
 75
     1
  1
AcDbOsnapPointRef
 72
     2
331
562
 73
     2
 91
        2
 40
0.4999999999996957
 10
0.0
 20
0.0
 30
0.0
 75
     0
  0
DIMASSOC
  5
637
102
{ACAD_REACTORS
330
636
102
}
330
636
100
AcDbDimAssoc
330
635
 90
        3
 70
     0
 71
     0
  1
AcDbOsnapPointRef
 72
    10
331
562
 73
     2
 91
        1
 40
0.5683579741849712
 10
0.0
 20
0.0
 30
0.0
 75
     0
  1
AcDbOsnapPointRef
 72
     8
331
561
 73
     2
 91
        1
 40
0.551307234952616
 10
0.0
 20
0.0
 30
0.0
 75
     1
  1
AcDbOsnapPointRef
 72
    10
331
562
 73
     2
 91
        1
 40
0.5683579741849712
 10
0.0
 20
0.0
 30
0.0
 75
     0
  0
DIMASSOC
  5
63A
102
{ACAD_REACTORS
330
639
102
}
330
639
100
AcDbDimAssoc
330
638
 90
        3
 70
     0
 71
     0
  1
AcDbOsnapPointRef
 72
    10
331
562
 73
     2
 91
        3
 40
0.7009068493720281
 10
0.0
 20
0.0
 30
0.0
 75
     0
  1
AcDbOsnapPointRef
 72
     8
331
561
 73
     2
 91
        3
 40
0.7098796438331995
 10
0.0
 20
0.0
 30
0.0
 75
     1
  1
AcDbOsnapPointRef
 72
    10
331
562
 73
     2
 91
        3
 40
0.7009068493720281
 10
0.0
 20
0.0
 30
0.0
 75
     0
  0
ACDBDETAILVIEWSTYLE
  5
21C
102
{ACAD_REACTORS
330
21B
102
}
330
21B
100
AcDbModelDocViewStyle
 70
     0
  3
Metric50
290
     0
300
Metric50
 90
        0
100
AcDbDetailViewStyle
 70
     0
 71
     0
 90
        3
 71
     1
340
11
 62
   256
 40
5.0
340
0
 62
   256
 40
5.0
300

 40
0.0
280
     1
 71
     2
340
16
 90
       25
 62
   256
 71
     3
340
11
 62
   256
 40
5.0
 90
        0
 40
15.0
 90
        1
300
%<\AcVar ViewDetailId>% (%<\AcVar ViewScale \f "%sn">%)
 71
     4
340
16
 90
       25
 62
   256
340
16
 90
       25
 62
   256
280
     0
  0
LAYOUT
  5
D3
102
{ACAD_REACTORS
330
1A
102
}
330
1A
100
AcDbPlotSettings
  1

  2
C:\Documents and Settings\basas\Application Data\Autodesk\AutoCAD 2005\R16.1\enu\plotters\Default Windows System Printer.pc3
  4

  6

 40
0.0
 41
0.0
 42
0.0
 43
0.0
 44
0.0
 45
0.0
 46
0.0
 47
0.0
 48
0.0
 49
0.0
140
0.0
141
0.0
142
1.0
143
1.0
 70
   688
 72
     0
 73
     0
 74
     5
  7

 75
    16
147
1.0
 76
     0
 77
     2
 78
   300
148
0.0
149
0.0
100
AcDbLayout
  1
Layout1
 70
     1
 71
     1
 10
0.0
 20
0.0
 11
12.0
 21
9.0
 12
0.0
 22
0.0
 32
0.0
 14
0.0
 24
0.0
 34
0.0
 15
0.0
 25
0.0
 35
0.0
146
0.0
 13
0.0
 23
0.0
 33
0.0
 16
1.0
 26
0.0
 36
0.0
 17
0.0
 27
1.0
 37
0.0
 76
     0
330
D2
  0
LAYOUT
  5
D7
102
{ACAD_REACTORS
330
1A
102
}
330
1A
100
AcDbPlotSettings
  1

  2
C:\Documents and Settings\basas\Application Data\Autodesk\AutoCAD 2005\R16.1\enu\plotters\Default Windows System Printer.pc3
  4

  6

 40
0.0
 41
0.0
 42
0.0
 43
0.0
 44
0.0
 45
0.0
 46
0.0
 47
0.0
 48
0.0
 49
0.0
140
0.0
141
0.0
142
1.0
143
1.0
 70
   688
 72
     0
 73
     0
 74
     5
  7

 75
    16
147
1.0
 76
     0
 77
     2
 78
   300
148
0.0
149
0.0
100
AcDbLayout
  1
Layout2
 70
     1
 71
     2
 10
0.0
 20
0.0
 11
12.0
 21
9.0
 12
0.0
 22
0.0
 32
0.0
 14
0.0
 24
0.0
 34
0.0
 15
0.0
 25
0.0
 35
0.0
146
0.0
 13
0.0
 23
0.0
 33
0.0
 16
1.0
 26
0.0
 36
0.0
 17
0.0
 27
1.0
 37
0.0
 76
     0
330
D6
  0
LAYOUT
  5
22
102
{ACAD_XDICTIONARY
360
205
102
}
102
{ACAD_REACTORS
330
1A
102
}
330
1A
100
AcDbPlotSettings
  1

  2
none_device
  4
ISO_A4_(210.00_x_297.00_MM)
  6

 40
7.5
 41
20.0
 42
7.5
 43
20.0
 44
210.0
 45
297.0
 46
11.54999923706054
 47
-13.65000009536743
 48
0.0
 49
0.0
140
0.0
141
0.0
142
1.0
143
8.704084754739808
 70
 11952
 72
     1
 73
     0
 74
     0
  7

 75
     0
147
0.1148885871608098
 76
     0
 77
     2
 78
   300
148
0.0
149
0.0
100
AcDbLayout
  1
Model
 70
     1
 71
     0
 10
0.0
 20
0.0
 11
12.0
 21
9.0
 12
0.0
 22
0.0
 32
0.0
 14
0.0
 24
0.0
 34
0.0
 15
0.0
 25
0.0
 35
0.0
146
0.0
 13
0.0
 23
0.0
 33
0.0
 16
1.0
 26
0.0
 36
0.0
 17
0.0
 27
1.0
 37
0.0
 76
     0
330
1F
331
EA
1001
ACAD_PSEXT
1000
None
1000
None
1000
Not applicable
1000
The layout will not be plotted unless a new plotter configuration name is selected.
1070
     0
  0
MATERIAL
  5
ED
102
{ACAD_XDICTIONARY
360
1F9
102
}
102
{ACAD_REACTORS
330
6A
102
}
330
6A
100
AcDbMaterial
  1
ByBlock
 94
       63
  0
MATERIAL
  5
EC
102
{ACAD_XDICTIONARY
360
1F7
102
}
102
{ACAD_REACTORS
330
6A
102
}
330
6A
100
AcDbMaterial
  1
ByLayer
 94
       63
  0
MATERIAL
  5
EE
102
{ACAD_XDICTIONARY
360
173
102
}
102
{ACAD_REACTORS
330
6A
102
}
330
6A
100
AcDbMaterial
  1
Global
 43
0.0007999999797903
 43
0.0
 43
0.0
 43
0.0
 43
0.0
 43
0.0007999999797903
 43
0.0
 43
0.0
 43
0.0
 43
0.0
 43
1.0
 43
0.0
 43
0.0
 43
0.0
 43
0.0
 43
1.0
 49
0.0007999999797903
 49
0.0
 49
0.0
 49
0.0
 49
0.0
 49
0.0007999999797903
 49
0.0
 49
0.0
 49
0.0
 49
0.0
 49
1.0
 49
0.0
 49
0.0
 49
0.0
 49
0.0
 49
1.0
142
0.0007999999797903
142
0.0
142
0.0
142
0.0
142
0.0
142
0.0007999999797903
142
0.0
142
0.0
142
0.0
142
0.0
142
1.0
142
0.0
142
0.0
142
0.0
142
0.0
142
1.0
144
0.0007999999797903
144
0.0
144
0.0
144
0.0
144
0.0
144
0.0007999999797903
144
0.0
144
0.0
144
0.0
144
0.0
144
1.0
144
0.0
144
0.0
144
0.0
144
0.0
144
1.0
 94
       63
1001
ACAD
1070
    -1
1070
     3
1070
     0
1000

1071
        0
1070
     0
  0
MLEADERSTYLE
  5
13B
102
{ACAD_REACTORS
330
12D
102
}
330
12D
100
AcDbMLeaderStyle
179
     2
170
     2
171
     1
172
     0
 90
        2
 40
0.0
 41
0.0
173
     1
 91
-1056964608
340
14
 92
       -2
290
     1
 42
2.0
291
     1
 43
8.0
  3
Standard
 44
4.0
300

342
11
174
     1
178
     1
175
     1
176
     0
 93
-1056964608
 45
4.0
292
     0
297
     0
 46
4.0
 94
-1056964608
 47
1.0
 49
1.0
140
1.0
293
     1
141
0.0
294
     1
177
     0
142
1.0
295
     0
296
     1
143
3.75
271
     0
272
     9
273
     9
298
     0
  0
MLEADERSTYLE
  5
12E
102
{ACAD_REACTORS
330
12D
102
}
330
12D
100
AcDbMLeaderStyle
179
     2
170
     2
171
     1
172
     0
 90
        2
 40
0.0
 41
0.0
173
     1
 91
-1056964608
340
14
 92
       -2
290
     1
 42
2.0
291
     1
 43
8.0
  3
Standard
 44
4.0
300

342
11
174
     1
178
     1
175
     1
176
     0
 93
-1056964608
 45
4.0
292
     0
297
     0
 46
4.0
 94
-1056964608
 47
1.0
 49
1.0
140
1.0
293
     1
141
0.0
294
     1
177
     0
142
1.0
295
     0
296
     0
143
3.75
271
     0
272
     9
273
     9
298
     0
  0
MLINESTYLE
  5
18
102
{ACAD_REACTORS
330
17
102
}
330
17
100
AcDbMlineStyle
  2
STANDARD
 70
     0
  3

 62
   256
 51
90.0
 52
90.0
 71
     2
 49
0.5
 62
   256
  6
BYLAYER
 49
-0.5
 62
   256
  6
BYLAYER
  0
ACDBPLACEHOLDER
  5
F
102
{ACAD_REACTORS
330
E
102
}
330
E
  0
SCALE
  5
10D
102
{ACAD_REACTORS
330
10C
102
}
330
10C
100
AcDbScale
 70
     0
300
1:1
140
1.0
141
1.0
290
     1
  0
SCALE
  5
1BE
102
{ACAD_REACTORS
330
10C
102
}
330
10C
100
AcDbScale
 70
     0
300
1:2
140
1.0
141
2.0
290
     0
  0
SCALE
  5
1BF
102
{ACAD_REACTORS
330
10C
102
}
330
10C
100
AcDbScale
 70
     0
300
1:4
140
1.0
141
4.0
290
     0
  0
SCALE
  5
1C0
102
{ACAD_REACTORS
330
10C
102
}
330
10C
100
AcDbScale
 70
     0
300
1:5
140
1.0
141
5.0
290
     0
  0
SCALE
  5
1C1
102
{ACAD_REACTORS
330
10C
102
}
330
10C
100
AcDbScale
 70
     0
300
1:8
140
1.0
141
8.0
290
     0
  0
SCALE
  5
1C2
102
{ACAD_REACTORS
330
10C
102
}
330
10C
100
AcDbScale
 70
     0
300
1:10
140
1.0
141
10.0
290
     0
  0
SCALE
  5
1C3
102
{ACAD_REACTORS
330
10C
102
}
330
10C
100
AcDbScale
 70
     0
300
1:16
140
1.0
141
16.0
290
     0
  0
SCALE
  5
1C4
102
{ACAD_REACTORS
330
10C
102
}
330
10C
100
AcDbScale
 70
     0
300
1:20
140
1.0
141
20.0
290
     0
  0
SCALE
  5
1C5
102
{ACAD_REACTORS
330
10C
102
}
330
10C
100
AcDbScale
 70
     0
300
1:30
140
1.0
141
30.0
290
     0
  0
SCALE
  5
1C6
102
{ACAD_REACTORS
330
10C
102
}
330
10C
100
AcDbScale
 70
     0
300
1:40
140
1.0
141
40.0
290
     0
  0
SCALE
  5
1C7
102
{ACAD_REACTORS
330
10C
102
}
330
10C
100
AcDbScale
 70
     0
300
1:50
140
1.0
141
50.0
290
     0
  0
SCALE
  5
1C8
102
{ACAD_REACTORS
330
10C
102
}
330
10C
100
AcDbScale
 70
     0
300
1:100
140
1.0
141
100.0
290
     0
  0
SCALE
  5
1C9
102
{ACAD_REACTORS
330
10C
102
}
330
10C
100
AcDbScale
 70
     0
300
2:1
140
2.0
141
1.0
290
     0
  0
SCALE
  5
1CA
102
{ACAD_REACTORS
330
10C
102
}
330
10C
100
AcDbScale
 70
     0
300
4:1
140
4.0
141
1.0
290
     0
  0
SCALE
  5
1CB
102
{ACAD_REACTORS
330
10C
102
}
330
10C
100
AcDbScale
 70
     0
300
8:1
140
8.0
141
1.0
290
     0
  0
SCALE
  5
1CC
102
{ACAD_REACTORS
330
10C
102
}
330
10C
100
AcDbScale
 70
     0
300
10:1
140
10.0
141
1.0
290
     0
  0
SCALE
  5
1CD
102
{ACAD_REACTORS
330
10C
102
}
330
10C
100
AcDbScale
 70
     0
300
100:1
140
100.0
141
1.0
290
     0
  0
ACDBSECTIONVIEWSTYLE
  5
21A
102
{ACAD_REACTORS
330
219
102
}
330
219
100
AcDbModelDocViewStyle
 70
     0
  3
Metric50
290
     0
300
Metric50
 90
        0
100
AcDbSectionViewStyle
 70
     0
 71
     0
 90
      102
 71
     1
340
11
 62
   256
 40
5.0
340
0
340
0
 62
   256
 40
5.0
300
I, O, Q, S, X, Z
 40
10.0
 90
        0
 40
2.5
 90
        0
 71
     2
340
16
 90
       25
 62
   256
340
16
 90
       50
 62
   256
 40
5.0
 40
2.5
 40
5.0
 71
     3
340
11
 62
   256
 40
5.0
 90
        0
 40
15.0
 90
        1
300
%<\AcVar ViewSectionStartId>%-%<\AcVar ViewSectionEndId>% (%<\AcVar ViewScale \f "%sn">%)
 71
     4
 62
   256
 62
   257
300
ANSI31
 40
1.0
 90
        0
290
     0
290
     0
 90
        6
 40
0.0
 40
1.570796326794896
 40
0.2617993877991494
 40
1.308996938995747
 40
-0.2617993877991494
 40
1.832595714594046
  0
TABLESTYLE
  5
7F
102
{ACAD_XDICTIONARY
360
162
102
}
102
{ACAD_REACTORS
330
7E
102
}
330
7E
100
AcDbTableStyle
280
     0
  3
Standard
 70
     0
 71
     0
 40
1.5
 41
1.5
280
     0
281
     0
  7
Standard
140
4.5
170
     2
 62
     0
 63
     7
283
     0
 90
      512
 91
        0
  1

274
    -2
284
     1
 64
     0
275
    -2
285
     1
 65
     0
276
    -2
286
     1
 66
     0
277
    -2
287
     1
 67
     0
278
    -2
288
     1
 68
     0
279
    -2
289
     1
 69
     0
  7
Standard
140
6.0
170
     5
 62
     0
 63
     7
283
     0
 90
      512
 91
        0
  1

274
    -2
284
     1
 64
     0
275
    -2
285
     1
 65
     0
276
    -2
286
     1
 66
     0
277
    -2
287
     1
 67
     0
278
    -2
288
     1
 68
     0
279
    -2
289
     1
 69
     0
  7
Standard
140
4.5
170
     5
 62
     0
 63
     7
283
     0
 90
      512
 91
        0
  1

274
    -2
284
     1
 64
     0
275
    -2
285
     1
 65
     0
276
    -2
286
     1
 66
     0
277
    -2
287
     1
 67
     0
278
    -2
288
     1
 68
     0
279
    -2
289
     1
 69
     0
  0
VISUALSTYLE
  5
F5
102
{ACAD_REACTORS
330
EF
102
}
330
EF
100
AcDbVisualStyle
  2
2dWireframe
 70
     4
177
     3
291
     0
 70
    58
 90
        0
176
     1
 90
        2
176
     1
 90
        1
176
     1
 90
        0
176
     1
 40
0.6
176
     1
 40
30.0
176
     1
 62
     7
420
 16777215
176
     1
 90
        1
176
     1
 90
        4
176
     1
 62
     7
176
     1
 62
   257
176
     1
 90
        1
176
     1
 90
        1
176
     1
 40
1.0
176
     1
 90
        0
176
     1
 62
   257
176
     1
 40
1.0
176
     1
 90
        1
176
     1
 90
        6
176
     1
 90
        2
176
     1
 62
     7
176
     1
 90
        5
176
     1
 90
        0
176
     1
 90
        0
176
     1
290
     0
176
     1
 90
        1
176
     1
 40
0.0
176
     1
 90
        0
176
     1
290
     1
176
     1
290
     1
176
     1
290
     0
176
     1
290
     0
176
     1
290
     0
176
     1
290
     0
176
     1
290
     0
176
     1
290
     0
176
     1
290
     0
176
     1
 90
       50
176
     1
 40
0.0
176
     1
 40
1.0
176
     1
 90
        0
176
     1
 62
    18
420
        0
176
     1
 90
       50
176
     1
 90
        3
176
     1
 62
     5
420
      255
176
     1
290
     0
176
     1
 90
       50
176
     1
 90
       50
176
     1
 90
       50
176
     1
290
     0
176
     1
 90
       50
176
     1
 62
   256
176
     0
 40
1.0
176
     0
 90
        2
176
     1
  1
strokes_ogs.tif
176
     1
290
     0
176
     1
 40
1.0
176
     1
 40
1.0
176
     1
  0
VISUALSTYLE
  5
F4
102
{ACAD_REACTORS
330
EF
102
}
330
EF
100
AcDbVisualStyle
  2
Basic
 70
     7
177
     3
291
     1
 70
    58
 90
        1
176
     1
 90
        0
176
     1
 90
        1
176
     1
 90
        0
176
     1
 40
0.6
176
     1
 40
30.0
176
     1
 62
     7
420
 16777215
176
     1
 90
        0
176
     1
 90
        4
176
     1
 62
     7
176
     1
 62
   257
176
     1
 90
        1
176
     1
 90
        1
176
     1
 40
1.0
176
     1
 90
        8
176
     1
 62
     7
176
     1
 40
1.0
176
     1
 90
        1
176
     1
 90
        6
176
     1
 90
        2
176
     1
 62
     7
176
     1
 90
        5
176
     1
 90
        0
176
     1
 90
        0
176
     1
290
     0
176
     1
 90
        1
176
     1
 40
0.0
176
     1
 90
        0
176
     1
290
     0
176
     1
290
     1
176
     1
290
     1
176
     1
290
     0
176
     1
290
     0
176
     1
290
     0
176
     1
290
     0
176
     1
290
     0
176
     1
290
     0
176
     1
 90
       50
176
     1
 40
0.0
176
     1
 40
1.0
176
     1
 90
        0
176
     1
 62
    18
420
        0
176
     1
 90
       50
176
     1
 90
        3
176
     1
 62
     5
420
      255
176
     1
290
     0
176
     1
 90
       50
176
     1
 90
       50
176
     1
 90
       50
176
     1
290
     0
176
     1
 90
       50
176
     1
 62
   256
176
     0
 40
1.0
176
     0
 90
        2
176
     1
  1
strokes_ogs.tif
176
     1
290
     0
176
     1
 40
1.0
176
     1
 40
1.0
176
     1
  0
VISUALSTYLE
  5
FB
102
{ACAD_REACTORS
330
EF
102
}
330
EF
100
AcDbVisualStyle
  2
Brighten
 70
    12
177
     3
291
     1
 70
    58
 90
        2
176
     1
 90
        2
176
     1
 90
        1
176
     1
 90
        0
176
     1
 40
0.6
176
     1
 40
30.0
176
     1
 62
     7
420
 16777215
176
     1
 90
        1
176
     1
 90
        4
176
     1
 62
     7
176
     1
 62
   257
176
     1
 90
        1
176
     1
 90
        1
176
     1
 40
1.0
176
     1
 90
        8
176
     1
 62
     7
176
     1
 40
1.0
176
     1
 90
        1
176
     1
 90
        6
176
     1
 90
        2
176
     1
 62
     7
176
     1
 90
        5
176
     1
 90
        0
176
     1
 90
        0
176
     1
290
     0
176
     1
 90
        1
176
     1
 40
50.0
176
     1
 90
        0
176
     1
290
     0
176
     1
290
     1
176
     1
290
     1
176
     1
290
     0
176
     1
290
     0
176
     1
290
     0
176
     1
290
     0
176
     1
290
     0
176
     1
290
     0
176
     1
 90
       50
176
     1
 40
0.0
176
     1
 40
1.0
176
     1
 90
        0
176
     1
 62
    18
420
        0
176
     1
 90
       50
176
     1
 90
        3
176
     1
 62
     5
420
      255
176
     1
290
     0
176
     1
 90
       50
176
     1
 90
       50
176
     1
 90
       50
176
     1
290
     0
176
     1
 90
       50
176
     1
 62
   256
176
     0
 40
1.0
176
     0
 90
        2
176
     1
  1
strokes_ogs.tif
176
     1
290
     0
176
     1
 40
1.0
176
     1
 40
1.0
176
     1
  0
VISUALSTYLE
  5
FF
102
{ACAD_REACTORS
330
EF
102
}
330
EF
100
AcDbVisualStyle
  2
ColorChange
 70
    16
177
     3
291
     1
 70
    58
 90
        2
176
     1
 90
        2
176
     1
 90
        3
176
     1
 90
        0
176
     1
 40
0.6
176
     1
 40
30.0
176
     1
 62
     8
420
  8421504
176
     1
 90
        1
176
     1
 90
        4
176
     1
 62
     7
176
     1
 62
   257
176
     1
 90
        1
176
     1
 90
        1
176
     1
 40
1.0
176
     1
 90
        8
176
     1
 62
     8
420
  8421504
176
     1
 40
1.0
176
     1
 90
        1
176
     1
 90
        6
176
     1
 90
        2
176
     1
 62
     7
176
     1
 90
        5
176
     1
 90
        0
176
     1
 90
        0
176
     1
290
     0
176
     1
 90
        1
176
     1
 40
0.0
176
     1
 90
        0
176
     1
290
     0
176
     1
290
     1
176
     1
290
     1
176
     1
290
     0
176
     1
290
     0
176
     1
290
     0
176
     1
290
     0
176
     1
290
     0
176
     1
290
     0
176
     1
 90
       50
176
     1
 40
0.0
176
     1
 40
1.0
176
     1
 90
        0
176
     1
 62
    18
420
        0
176
     1
 90
       50
176
     1
 90
        3
176
     1
 62
     5
420
      255
176
     1
290
     0
176
     1
 90
       50
176
     1
 90
       50
176
     1
 90
       50
176
     1
290
     0
176
     1
 90
       50
176
     1
 62
   256
176
     0
 40
1.0
176
     0
 90
        2
176
     1
  1
strokes_ogs.tif
176
     1
290
     0
176
     1
 40
1.0
176
     1
 40
1.0
176
     1
  0
VISUALSTYLE
  5
F8
102
{ACAD_REACTORS
330
EF
102
}
330
EF
100
AcDbVisualStyle
  2
Conceptual
 70
     9
177
     3
291
     0
 70
    58
 90
        3
176
     1
 90
        2
176
     1
 90
        1
176
     1
 90
        0
176
     1
 40
0.6
176
     1
 40
30.0
176
     1
 62
     7
420
 16777215
176
     1
 90
        2
176
     1
 90
        2
176
     1
 62
     7
176
     1
 62
   257
176
     1
 90
        1
176
     1
 90
        1
176
     1
 40
40.0
176
     1
 90
        8
176
     1
 62
     7
176
     1
 40
1.0
176
     1
 90
        1
176
     1
 90
        6
176
     1
 90
        2
176
     1
 62
     7
176
     1
 90
        3
176
     1
 90
        0
176
     1
 90
        0
176
     1
290
     0
176
     1
 90
        1
176
     1
 40
0.0
176
     1
 90
        0
176
     1
290
     0
176
     1
290
     1
176
     1
290
     1
176
     1
290
     0
176
     1
290
     0
176
     1
290
     0
176
     1
290
     0
176
     1
290
     0
176
     1
290
     0
176
     1
 90
       50
176
     1
 40
0.0
176
     1
 40
1.0
176
     1
 90
        0
176
     1
 62
    18
420
        0
176
     1
 90
       50
176
     1
 90
        3
176
     1
 62
     5
420
      255
176
     1
290
     0
176
     1
 90
       50
176
     1
 90
       50
176
     1
 90
       50
176
     1
290
     0
176
     1
 90
       50
176
     1
 62
   256
176
     0
 40
1.0
176
     0
 90
        2
176
     1
  1
strokes_ogs.tif
176
     1
290
     0
176
     1
 40
1.0
176
     1
 40
1.0
176
     1
  0
VISUALSTYLE
  5
FA
102
{ACAD_REACTORS
330
EF
102
}
330
EF
100
AcDbVisualStyle
  2
Dim
 70
    11
177
     3
291
     1
 70
    58
 90
        2
176
     1
 90
        2
176
     1
 90
        1
176
     1
 90
        0
176
     1
 40
0.6
176
     1
 40
30.0
176
     1
 62
     7
420
 16777215
176
     1
 90
        1
176
     1
 90
        4
176
     1
 62
     7
176
     1
 62
   257
176
     1
 90
        1
176
     1
 90
        1
176
     1
 40
1.0
176
     1
 90
        8
176
     1
 62
     7
176
     1
 40
1.0
176
     1
 90
        1
176
     1
 90
        6
176
     1
 90
        2
176
     1
 62
     7
176
     1
 90
        5
176
     1
 90
        0
176
     1
 90
        0
176
     1
290
     0
176
     1
 90
        1
176
     1
 40
-50.0
176
     1
 90
        0
176
     1
290
     0
176
     1
290
     1
176
     1
290
     1
176
     1
290
     0
176
     1
290
     0
176
     1
290
     0
176
     1
290
     0
176
     1
290
     0
176
     1
290
     0
176
     1
 90
       50
176
     1
 40
0.0
176
     1
 40
1.0
176
     1
 90
        0
176
     1
 62
    18
420
        0
176
     1
 90
       50
176
     1
 90
        3
176
     1
 62
     5
420
      255
176
     1
290
     0
176
     1
 90
       50
176
     1
 90
       50
176
     1
 90
       50
176
     1
290
     0
176
     1
 90
       50
176
     1
 62
   256
176
     0
 40
1.0
176
     0
 90
        2
176
     1
  1
strokes_ogs.tif
176
     1
290
     0
176
     1
 40
1.0
176
     1
 40
1.0
176
     1
  0
VISUALSTYLE
  5
1E6
102
{ACAD_REACTORS
330
EF
102
}
330
EF
100
AcDbVisualStyle
  2
EdgeColorOff
 70
    22
177
     3
291
     1
 70
    58
 90
        2
176
     0
 90
        2
176
     0
 90
        0
176
     0
 90
        0
176
     0
 40
0.6
176
     0
 40
30.0
176
     0
 62
     7
420
 16777215
176
     0
 90
        1
176
     0
 90
        4
176
     0
 62
     7
176
     0
 62
   257
176
     0
 90
        1
176
     0
 90
        1
176
     0
 40
1.0
176
     0
 90
        8
176
     2
 62
     7
176
     0
 40
1.0
176
     0
 90
        1
176
     0
 90
        6
176
     0
 90
        2
176
     0
 62
     7
176
     0
 90
        5
176
     0
 90
        0
176
     0
 90
        0
176
     0
290
     0
176
     0
 90
        1
176
     0
 40
0.0
176
     0
 90
        0
176
     0
290
     0
176
     1
290
     1
176
     1
290
     1
176
     1
290
     0
176
     1
290
     0
176
     1
290
     0
176
     1
290
     0
176
     1
290
     0
176
     1
290
     0
176
     1
 90
       50
176
     1
 40
0.0
176
     1
 40
1.0
176
     1
 90
        0
176
     1
 62
    18
420
        0
176
     1
 90
       50
176
     1
 90
        3
176
     1
 62
     5
420
      255
176
     1
290
     0
176
     1
 90
       50
176
     1
 90
       50
176
     1
 90
       50
176
     1
290
     0
176
     1
 90
       50
176
     1
 62
   256
176
     0
 40
1.0
176
     0
 90
        2
176
     1
  1
strokes_ogs.tif
176
     1
290
     0
176
     1
 40
1.0
176
     1
 40
1.0
176
     1
  0
VISUALSTYLE
  5
FE
102
{ACAD_REACTORS
330
EF
102
}
330
EF
100
AcDbVisualStyle
  2
Facepattern
 70
    15
177
     3
291
     1
 70
    58
 90
        2
176
     1
 90
        2
176
     1
 90
        1
176
     1
 90
        0
176
     1
 40
0.6
176
     1
 40
30.0
176
     1
 62
     7
420
 16777215
176
     1
 90
        1
176
     1
 90
        4
176
     1
 62
     7
176
     1
 62
   257
176
     1
 90
        1
176
     1
 90
        1
176
     1
 40
1.0
176
     1
 90
        8
176
     1
 62
     7
176
     1
 40
1.0
176
     1
 90
        1
176
     1
 90
        6
176
     1
 90
        2
176
     1
 62
     7
176
     1
 90
        5
176
     1
 90
        0
176
     1
 90
        0
176
     1
290
     0
176
     1
 90
        1
176
     1
 40
0.0
176
     1
 90
        0
176
     1
290
     0
176
     1
290
     1
176
     1
290
     1
176
     1
290
     0
176
     1
290
     0
176
     1
290
     0
176
     1
290
     0
176
     1
290
     0
176
     1
290
     0
176
     1
 90
       50
176
     1
 40
0.0
176
     1
 40
1.0
176
     1
 90
        0
176
     1
 62
    18
420
        0
176
     1
 90
       50
176
     1
 90
        3
176
     1
 62
     5
420
      255
176
     1
290
     0
176
     1
 90
       50
176
     1
 90
       50
176
     1
 90
       50
176
     1
290
     0
176
     1
 90
       50
176
     1
 62
   256
176
     0
 40
1.0
176
     0
 90
        2
176
     1
  1
strokes_ogs.tif
176
     1
290
     0
176
     1
 40
1.0
176
     1
 40
1.0
176
     1
  0
VISUALSTYLE
  5
F0
102
{ACAD_REACTORS
330
EF
102
}
330
EF
100
AcDbVisualStyle
  2
Flat
 70
     0
177
     3
291
     1
 70
    58
 90
        2
176
     1
 90
        1
176
     1
 90
        1
176
     1
 90
        2
176
     1
 40
0.6
176
     1
 40
30.0
176
     1
 62
     7
420
 16777215
176
     1
 90
        0
176
     1
 90
        0
176
     1
 62
     7
176
     1
 62
   257
176
     1
 90
        1
176
     1
 90
        1
176
     1
 40
1.0
176
     1
 90
        8
176
     1
 62
     7
176
     1
 40
1.0
176
     1
 90
        1
176
     1
 90
        6
176
     1
 90
        2
176
     1
 62
     7
176
     1
 90
        5
176
     1
 90
        0
176
     1
 90
        0
176
     1
290
     0
176
     1
 90
       13
176
     1
 40
0.0
176
     1
 90
        0
176
     1
290
     0
176
     1
290
     1
176
     1
290
     1
176
     1
290
     0
176
     1
290
     0
176
     1
290
     0
176
     1
290
     0
176
     1
290
     0
176
     1
290
     0
176
     1
 90
       50
176
     1
 40
0.0
176
     1
 40
1.0
176
     1
 90
        0
176
     1
 62
    18
420
        0
176
     1
 90
       50
176
     1
 90
        3
176
     1
 62
     5
420
      255
176
     1
290
     0
176
     1
 90
       50
176
     1
 90
       50
176
     1
 90
       50
176
     1
290
     0
176
     1
 90
       50
176
     1
 62
   256
176
     0
 40
1.0
176
     0
 90
        2
176
     1
  1
strokes_ogs.tif
176
     1
290
     0
176
     1
 40
1.0
176
     1
 40
1.0
176
     1
  0
VISUALSTYLE
  5
F1
102
{ACAD_REACTORS
330
EF
102
}
330
EF
100
AcDbVisualStyle
  2
FlatWithEdges
 70
     1
177
     3
291
     1
 70
    58
 90
        2
176
     1
 90
        1
176
     1
 90
        1
176
     1
 90
        2
176
     1
 40
0.6
176
     1
 40
30.0
176
     1
 62
     7
420
 16777215
176
     1
 90
        1
176
     1
 90
        0
176
     1
 62
     7
176
     1
 62
   257
176
     1
 90
        1
176
     1
 90
        1
176
     1
 40
1.0
176
     1
 90
        0
176
     1
 62
   257
176
     1
 40
1.0
176
     1
 90
        1
176
     1
 90
        6
176
     1
 90
        2
176
     1
 62
     7
176
     1
 90
        5
176
     1
 90
        0
176
     1
 90
        0
176
     1
290
     0
176
     1
 90
       13
176
     1
 40
0.0
176
     1
 90
        0
176
     1
290
     0
176
     1
290
     1
176
     1
290
     1
176
     1
290
     0
176
     1
290
     0
176
     1
290
     0
176
     1
290
     0
176
     1
290
     0
176
     1
290
     0
176
     1
 90
       50
176
     1
 40
0.0
176
     1
 40
1.0
176
     1
 90
        0
176
     1
 62
    18
420
        0
176
     1
 90
       50
176
     1
 90
        3
176
     1
 62
     5
420
      255
176
     1
290
     0
176
     1
 90
       50
176
     1
 90
       50
176
     1
 90
       50
176
     1
290
     0
176
     1
 90
       50
176
     1
 62
   256
176
     0
 40
1.0
176
     0
 90
        2
176
     1
  1
strokes_ogs.tif
176
     1
290
     0
176
     1
 40
1.0
176
     1
 40
1.0
176
     1
  0
VISUALSTYLE
  5
F2
102
{ACAD_REACTORS
330
EF
102
}
330
EF
100
AcDbVisualStyle
  2
Gouraud
 70
     2
177
     3
291
     1
 70
    58
 90
        2
176
     1
 90
        2
176
     1
 90
        1
176
     1
 90
        2
176
     1
 40
0.6
176
     1
 40
30.0
176
     1
 62
     7
420
 16777215
176
     1
 90
        0
176
     1
 90
        0
176
     1
 62
     7
176
     1
 62
   257
176
     1
 90
        1
176
     1
 90
        1
176
     1
 40
1.0
176
     1
 90
        0
176
     1
 62
     7
176
     1
 40
1.0
176
     1
 90
        1
176
     1
 90
        6
176
     1
 90
        2
176
     1
 62
     7
176
     1
 90
        5
176
     1
 90
        0
176
     1
 90
        0
176
     1
290
     0
176
     1
 90
       13
176
     1
 40
0.0
176
     1
 90
        0
176
     1
290
     0
176
     1
290
     1
176
     1
290
     1
176
     1
290
     0
176
     1
290
     0
176
     1
290
     0
176
     1
290
     0
176
     1
290
     0
176
     1
290
     0
176
     1
 90
       50
176
     1
 40
0.0
176
     1
 40
1.0
176
     1
 90
        0
176
     1
 62
    18
420
        0
176
     1
 90
       50
176
     1
 90
        3
176
     1
 62
     5
420
      255
176
     1
290
     0
176
     1
 90
       50
176
     1
 90
       50
176
     1
 90
       50
176
     1
290
     0
176
     1
 90
       50
176
     1
 62
   256
176
     0
 40
1.0
176
     0
 90
        2
176
     1
  1
strokes_ogs.tif
176
     1
290
     0
176
     1
 40
1.0
176
     1
 40
1.0
176
     1
  0
VISUALSTYLE
  5
F3
102
{ACAD_REACTORS
330
EF
102
}
330
EF
100
AcDbVisualStyle
  2
GouraudWithEdges
 70
     3
177
     3
291
     1
 70
    58
 90
        2
176
     1
 90
        2
176
     1
 90
        1
176
     1
 90
        2
176
     1
 40
0.6
176
     1
 40
30.0
176
     1
 62
     7
420
 16777215
176
     1
 90
        1
176
     1
 90
        0
176
     1
 62
     7
176
     1
 62
   257
176
     1
 90
        1
176
     1
 90
        1
176
     1
 40
1.0
176
     1
 90
        0
176
     1
 62
   257
176
     1
 40
1.0
176
     1
 90
        1
176
     1
 90
        6
176
     1
 90
        2
176
     1
 62
     7
176
     1
 90
        5
176
     1
 90
        0
176
     1
 90
        0
176
     1
290
     0
176
     1
 90
       13
176
     1
 40
0.0
176
     1
 90
        0
176
     1
290
     0
176
     1
290
     1
176
     1
290
     1
176
     1
290
     0
176
     1
290
     0
176
     1
290
     0
176
     1
290
     0
176
     1
290
     0
176
     1
290
     0
176
     1
 90
       50
176
     1
 40
0.0
176
     1
 40
1.0
176
     1
 90
        0
176
     1
 62
    18
420
        0
176
     1
 90
       50
176
     1
 90
        3
176
     1
 62
     5
420
      255
176
     1
290
     0
176
     1
 90
       50
176
     1
 90
       50
176
     1
 90
       50
176
     1
290
     0
176
     1
 90
       50
176
     1
 62
   256
176
     0
 40
1.0
176
     0
 90
        2
176
     1
  1
strokes_ogs.tif
176
     1
290
     0
176
     1
 40
1.0
176
     1
 40
1.0
176
     1
  0
VISUALSTYLE
  5
F7
102
{ACAD_REACTORS
330
EF
102
}
330
EF
100
AcDbVisualStyle
  2
Hidden
 70
     6
177
     3
291
     0
 70
    58
 90
        1
176
     1
 90
        2
176
     1
 90
        2
176
     1
 90
        0
176
     1
 40
0.6
176
     1
 40
30.0
176
     1
 62
     7
420
 16777215
176
     1
 90
        2
176
     1
 90
        2
176
     1
 62
     7
176
     1
 62
   257
176
     1
 90
        2
176
     1
 90
        1
176
     1
 40
40.0
176
     1
 90
        0
176
     1
 62
   257
176
     1
 40
1.0
176
     1
 90
        1
176
     1
 90
        6
176
     1
 90
        2
176
     1
 62
     7
176
     1
 90
        3
176
     1
 90
        0
176
     1
 90
        0
176
     1
290
     0
176
     1
 90
        1
176
     1
 40
0.0
176
     1
 90
        0
176
     1
290
     0
176
     1
290
     1
176
     1
290
     1
176
     1
290
     0
176
     1
290
     0
176
     1
290
     0
176
     1
290
     0
176
     1
290
     0
176
     1
290
     0
176
     1
 90
       50
176
     1
 40
0.0
176
     1
 40
1.0
176
     1
 90
        0
176
     1
 62
    18
420
        0
176
     1
 90
       50
176
     1
 90
        3
176
     1
 62
     5
420
      255
176
     1
290
     0
176
     1
 90
       50
176
     1
 90
       50
176
     1
 90
       50
176
     1
290
     0
176
     1
 90
       50
176
     1
 62
   256
176
     0
 40
1.0
176
     0
 90
        2
176
     1
  1
strokes_ogs.tif
176
     1
290
     0
176
     1
 40
1.0
176
     1
 40
1.0
176
     1
  0
VISUALSTYLE
  5
1E4
102
{ACAD_REACTORS
330
EF
102
}
330
EF
100
AcDbVisualStyle
  2
JitterOff
 70
    20
177
     3
291
     1
 70
    58
 90
        2
176
     0
 90
        2
176
     0
 90
        0
176
     0
 90
        0
176
     0
 40
0.6
176
     0
 40
30.0
176
     0
 62
     7
420
 16777215
176
     0
 90
        1
176
     0
 90
        4
176
     0
 62
     7
176
     0
 62
   257
176
     0
 90
        1
176
     0
 90
        1
176
     0
 40
1.0
176
     0
 90
       10
176
     2
 62
     7
176
     0
 40
1.0
176
     0
 90
        1
176
     0
 90
        6
176
     0
 90
        2
176
     0
 62
     7
176
     0
 90
        5
176
     0
 90
        0
176
     0
 90
        0
176
     0
290
     0
176
     0
 90
        1
176
     0
 40
0.0
176
     0
 90
        0
176
     0
290
     0
176
     1
290
     1
176
     1
290
     1
176
     1
290
     0
176
     1
290
     0
176
     1
290
     0
176
     1
290
     0
176
     1
290
     0
176
     1
290
     0
176
     1
 90
       50
176
     1
 40
0.0
176
     1
 40
1.0
176
     1
 90
        0
176
     1
 62
    18
420
        0
176
     1
 90
       50
176
     1
 90
        3
176
     1
 62
     5
420
      255
176
     1
290
     0
176
     1
 90
       50
176
     1
 90
       50
176
     1
 90
       50
176
     1
290
     0
176
     1
 90
       50
176
     1
 62
   256
176
     0
 40
1.0
176
     0
 90
        2
176
     1
  1
strokes_ogs.tif
176
     1
290
     0
176
     1
 40
1.0
176
     1
 40
1.0
176
     1
  0
VISUALSTYLE
  5
FD
102
{ACAD_REACTORS
330
EF
102
}
330
EF
100
AcDbVisualStyle
  2
Linepattern
 70
    14
177
     3
291
     1
 70
    58
 90
        2
176
     1
 90
        2
176
     1
 90
        1
176
     1
 90
        0
176
     1
 40
0.6
176
     1
 40
30.0
176
     1
 62
     7
420
 16777215
176
     1
 90
        1
176
     1
 90
        4
176
     1
 62
     7
176
     1
 62
   257
176
     1
 90
        7
176
     1
 90
        7
176
     1
 40
1.0
176
     1
 90
        8
176
     1
 62
     7
176
     1
 40
1.0
176
     1
 90
        1
176
     1
 90
        6
176
     1
 90
        2
176
     1
 62
     7
176
     1
 90
        5
176
     1
 90
        0
176
     1
 90
        0
176
     1
290
     0
176
     1
 90
        1
176
     1
 40
0.0
176
     1
 90
        0
176
     1
290
     0
176
     1
290
     1
176
     1
290
     1
176
     1
290
     0
176
     1
290
     0
176
     1
290
     0
176
     1
290
     0
176
     1
290
     0
176
     1
290
     0
176
     1
 90
       50
176
     1
 40
0.0
176
     1
 40
1.0
176
     1
 90
        0
176
     1
 62
    18
420
        0
176
     1
 90
       50
176
     1
 90
        3
176
     1
 62
     5
420
      255
176
     1
290
     0
176
     1
 90
       50
176
     1
 90
       50
176
     1
 90
       50
176
     1
290
     0
176
     1
 90
       50
176
     1
 62
   256
176
     0
 40
1.0
176
     0
 90
        2
176
     1
  1
strokes_ogs.tif
176
     1
290
     0
176
     1
 40
1.0
176
     1
 40
1.0
176
     1
  0
VISUALSTYLE
  5
1E5
102
{ACAD_REACTORS
330
EF
102
}
330
EF
100
AcDbVisualStyle
  2
OverhangOff
 70
    21
177
     3
291
     1
 70
    58
 90
        2
176
     0
 90
        2
176
     0
 90
        0
176
     0
 90
        0
176
     0
 40
0.6
176
     0
 40
30.0
176
     0
 62
     7
420
 16777215
176
     0
 90
        1
176
     0
 90
        4
176
     0
 62
     7
176
     0
 62
   257
176
     0
 90
        1
176
     0
 90
        1
176
     0
 40
1.0
176
     0
 90
        9
176
     2
 62
     7
176
     0
 40
1.0
176
     0
 90
        1
176
     0
 90
        6
176
     0
 90
        2
176
     0
 62
     7
176
     0
 90
        5
176
     0
 90
        0
176
     0
 90
        0
176
     0
290
     0
176
     0
 90
        1
176
     0
 40
0.0
176
     0
 90
        0
176
     0
290
     0
176
     1
290
     1
176
     1
290
     1
176
     1
290
     0
176
     1
290
     0
176
     1
290
     0
176
     1
290
     0
176
     1
290
     0
176
     1
290
     0
176
     1
 90
       50
176
     1
 40
0.0
176
     1
 40
1.0
176
     1
 90
        0
176
     1
 62
    18
420
        0
176
     1
 90
       50
176
     1
 90
        3
176
     1
 62
     5
420
      255
176
     1
290
     0
176
     1
 90
       50
176
     1
 90
       50
176
     1
 90
       50
176
     1
290
     0
176
     1
 90
       50
176
     1
 62
   256
176
     0
 40
1.0
176
     0
 90
        2
176
     1
  1
strokes_ogs.tif
176
     1
290
     0
176
     1
 40
1.0
176
     1
 40
1.0
176
     1
  0
VISUALSTYLE
  5
F9
102
{ACAD_REACTORS
330
EF
102
}
330
EF
100
AcDbVisualStyle
  2
Realistic
 70
     8
177
     3
291
     0
 70
    58
 90
        2
176
     1
 90
        3
176
     1
 90
        0
176
     1
 90
        2
176
     1
 40
0.6
176
     1
 40
30.0
176
     1
 62
     7
420
 16777215
176
     1
 90
        0
176
     1
 90
        0
176
     1
 62
     7
176
     1
 62
   257
176
     1
 90
        1
176
     1
 90
        1
176
     1
 40
1.0
176
     1
 90
        8
176
     1
 62
   257
176
     1
 40
1.0
176
     1
 90
        1
176
     1
 90
        6
176
     1
 90
        2
176
     1
 62
     7
176
     1
 90
        3
176
     1
 90
        0
176
     1
 90
        0
176
     1
290
     0
176
     1
 90
       13
176
     1
 40
0.0
176
     1
 90
        0
176
     1
290
     0
176
     1
290
     1
176
     1
290
     1
176
     1
290
     0
176
     1
290
     0
176
     1
290
     0
176
     1
290
     0
176
     1
290
     0
176
     1
290
     0
176
     1
 90
       50
176
     1
 40
0.0
176
     1
 40
1.0
176
     1
 90
        0
176
     1
 62
    18
420
        0
176
     1
 90
       50
176
     1
 90
        3
176
     1
 62
     5
420
      255
176
     1
290
     0
176
     1
 90
       50
176
     1
 90
       50
176
     1
 90
       50
176
     1
290
     0
176
     1
 90
       50
176
     1
 62
   256
176
     0
 40
1.0
176
     0
 90
        2
176
     1
  1
strokes_ogs.tif
176
     1
290
     0
176
     1
 40
1.0
176
     1
 40
1.0
176
     1
  0
VISUALSTYLE
  5
1F3
102
{ACAD_REACTORS
330
EF
102
}
330
EF
100
AcDbVisualStyle
  2
Shaded
 70
    27
177
     3
291
     0
 70
    58
 90
        2
176
     1
 90
        2
176
     1
 90
        1
176
     1
 90
        2
176
     1
 40
0.6
176
     1
 40
30.0
176
     1
 62
     7
420
 16777215
176
     1
 90
        0
176
     1
 90
        4
176
     1
 62
     7
176
     1
 62
   257
176
     1
 90
        1
176
     1
 90
        1
176
     1
 40
1.0
176
     1
 90
        8
176
     1
 62
   257
176
     1
 40
1.0
176
     1
 90
        1
176
     1
 90
        6
176
     1
 90
        2
176
     1
 62
     8
420
  7895160
176
     1
 90
        3
176
     1
 90
        0
176
     1
 90
        0
176
     1
290
     0
176
     1
 90
        5
176
     1
 40
0.0
176
     1
 90
        0
176
     1
290
     0
176
     1
290
     1
176
     1
290
     1
176
     1
290
     0
176
     1
290
     0
176
     1
290
     0
176
     1
290
     0
176
     1
290
     0
176
     1
290
     0
176
     1
 90
       50
176
     1
 40
0.0
176
     1
 40
1.0
176
     1
 90
        0
176
     1
 62
    18
420
        0
176
     1
 90
       50
176
     1
 90
        3
176
     1
 62
     5
420
      255
176
     1
290
     0
176
     1
 90
       50
176
     1
 90
       50
176
     1
 90
       50
176
     1
290
     0
176
     1
 90
       50
176
     1
 62
   256
176
     0
 40
1.0
176
     0
 90
        2
176
     1
  1
strokes_ogs.tif
176
     1
290
     0
176
     1
 40
1.0
176
     1
 40
1.0
176
     1
  0
VISUALSTYLE
  5
1F2
102
{ACAD_REACTORS
330
EF
102
}
330
EF
100
AcDbVisualStyle
  2
Shaded with edges
 70
    26
177
     3
291
     0
 70
    58
 90
        2
176
     1
 90
        2
176
     1
 90
        1
176
     1
 90
        2
176
     1
 40
0.6
176
     1
 40
30.0
176
     1
 62
     7
420
 16777215
176
     1
 90
        1
176
     1
 90
        2
176
     1
 62
     7
176
     1
 62
   257
176
     1
 90
        2
176
     1
 90
        1
176
     1
 40
1.0
176
     1
 90
        8
176
     1
 62
   257
176
     1
 40
1.0
176
     1
 90
        1
176
     1
 90
        6
176
     1
 90
        2
176
     1
 62
     7
176
     1
 90
        3
176
     1
 90
        0
176
     1
 90
        0
176
     1
290
     0
176
     1
 90
        5
176
     1
 40
0.0
176
     1
 90
        0
176
     1
290
     0
176
     1
290
     1
176
     1
290
     1
176
     1
290
     0
176
     1
290
     0
176
     1
290
     0
176
     1
290
     0
176
     1
290
     0
176
     1
290
     0
176
     1
 90
       50
176
     1
 40
0.0
176
     1
 40
1.0
176
     1
 90
        0
176
     1
 62
    18
420
        0
176
     1
 90
       50
176
     1
 90
        3
176
     1
 62
     5
420
      255
176
     1
290
     0
176
     1
 90
       50
176
     1
 90
       50
176
     1
 90
       50
176
     1
290
     0
176
     1
 90
       50
176
     1
 62
   256
176
     0
 40
1.0
176
     0
 90
        2
176
     1
  1
strokes_ogs.tif
176
     1
290
     0
176
     1
 40
1.0
176
     1
 40
1.0
176
     1
  0
VISUALSTYLE
  5
1EF
102
{ACAD_REACTORS
330
EF
102
}
330
EF
100
AcDbVisualStyle
  2
Shades of Gray
 70
    23
177
     3
291
     0
 70
    58
 90
        2
176
     1
 90
        2
176
     1
 90
        3
176
     1
 90
        0
176
     1
 40
0.6
176
     1
 40
30.0
176
     1
 62
     7
420
 16777215
176
     1
 90
        2
176
     1
 90
        2
176
     1
 62
     7
176
     1
 62
     7
176
     1
 90
        1
176
     1
 90
        1
176
     1
 40
40.0
176
     1
 90
        8
176
     1
 62
     7
176
     1
 40
1.0
176
     1
 90
        1
176
     1
 90
        6
176
     1
 90
        2
176
     1
 62
     7
176
     1
 90
        3
176
     1
 90
        0
176
     1
 90
        0
176
     1
290
     0
176
     1
 90
        1
176
     1
 40
0.0
176
     1
 90
        0
176
     1
290
     0
176
     1
290
     1
176
     1
290
     1
176
     1
290
     0
176
     1
290
     0
176
     1
290
     0
176
     1
290
     0
176
     1
290
     0
176
     1
290
     0
176
     1
 90
       50
176
     1
 40
0.0
176
     1
 40
1.0
176
     1
 90
        0
176
     1
 62
    18
420
        0
176
     1
 90
       50
176
     1
 90
        3
176
     1
 62
     5
420
      255
176
     1
290
     0
176
     1
 90
       50
176
     1
 90
       50
176
     1
 90
       50
176
     1
290
     0
176
     1
 90
       50
176
     1
 62
   256
176
     0
 40
1.0
176
     0
 90
        2
176
     1
  1
strokes_ogs.tif
176
     1
290
     0
176
     1
 40
1.0
176
     1
 40
1.0
176
     1
  0
VISUALSTYLE
  5
1F0
102
{ACAD_REACTORS
330
EF
102
}
330
EF
100
AcDbVisualStyle
  2
Sketchy
 70
    24
177
     3
291
     0
 70
    58
 90
        1
176
     1
 90
        2
176
     1
 90
        2
176
     1
 90
        0
176
     1
 40
0.6
176
     1
 40
30.0
176
     1
 62
     7
420
 16777215
176
     1
 90
        2
176
     1
 90
        2
176
     1
 62
     7
176
     1
 62
     7
176
     1
 90
        1
176
     1
 90
        1
176
     1
 40
40.0
176
     1
 90
       11
176
     1
 62
     7
176
     1
 40
1.0
176
     1
 90
        1
176
     1
 90
        6
176
     1
 90
        2
176
     1
 62
     7
176
     1
 90
        6
176
     1
 90
        0
176
     1
 90
        0
176
     1
290
     0
176
     1
 90
        1
176
     1
 40
0.0
176
     1
 90
        0
176
     1
290
     0
176
     1
290
     1
176
     1
290
     1
176
     1
290
     0
176
     1
290
     0
176
     1
290
     0
176
     1
290
     0
176
     1
290
     0
176
     1
290
     0
176
     1
 90
       50
176
     1
 40
0.0
176
     1
 40
1.0
176
     1
 90
        0
176
     1
 62
    18
420
        0
176
     1
 90
       50
176
     1
 90
        3
176
     1
 62
     5
420
      255
176
     1
290
     0
176
     1
 90
       50
176
     1
 90
       50
176
     1
 90
       50
176
     1
290
     0
176
     1
 90
       50
176
     1
 62
   256
176
     0
 40
1.0
176
     0
 90
        2
176
     1
  1
strokes_ogs.tif
176
     1
290
     0
176
     1
 40
1.0
176
     1
 40
1.0
176
     1
  0
VISUALSTYLE
  5
FC
102
{ACAD_REACTORS
330
EF
102
}
330
EF
100
AcDbVisualStyle
  2
Thicken
 70
    13
177
     3
291
     1
 70
    58
 90
        2
176
     1
 90
        2
176
     1
 90
        1
176
     1
 90
        0
176
     1
 40
0.6
176
     1
 40
30.0
176
     1
 62
     7
420
 16777215
176
     1
 90
        1
176
     1
 90
        4
176
     1
 62
     7
176
     1
 62
   257
176
     1
 90
        1
176
     1
 90
        1
176
     1
 40
1.0
176
     1
 90
       12
176
     1
 62
     7
176
     1
 40
1.0
176
     1
 90
        1
176
     1
 90
        6
176
     1
 90
        2
176
     1
 62
     7
176
     1
 90
        5
176
     1
 90
        0
176
     1
 90
        0
176
     1
290
     0
176
     1
 90
        1
176
     1
 40
0.0
176
     1
 90
        0
176
     1
290
     0
176
     1
290
     1
176
     1
290
     1
176
     1
290
     0
176
     1
290
     0
176
     1
290
     0
176
     1
290
     0
176
     1
290
     0
176
     1
290
     0
176
     1
 90
       50
176
     1
 40
0.0
176
     1
 40
1.0
176
     1
 90
        0
176
     1
 62
    18
420
        0
176
     1
 90
       50
176
     1
 90
        3
176
     1
 62
     5
420
      255
176
     1
290
     0
176
     1
 90
       50
176
     1
 90
       50
176
     1
 90
       50
176
     1
290
     0
176
     1
 90
       50
176
     1
 62
   256
176
     0
 40
1.0
176
     0
 90
        2
176
     1
  1
strokes_ogs.tif
176
     1
290
     0
176
     1
 40
1.0
176
     1
 40
1.0
176
     1
  0
VISUALSTYLE
  5
F6
102
{ACAD_REACTORS
330
EF
102
}
330
EF
100
AcDbVisualStyle
  2
Wireframe
 70
     5
177
     3
291
     0
 70
    58
 90
        0
176
     1
 90
        2
176
     1
 90
        0
176
     1
 90
        0
176
     1
 40
0.6
176
     1
 40
30.0
176
     1
 62
     7
420
 16777215
176
     1
 90
        1
176
     1
 90
        4
176
     1
 62
     7
176
     1
 62
   257
176
     1
 90
        1
176
     1
 90
        1
176
     1
 40
1.0
176
     1
 90
        0
176
     1
 62
   257
176
     1
 40
1.0
176
     1
 90
        1
176
     1
 90
        6
176
     1
 90
        2
176
     1
 62
     7
176
     1
 90
        3
176
     1
 90
        0
176
     1
 90
        0
176
     1
290
     0
176
     1
 90
        1
176
     1
 40
0.0
176
     1
 90
        0
176
     1
290
     0
176
     1
290
     1
176
     1
290
     1
176
     1
290
     0
176
     1
290
     0
176
     1
290
     0
176
     1
290
     0
176
     1
290
     0
176
     1
290
     0
176
     1
 90
       50
176
     1
 40
0.0
176
     1
 40
1.0
176
     1
 90
        0
176
     1
 62
    18
420
        0
176
     1
 90
       50
176
     1
 90
        3
176
     1
 62
     5
420
      255
176
     1
290
     0
176
     1
 90
       50
176
     1
 90
       50
176
     1
 90
       50
176
     1
290
     0
176
     1
 90
       50
176
     1
 62
   256
176
     0
 40
1.0
176
     0
 90
        2
176
     1
  1
strokes_ogs.tif
176
     1
290
     0
176
     1
 40
1.0
176
     1
 40
1.0
176
     1
  0
VISUALSTYLE
  5
1F1
102
{ACAD_REACTORS
330
EF
102
}
330
EF
100
AcDbVisualStyle
  2
X-Ray
 70
    25
177
     3
291
     0
 70
    58
 90
        2
176
     1
 90
        2
176
     1
 90
        1
176
     1
 90
        1
176
     1
 40
0.5
176
     1
 40
30.0
176
     1
 62
     7
420
 16777215
176
     1
 90
        1
176
     1
 90
        0
176
     1
 62
     7
176
     1
 62
   257
176
     1
 90
        1
176
     1
 90
        1
176
     1
 40
1.0
176
     1
 90
        8
176
     1
 62
     7
176
     1
 40
1.0
176
     1
 90
        1
176
     1
 90
        6
176
     1
 90
        2
176
     1
 62
     7
176
     1
 90
        3
176
     1
 90
        0
176
     1
 90
        0
176
     1
290
     0
176
     1
 90
       13
176
     1
 40
0.0
176
     1
 90
        0
176
     1
290
     0
176
     1
290
     1
176
     1
290
     1
176
     1
290
     0
176
     1
290
     0
176
     1
290
     0
176
     1
290
     0
176
     1
290
     0
176
     1
290
     0
176
     1
 90
       50
176
     1
 40
0.0
176
     1
 40
1.0
176
     1
 90
        0
176
     1
 62
    18
420
        0
176
     1
 90
       50
176
     1
 90
        3
176
     1
 62
     5
420
      255
176
     1
290
     0
176
     1
 90
       50
176
     1
 90
       50
176
     1
 90
       50
176
     1
290
     0
176
     1
 90
       50
176
     1
 62
   256
176
     0
 40
1.0
176
     0
 90
        2
176
     1
  1
strokes_ogs.tif
176
     1
290
     0
176
     1
 40
1.0
176
     1
 40
1.0
176
     1
  0
DICTIONARYVAR
  5
939
102
{ACAD_REACTORS
330
938
102
}
330
938
100
DictionaryVariables
280
     0
  1
200.000000
  0
DICTIONARYVAR
  5
93A
102
{ACAD_REACTORS
330
938
102
}
330
938
100
DictionaryVariables
280
     0
  1
1
  0
DICTIONARYVAR
  5
93B
102
{ACAD_REACTORS
330
938
102
}
330
938
100
DictionaryVariables
280
     0
  1
1:1
  0
DICTIONARYVAR
  5
93C
102
{ACAD_REACTORS
330
938
102
}
330
938
100
DictionaryVariables
280
     0
  1
STANDARD
  0
DICTIONARYVAR
  5
93D
102
{ACAD_REACTORS
330
938
102
}
330
938
100
DictionaryVariables
280
     0
  1
STANDARD
  0
DICTIONARYVAR
  5
93E
102
{ACAD_REACTORS
330
938
102
}
330
938
100
DictionaryVariables
280
     0
  1
Metric50
  0
DICTIONARYVAR
  5
93F
102
{ACAD_REACTORS
330
938
102
}
330
938
100
DictionaryVariables
280
     0
  1
Metric50
  0
DICTIONARYVAR
  5
940
102
{ACAD_REACTORS
330
938
102
}
330
938
100
DictionaryVariables
280
     0
  1
0
  0
DICTIONARYVAR
  5
941
102
{ACAD_REACTORS
330
938
102
}
330
938
100
DictionaryVariables
280
     0
  1
2
  0
DICTIONARYVAR
  5
942
102
{ACAD_REACTORS
330
938
102
}
330
938
100
DictionaryVariables
280
     0
  1
1
  0
DICTIONARYVAR
  5
943
102
{ACAD_REACTORS
330
938
102
}
330
938
100
DictionaryVariables
280
     0
  1
1
  0
DICTIONARYVAR
  5
944
102
{ACAD_REACTORS
330
938
102
}
330
938
100
DictionaryVariables
280
     0
  1
BYLAYER
  0
DICTIONARYVAR
  5
945
102
{ACAD_REACTORS
330
938
102
}
330
938
100
DictionaryVariables
280
     0
  1
0
  0
DICTIONARYVAR
  5
946
102
{ACAD_REACTORS
330
938
102
}
330
938
100
DictionaryVariables
280
     0
  1
HATCH
  0
DICTIONARYVAR
  5
947
102
{ACAD_REACTORS
330
938
102
}
330
938
100
DictionaryVariables
280
     0
  1
ByLayer
  0
DICTIONARYVAR
  5
948
102
{ACAD_REACTORS
330
938
102
}
330
938
100
DictionaryVariables
280
     0
  1
0
  0
DICTIONARYVAR
  5
949
102
{ACAD_REACTORS
330
938
102
}
330
938
100
DictionaryVariables
280
     0
  1
0
  0
DICTIONARYVAR
  5
94A
102
{ACAD_REACTORS
330
938
102
}
330
938
100
DictionaryVariables
280
     0
  1
0
  0
DICTIONARYVAR
  5
94B
102
{ACAD_REACTORS
330
938
102
}
330
938
100
DictionaryVariables
280
     0
  1
2
  0
DICTIONARYVAR
  5
94C
102
{ACAD_REACTORS
330
938
102
}
330
938
100
DictionaryVariables
280
     0
  1
1.000000
  0
DICTIONARYVAR
  5
94D
102
{ACAD_REACTORS
330
938
102
}
330
938
100
DictionaryVariables
280
     0
  1
1
  0
DICTIONARYVAR
  5
94E
102
{ACAD_REACTORS
330
938
102
}
330
938
100
DictionaryVariables
280
     0
  1
2
  0
DICTIONARYVAR
  5
94F
102
{ACAD_REACTORS
330
938
102
}
330
938
100
DictionaryVariables
280
     0
  1
1
  0
DICTIONARYVAR
  5
950
102
{ACAD_REACTORS
330
938
102
}
330
938
100
DictionaryVariables
280
     0
  1
0
  0
DICTIONARYVAR
  5
951
102
{ACAD_REACTORS
330
938
102
}
330
938
100
DictionaryVariables
280
     0
  1
127
  0
BLOCKLINEARPARAMETER
  5
2DE
330
2DD
100
AcDbEvalExpr
 90
        2
 98
       33
 99
      378
100
AcDbBlockElement
300
Linear
 98
       33
 99
      378
1071
        0
100
AcDbBlockParameter
280
     1
281
     0
100
AcDbBlock2PtParameter
1010
0.0
1020
0.0
1030
0.0
1011
-0.0000000000000184
1021
-500.0
1031
0.0
170
     4
 91
        0
 91
        0
 91
        0
 91
        0
171
     0
172
     0
173
     0
174
     0
177
     0
100
AcDbBlockLinearParameter
305
Scale :
306

140
-374.9999997310806
307

 96
        1
141
0.0
142
0.0
143
0.0
175
     0
1001
ACAUTHENVIRON
1010
-355.317929879972
1020
-705.0390521887906
1030
0.0
  0
BLOCKLINEARPARAMETER
  5
2DF
330
2DD
100
AcDbEvalExpr
 90
       11
 98
       33
 99
      378
100
AcDbBlockElement
300
Linear1
 98
       33
 99
      378
1071
        0
100
AcDbBlockParameter
280
     0
281
     0
100
AcDbBlock2PtParameter
1010
0.0000001330306365
1020
-0.0000001403028225
1030
0.0
1011
0.0000002605374902
1021
-685.3569820687625
1031
0.0
170
     4
 91
        0
 91
       18
 91
        0
 91
        0
171
     0
172
     0
173
     1
 94
       18
303
DisplacementX
174
     1
 95
       18
304
DisplacementY
177
     0
100
AcDbBlockLinearParameter
305
Distance1
306

140
414.4939520684141
307

 96
        1
141
0.0
142
0.0
143
0.0
175
     0
1001
ACAUTHENVIRON
1010
438.2689887757861
1020
-709.1320187074022
1030
0.0
  0
BLOCKLINEARGRIP
  5
2E0
330
2DD
100
AcDbEvalExpr
 90
       18
 98
       33
 99
      378
100
AcDbBlockElement
300
End Grip
 98
       33
 99
      378
1071
        0
100
AcDbBlockGrip
 91
       19
 92
       20
1010
0.0000002605374902
1020
-685.3569820687625
1030
0.0
280
     1
 93
       -1
100
AcDbBlockLinearGrip
140
0.0000001275068537
141
-685.3569819284597
142
0.0
  0
BLOCKGRIPLOCATIONCOMPONENT
  5
2E1
330
2DD
100
AcDbEvalExpr
 90
       19
 98
       33
 99
      378
  1

 70
    40
140
-0.0000000083819032
100
AcDbBlockGripExpr
 91
       11
300
UpdatedEndX
  0
BLOCKGRIPLOCATIONCOMPONENT
  5
2E2
330
2DD
100
AcDbEvalExpr
 90
       20
 98
       33
 99
      378
  1

 70
    40
140
-685.3569820687625
100
AcDbBlockGripExpr
 91
       11
300
UpdatedEndY
  0
BLOCKROTATIONPARAMETER
  5
2E3
330
2DD
100
AcDbEvalExpr
 90
       21
 98
       33
 99
      378
100
AcDbBlockElement
300
Rotation
 98
       33
 99
      378
1071
        0
100
AcDbBlockParameter
280
     0
281
     0
100
AcDbBlock2PtParameter
1010
0.0000001330306365
1020
-0.0000001403028225
1030
0.0
1011
-0.0000000000000717
1021
-300.0
1031
0.0
170
     4
 91
        0
 91
       22
 91
        0
 91
        0
171
     0
172
     0
173
     1
 94
       22
303
DisplacementX
174
     1
 95
       22
304
DisplacementY
177
     0
100
AcDbBlockRotationParameter
305
Angle1
306

1011
299.9999999927279
1021
-0.0000001403028225
1031
0.0
140
0.0
307

 96
        3
141
0.0
142
6.283185307179586
143
0.0
175
     0
1001
ACAUTHENVIRON
1010
338.1024367955266
1020
-38.10243721202096
1030
0.0
  0
BLOCKROTATIONGRIP
  5
2E4
330
2DD
100
AcDbEvalExpr
 90
       22
 98
       33
 99
      378
100
AcDbBlockElement
300
Grip
 98
       33
 99
      378
1071
        0
100
AcDbBlockGrip
 91
       23
 92
       24
1010
-0.0000000000000717
1020
-300.0
1030
0.0
280
     0
 93
       -1
100
AcDbBlockRotationGrip
  0
BLOCKGRIPLOCATIONCOMPONENT
  5
2E5
330
2DD
100
AcDbEvalExpr
 90
       23
 98
       33
 99
      378
  1

 70
    40
140
1.797693134862314E+99
100
AcDbBlockGripExpr
 91
       21
300
UpdatedEndX
  0
BLOCKGRIPLOCATIONCOMPONENT
  5
2E6
330
2DD
100
AcDbEvalExpr
 90
       24
 98
       33
 99
      378
  1

 70
    40
140
1.797693134862314E+99
100
AcDbBlockGripExpr
 91
       21
300
UpdatedEndY
  0
BLOCKSTRETCHACTION
  5
2E7
330
2DD
100
AcDbEvalExpr
 90
       25
 98
       33
 99
      378
100
AcDbBlockElement
300
Stretch
 98
       33
 99
      378
1071
        0
100
AcDbBlockAction
 70
     0
 71
     3
330
2E0
330
2EE
330
2EF
1010
438.2689887757861
1020
-709.1320187074022
1030
0.0
100
AcDbBlockStretchAction
 92
       11
301
EndXDelta
 93
       11
302
EndYDelta
 72
     2
1011
310.8487515717279
1021
-786.1296180947683
1011
-226.4670787996147
1021
-626.1203582603484
 73
     1
331
2EE
 74
     2
 94
        3
 94
        4
 75
     0
140
1.0
141
0.0
280
     0
  0
BLOCKSCALEACTION
  5
2E8
330
2DD
100
AcDbEvalExpr
 90
       26
 98
       33
 99
      378
100
AcDbBlockElement
300
Scale
 98
       33
 99
      378
1071
        0
100
AcDbBlockAction
 70
     2
 91
       11
 91
       21
 71
     6
330
2E3
330
2E4
330
2E0
330
2DF
330
2EE
330
2EF
1010
-355.317929879972
1020
-705.0390521887906
1030
0.0
100
AcDbBlockActionWithBasePt
 92
        2
 93
        2
301
UpdatedBaseX
302
UpdatedBaseY
1011
0.0
1021
0.0
1031
0.0
280
     1
1012
0.0
1022
0.0
1032
0.0
100
AcDbBlockScaleAction
 94
        2
 95
        2
 96
        2
303
Scale
304
XScale
305
YScale
  0
BLOCKROTATEACTION
  5
2E9
330
2DD
100
AcDbEvalExpr
 90
       27
 98
       33
 99
      378
100
AcDbBlockElement
300
Rotate
 98
       33
 99
      378
1071
        0
100
AcDbBlockAction
 70
     2
 91
        2
 91
       11
 71
     6
330
2E4
330
2E0
330
2DF
330
2DE
330
2EE
330
2EF
1010
338.1024367955266
1020
-38.10243721202096
1030
0.0
100
AcDbBlockActionWithBasePt
 92
       21
 93
       21
301
UpdatedBaseX
302
UpdatedBaseY
1011
0.0
1021
0.0
1031
0.0
280
     1
1012
0.0
1022
0.0
1032
0.0
100
AcDbBlockRotationAction
 94
       21
303
AngleDelta
  0
BLOCKBASEPOINTPARAMETER
  5
2EA
330
2DD
100
AcDbEvalExpr
 90
       28
 98
       33
 99
      378
100
AcDbBlockElement
300
Base Point
 98
       33
 99
      378
1071
        0
100
AcDbBlockParameter
280
     1
281
     0
100
AcDbBlock1PtParameter
1010
-0.0000002689193934
1020
0.0
1030
0.0
 93
        0
170
     0
171
     0
100
AcDbBlockBasepointParameter
1011
0.0
1021
0.0
1031
0.0
1012
0.0
1022
0.0
1032
0.0
  0
ACDB_BLOCKREPRESENTATION_DATA
  5
4EC
102
{ACAD_REACTORS
330
4EB
102
}
330
4EB
100
AcDbBlockRepresentationData
 70
     1
340
2DB
  0
DICTIONARY
  5
4ED
102
{ACAD_REACTORS
330
4EB
102
}
330
4EB
100
AcDbDictionary
280
     1
281
     1
  3
ACAD_ENHANCEDBLOCKDATA
360
4EE
  3
ACAD_ENHANCEDBLOCKHISTORY
360
4F6
  0
ACDB_BLOCKREPRESENTATION_DATA
  5
511
102
{ACAD_REACTORS
330
510
102
}
330
510
100
AcDbBlockRepresentationData
 70
     1
340
2DB
  0
DICTIONARY
  5
512
102
{ACAD_REACTORS
330
510
102
}
330
510
100
AcDbDictionary
280
     1
281
     1
  3
ACAD_ENHANCEDBLOCKDATA
360
513
  3
ACAD_ENHANCEDBLOCKHISTORY
360
51B
  0
DICTIONARY
  5
205
330
22
100
AcDbDictionary
280
     1
281
     1
  0
DICTIONARY
  5
1F9
330
ED
100
AcDbDictionary
280
     1
281
     1
  3
FBXASSET
360
1FA
  0
DICTIONARY
  5
1F7
330
EC
100
AcDbDictionary
280
     1
281
     1
  3
FBXASSET
360
1F8
  0
DICTIONARY
  5
173
330
EE
100
AcDbDictionary
280
     1
281
     1
  3
BUMPTILE
360
175
  3
DIFFUSETILE
360
174
  3
FBXASSET
360
1FB
  3
OPACITYTILE
360
176
  3
REFLECTIONTILE
360
177
  0
DICTIONARY
  5
162
330
7F
100
AcDbDictionary
280
     1
281
     1
  3
ACAD_ROUNDTRIP_2008_TABLESTYLE_CELLSTYLEMAP
360
A06
  0
DICTIONARY
  5
4EE
102
{ACAD_REACTORS
330
4ED
102
}
330
4ED
100
AcDbDictionary
280
     1
281
     1
  3
11
360
4EF
  3
2
360
4F0
  3
21
360
4F1
  3
25
360
4F2
  3
26
360
4F3
  3
27
360
4F4
  3
28
360
4F5
  0
XRECORD
  5
4F6
102
{ACAD_REACTORS
330
4ED
102
}
330
4ED
100
AcDbXrecord
280
     1
1070
     3
1071
       18
300
GRIPLOC
 11
0.0000002235148123
 21
-1201.405514031648
 31
0.0
1071
       22
300
GRIPLOC
 11
-178.4245125601584
 21
541.1735746684152
 31
0.0
1071
       18
300
GRIPLOC
 11
386.0311841625275
 21
-521.7922086167532
 31
0.0
1071
        2
300
Scale :
 40
250.0
  0
DICTIONARY
  5
513
102
{ACAD_REACTORS
330
512
102
}
330
512
100
AcDbDictionary
280
     1
281
     1
  3
11
360
514
  3
2
360
515
  3
21
360
516
  3
25
360
517
  3
26
360
518
  3
27
360
519
  3
28
360
51A
  0
XRECORD
  5
51B
102
{ACAD_REACTORS
330
512
102
}
330
512
100
AcDbXrecord
280
     1
1070
     3
1071
       18
300
GRIPLOC
 11
0.0000002235148123
 21
-1201.405514031648
 31
0.0
1071
       22
300
GRIPLOC
 11
-178.4245125601584
 21
541.1735746684152
 31
0.0
1071
       18
300
GRIPLOC
 11
386.0311841625275
 21
-521.7922086167532
 31
0.0
1071
        2
300
Scale :
 40
250.0
  0
XRECORD
  5
1FA
102
{ACAD_REACTORS
330
1F9
102
}
330
1F9
100
AcDbXrecord
280
     1
 70
     1
 90
429727718
  1
D62C5603-E3A1-4AEA-B7FB-FE5D8D0755AF
310
504B03040A0000080000CC70623B3DEE336E79000000790000001B0000006175746F6465736B2D64657369676E2D7061636B6167652E786D6C3C3F786D6C2076657273696F6E3D22312E302220656E636F64696E673D227574662D3822203F3E3C666F726D6174733E3C666F726D61743E687474703A2F2F736368656D612E
310
6175746F6465736B2E636F6D2F64657369676E2D7061636B6167652F323030393C2F666F726D61743E3C2F666F726D6174733E504B0304140006080800CC70623BD486FD9CA0000000F4000000130000005B436F6E74656E745F54797065735D2E786D6C7D8EC10E82300C865F65E91D8A1E8C310C0EEA1BF002731658846E
310
D98AC1B77784ABF1D8FE5FBFBF75BBCE937A534CCEB38643598122B6FEE978D0B0485F9C41B54DDD7D022595594E1A469170414C76A4D9A4D207E29CF43ECE46F218070CC6BECC4078ACAA135ACF422C856C0E68EA1BF5669944DDD7BCDE7B1F8E415D77AECB980613C2E4AC91FC167A2B244592486606FC29C8FD7F045B9A
310
EF7053A7E60B504B0304140006080800CC70623B853B8169EB0000007C01000008000000636F72652E786D6C8D90416EC3201045AF62CDB6C206821CC7C244919D9CA01740401C94182C03558F5F9C3852BBEB6A467FFE9B197D7EFC9E1EC5975982F5AE035262288C535E5B377690E21535501C055FBC8FBF6C503839990E
310
5619041F179FE64D52DE45E362569DD7661365082642A11EB9E920A89B99642953CC8E702F67A9EE7234257977194EC9EAE275C4EABCCF5EAD5940D4AC6F0E35A568B8F43562CD7046CD199FD07E60174276A7BE677B5EADB0E0D14EEFFB6A31321A0D82627C4084204C3F096B71DD52F6819B16635EADF63F509AF53FA164
310
5DDCD1EDDD17164090FCC8732078B56691CB33A85CD7DCC40F504B0304140006080800CC70623B55019EA25F0000007C00000007000000636E782E786D6C4DCB3B0E80201045D1AD90E915ED2CF8AC45050C11660C8261F98AB1B07AC9C97D42D718D865D3E909258CFD00CCE24AC6E326A164D74DC0B4128928FF32603847
310
2BA13128B1252AC747C6BAB984FC68F0B87FE8960A5C09FE86CFB69FBA01504B0304140006080800CC70623BDBABAAF470010000D40300000C0000006662782F636F72652E786D6CC553D16E823014FD95A6AF4B694182CC941A83FA05FB810A9511A125A5257EFE2E82712ECEB8A7F100CD39F7F69E734AF9FADC366850B6
310
AF8DCE7018308C942E4C59EB2AC3DE1D498AD15A706B8CFB56869196ADCAF00863C12B6B7C374385D14E6907A836A59A41D9F7CA615434B0C8705F7CAA5606D23BA8E84F41278B93AC54100640439DE0BDB320004D43C63716C7C399D30917DCFBBA9CD9BA8469F5B156168B24CED3F7248AC8769F27244EB73B92EED8862C
310
B7F13E0C179B3C8F979C8ECD82BBBABDAA2BAC924E9558448CBD9330242CFA08E3154B5651FCC6D215639C8EE5774DBE2B5F6CF2B5768B68963BB5F5588420E442FC700B1139D4CB01F450C1E918227C2E09DF070D8140C84E1E9AAB8F1340832A9CB13130A5F1376A908D57309505ECF2A0DF179C4E9D30F5B239B87E3823
310
7A79C6F31DE1A8A5AEC08474B03C7837EAE4938639B44E5932B833D2C6B6B279CDC613877FA26EE21F4A2A4C63EC7F29A2F301D1F9F7A0E37D145F504B0304140006080800CC70623B9C113CC27E0000009D0000000B0000006662782F636E782E786D6C4DCCDF0A83201C86E15B91DFB94BFB330DD428C8FB886521330DA7
310
6397BF1A1DECE883878F57749FCDA1B7892F1BBC047A23808C7F84D9FA55424E0BE6803A256208E9EF06C84F9B91703228B1C690F78B66B34CD9A5439DF5CF0BFBF65E35BCA1B8D6A5C6F540381E886698B5741C695F9503EBA150A2F8958E3DC3EA0B504B0304140006080800CC70623B7DF2F77C2A010000120200003100
310
00006662782F41393633353835312D344632462D344230382D423046372D3739314545314133324237412F636F72652E786D6C8D51DB8EC22014FC15C2939B0D2DB4B45643319AE817EC0F6041255A68B86CFCFC856D4D76DF7CE190393373060EDB3DC707F856CE6B6B7A480A0C81328395DA5C7B18C3057510EC3873D686
310
3F34088C18550F330C39BB3A1BA7051AAC09CA84841A2BD5020AEF55806078A44B0FFD7053A328440C89E1EFC52486BBB8AA8214A99D789CF9E05200300FC927E4FB4D5B375D43103D5527440FB843077C5AA3F5861C8F645F5787F59E95B390B318B55CE45AA638FAA2957BD7248B390B7A7CC51F9C124149C82B8C378810
310
84AB2F42B7B8DD56F413775B8C5999E9FF4471926F8AA236A1AE96B8B3CC434E5839373893369E1FAF30EA395917409EB7F26AF8801C171837A4A6AC9C89E9F9C9B1A58BA30FD6A5EF5DDDCF894B9AD9B6A59C957943A9FCAE2FD5BC4DFE03504B0304140006080800CC70623BAD7543B64E01000033030000300000006662
310
782F41393633353835312D344632462D344230382D423046372D3739314545314133324237412F636E782E786D6CD593CD6EC32010845F0571AD6CE3D48AD20813A9873E410FBD12D82434182C7EAAE6EDBB2424CD25871E7B41D6EC30B3FA84F9E67BB2E40B4234DE8DB46F1925E094D7C6ED479AD3AE5951B2113C789FEE
310
6C943839C1488B4C05DF079FE72A69D8C96C13AAD6B8631503449F83828872B949AC57D26200B826A308D316B4064D6E46FCDA41C05550DC9E483A00797BFD207EFB092A45DE9514C1BBD22178396BD39D891265658C238DEA00936C654E5E433CB65A26D9F6EDB5EBC14EBF49A45CB856E66048291F6939A9A81BB5C89177
310
38143CA680F4AA299D66A042CEB3354A2684DC9D8D178FE0D9B8B41CAAD720F880EE7EF93C0C18769E099ECC04D5A102C8049A8A05632F4DDF376CF1DE0F6BB65C2F8627B65A33C6BB62177CEBBDAD973006829F89F22E814B54F4BC2BE347F8AA8F681390B50FA73F804400B5F542E796F19FF974E7F78DB802FE05E20750
310
4B0304140006080800CC70623BE75B7789680500003C100000340000006662782F41393633353835312D344632462D344230382D423046372D3739314545314133324237412F6F626A656374732E786D6CAD575B8F9B3818FD2B887D06C22499CB8AA1CA655245D5B455A356FB305264C061D8018C6C3393D95FBFC7600890
310
A4CD5EF210B0B1BFEBF98E3F7B1FF6596ABC522E1296DF9BAE3D320D9A872C4AF2F8DE2CE5CEBA358D0FBEC719939D65A691938CDE9B6ADAF4BD98B3B2D05311DD91329583D9D5FC0F438434A7A611A644887B5384CF34233629258BA878B12322891DEFF6B66BD70BFB62634E8AE781D082709A4B588AF91C528CDA28B73F
310
1C998EEF39EABBEFA97FBD6A7C7E9553F9D3D79FE442923C3C523610337627CB87ABE99D359D4CC6D6E4FACAB5E6ABF9D2726FC6A3C5F56271377BB88362213924694B38DD99FE47C48627A1E7D49F5A8BB5E1A74C0A599ED3B0F21F1E56366B89112D681E218F0915D0D6F17AD41FBA2A369DCF6335D62ABBD39779D5DDD1
310
11D4D8DE3CBB96B2E04FB8202E41051754A1AA8E8F76B4C6DFE810B580B1547F4B84911149794252234D024EF8BBE963A95AE27B3D310A9D5C215C7960FAEE415ED75694C6AFB17BCACA5D99A60A9AA65F217B0BFC53292ACB92BF283FAD0D3621576592CB5BED907C2FA8E9DF794E35E97BEA31BED21FEB401ABB94C44839
310
DCACBF0E1C5DA8DA5B2F4DFFD32AD86F543D9E565E7056502E157C00AD2671CD534549AB752FCA9CDA00677A313F04E51B22FF19E57B300579E3C97EB29F682D92935CEC18CF901B7B54FD8C51F362B56FC72FE0B3C1EAE335EDCCBF5AEC39ADB17DC238973F804BA5E6F6BFE7AF1FB32E523BE9F3BD571418E3631DCA4D48
310
5250CF639223210A9446CA30052EDF057BD35F8329C1ECD84552BF0DC8D18BE7BCE23BFE6BD960AB4A7DE79923A103BEBD80F911CBAA2C60DB19B01CF164A5583B772EE6D3FFA56666CBCDA74DC97724A48F9A58967497E489C4D979006FD7A05E227A1EBDD0F737C623387A9C844D3709995625106D157315F8B8392CD4E0
310
A0B9A720C4BE9829CEF37EA1E13111214D53925356365ADA634861B52519DD27A00AEB808EAF0628E6F435519D446F45CF2C9CF5214F0A15B2F6D06B79DA3EE3CBF7F56780D2F4E7EF73A0F5E5B02A38D07DC852C6B7C1FBB6664213E0C39E3EBA7FF4E1AD23EA2829407C85E586727488B751B2DB9502BC7B228A3FD68B6E
310
A65A22397E690AA8D158D7E404EC8CDA235CC3B7D1898680131CEC2CDF2638C65196279577750F15884AEE19F94199155B92B13297978469D4F8D358DF0AEF7631E28DC8F0D9F437D5D39A83B2231A1D52D543813A824EF8D44BCFF2FA6A31BD1E8DAD87F1CCB526B3879935BF59CDADD5C37479BB1CDD4CA7B3556B516589
310
EF352754B706114D9C885EC9131DE6EFEB43D99AFE2391C2F958179413D7CFEF6B1B6DB1E7600F00DE6E5C67454A339A4BA2E0FBA85ED26F045D454F463DBFCE484C2F90F2E5E3666003662ED8F755951A7D1BECD5B30B550B2785C8E7320B7292A4838DDA71BBC863ED7613CAF659337A3354231D4FF4A182A54904C2898C
310
98B28C4AD0CE056CCF332A80986E571EE9DBC305BB5FEB7E509220A58D25CF042D712A806AC0AD0C657FDEF80D2D9CEAA2EE4D1C76F60BFE74219A06527D6F82DF6412526107381E55E353090704D085B52408A8913C4ED159D79BDA71BB4BC506F4831350EB6F975CD22D69BF7AC49B91A2C0A9DDA3D5CA36AD20FC478E37
310
E61844E2352865EBCB61A275A65283CAAA9DD27703B4102F5AF51EF5F573B75CBB5AD38BC845F7A49F82A0966A49C2E3EA5EA0ECD326CD965F1DB402C6FA8B51A4658C5C5E2EC9E214602E55810345408596591009A82E7E7FFACA19EEA299B14A0081A705CB3296EBC14CDF658DCD336EA6D1136881AAEB87B81AB9EE53D5
310
F5EB8BC8362082DA24122F98680A4E7930C01A0079749CEA14382A0783E5EBA5A10F8C098456A03D6A4AEB6BB881E2513747552A5DB22C7EDAF83BD5528081A365F7FF06504B0304140006080000CC70623B000000000000000000000000350000006662782F41393633353835312D344632462D344230382D423046372D37
310
39314545314133324237412F76657274696365732E62696E504B0304140006080800CC70623BF270F1330600000004000000360000006662782F41393633353835312D344632462D344230382D423046372D3739314545314133324237412F747269616E676C65732E62696E636660600000504B0304140006080000CC7062
310
3B000000000000000000000000370000006662782F41393633353835312D344632462D344230382D423046372D3739314545314133324237412F617474726962757465732E62696E504B0304140006080800CC70623B08DA0BD19000000041010000360000006662782F41393633353835312D344632462D344230382D4230
310
46372D3739314545314133324237412F6469726563746F72792E786D6C858F410AC3201045AF22B36F53E9A60B35CBEEBAE80D244E44489C6234F4F835464A48035D0DF398FF9F8AF63D0E6CC63039F212F8F9020C7D47C6792B21C5FE7403D62A1188E2E60C98D7234A5830286103A55745067B9D86B8A3CF9C7F90C11DE6
310
07FB144396D7B6A82D282E9A152AD114D5EF2CB866EEE831B8EEA07A7BB5A8D7D61A2BAAEB7FD5F70921FF497D00504B0304140006080800CC70623BEDD1DC58FD000000A00100003B0000006662782F41393633353835312D344632462D344230382D423046372D3739314545314133324237412F7265736F75726365732F
310
636F72652E786D6C8D504B6E833010BD0A9A6D65B00922041947112427E8052C33A156828DFCA97AFC9A40A576D7CDCCE87D344F8F9FBFE667F689CE6B6B3A6039850C8DB2A336530731DC4903D95970676DF82583CCC8193B5861107C72362E3BA4AC096842428D1D7107A5F7182053CF7474E0D507CE32973124857FE48B
310
540F3961CEF244279DE03EB81420DB9EAC1384436FA353E879B1B182C7A8C75DA3C7F453DF353A1075D537A7BA6464B8F535A99AE14A9A2BBD90E350DD183B5CFABE3AF262350B1EF4FC9351399401471025A527C218A1E53BAB5A5AB765F5469B96525EACF23FA6B88CFF34456DC2A1DCE36E360F82A5202F42F062ED2BAD
310
579969AFDD8A6F504B010214000A0000080000CC70623B3DEE336E79000000790000001B00000000000000000000000000000000006175746F6465736B2D64657369676E2D7061636B6167652E786D6C504B01021400140006080800CC70623BD486FD9CA0000000F40000001300000000000000000000000000B20000005B
310
436F6E74656E745F54797065735D2E786D6C504B01021400140006080800CC70623B853B8169EB0000007C010000080000000000000000000000000083010000636F72652E786D6C504B01021400140006080800CC70623B55019EA25F0000007C000000070000000000000000000000000094020000636E782E786D6C504B
310
01021400140006080800CC70623BDBABAAF470010000D40300000C00000000000000000000000000180300006662782F636F72652E786D6C504B01021400140006080800CC70623B9C113CC27E0000009D0000000B00000000000000000000000000B20400006662782F636E782E786D6C504B01021400140006080800CC70
310
623B7DF2F77C2A010000120200003100000000000000000000000000590500006662782F41393633353835312D344632462D344230382D423046372D3739314545314133324237412F636F72652E786D6C504B01021400140006080800CC70623BAD7543B64E010000330300003000000000000000000000000000D2060000
310
6662782F41393633353835312D344632462D344230382D423046372D3739314545314133324237412F636E782E786D6C504B01021400140006080800CC70623BE75B7789680500003C10000034000000000000000000000000006E0800006662782F41393633353835312D344632462D344230382D423046372D3739314545
310
314133324237412F6F626A656374732E786D6C504B01021400140006080000CC70623B0000000000000000000000003500000000000000000000000000280E00006662782F41393633353835312D344632462D344230382D423046372D3739314545314133324237412F76657274696365732E62696E504B01021400140006
310
080800CC70623BF270F133060000000400000036000000000000000000000000007B0E00006662782F41393633353835312D344632462D344230382D423046372D3739314545314133324237412F747269616E676C65732E62696E504B01021400140006080000CC70623B0000000000000000000000003700000000000000
310
000000000000D50E00006662782F41393633353835312D344632462D344230382D423046372D3739314545314133324237412F617474726962757465732E62696E504B01021400140006080800CC70623B08DA0BD1900000004101000036000000000000000000000000002A0F00006662782F41393633353835312D344632
310
462D344230382D423046372D3739314545314133324237412F6469726563746F72792E786D6C504B01021400140006080800CC70623BEDD1DC58FD000000A00100003B000000000000000000000000000E1000006662782F41393633353835312D344632462D344230382D423046372D3739314545314133324237412F7265
310
736F75726365732F636F72652E786D6C504B0506000000000E000E0080040000641100000000
  0
XRECORD
  5
1F8
102
{ACAD_REACTORS
330
1F7
102
}
330
1F7
100
AcDbXrecord
280
     1
 70
     1
 90
429727718
  1
30362254-06B7-45E0-A893-8CFA70E3D6BC
310
504B03040A0000080000CC70623B3DEE336E79000000790000001B0000006175746F6465736B2D64657369676E2D7061636B6167652E786D6C3C3F786D6C2076657273696F6E3D22312E302220656E636F64696E673D227574662D3822203F3E3C666F726D6174733E3C666F726D61743E687474703A2F2F736368656D612E
310
6175746F6465736B2E636F6D2F64657369676E2D7061636B6167652F323030393C2F666F726D61743E3C2F666F726D6174733E504B0304140006080800CC70623BD486FD9CA0000000F4000000130000005B436F6E74656E745F54797065735D2E786D6C7D8EC10E82300C865F65E91D8A1E8C310C0EEA1BF002731658846E
310
D98AC1B77784ABF1D8FE5FBFBF75BBCE937A534CCEB38643598122B6FEE978D0B0485F9C41B54DDD7D022595594E1A469170414C76A4D9A4D207E29CF43ECE46F218070CC6BECC4078ACAA135ACF422C856C0E68EA1BF5669944DDD7BCDE7B1F8E415D77AECB980613C2E4AC91FC167A2B244592486606FC29C8FD7F045B9A
310
EF7053A7E60B504B0304140006080800CC70623B1EC5D7A3EB0000007C01000008000000636F72652E786D6C8D90416EC3201045AF82665B6103C6756C6122AB4D4ED00B204C5C94182C03558F5F9C3852BBEB6A467FFE9B197D71FC9E6FE8CBACC17AD7032D0820E3B41FAD9B7A48F1820F808E52ACDEC75F36404ECDA687
310
4D0629A6D5A76597B477D1B89855E747B38B2A041301E95B6E7A08FAD3CCAA50296647B8168BD2573599823EBB0CA76447F43862C7BCCF5EAC59410E4DDD9C7973C2755553CCCFA4C603E3040F1565ED3B1FDE4E432BCA0D9622DAF9795FAF464533826484B498524CD807E51D79ED187F21878E10516EF63F505AC67F42C9
310
BA58B1FDDD071640D2FCC87D2045B96591CB3DA85CB7DCE40F504B0304140006080800CC70623B55019EA25F0000007C00000007000000636E782E786D6C4DCB3B0E80201045D1AD90E915ED2CF8AC45050C11660C8261F98AB1B07AC9C97D42D718D865D3E909258CFD00CCE24AC6E326A164D74DC0B4128928FF32603847
310
2BA13128B1252AC747C6BAB984FC68F0B87FE8960A5C09FE86CFB69FBA01504B0304140006080800CC70623B8C9102E971010000D40300000C0000006662782F636F72652E786D6CC5535B6E833010BC8AE5DF0A6C08340F1947A84D4ED00B38C6A128602363A31CBFCB234A53A551FA553EC09AD9F5CE8C31DB9E9B1AF5CA
310
7695D1198E428A91D2D214952E33ECDD315861B4E5CC1AE3BE9561A445A3323CC098B3D21ADFCE9034DA29ED00D5A6503328BA4E398C640D8B0C77F253352214DE4145770A5B214FA2546114020D759C75CE8200340D19DE981F0F6746269C33EFAB6266AB02A655C74A59CCF365BADC27CB5D902ED22848F6340DF238A141
310
BE88E2F57B92BFEDF23523433367AE6A2EEAA455C2A902F398D2751045018D3FA264435F3771F242571B4A1919CA6F9A7C5B3CD9E42BED16F12C776AEB308F40C848FC700B1139D4891EF410CEC810227CC6846F8386402064270EF5C5C709A05E49676C024C61FC95EA45ED154CA5211D1FF4FB8291A913A68E9B83EBBB33
310
E2A7673CDE118E5AE8124C0807CB8377834E366998436B950D7A7746DAD846D4CFD978E0F04FD455FC5D49D2D4C6FE9722321F10997F0F32DC47FE05504B0304140006080800CC70623BFFEA85907E0000009D0000000B0000006662782F636E782E786D6C4DCCD10A83201886E15B91FFDC95D95A811AB6F23E625948A6C3
310
E9D8E5AF46073BFAE0E1E365ED67B3E8ADC3CB78C7815C7240DA3DFC64DCC221C519D7805AC182F7F1EF06C88D9BE6703008B6049F9E274D7A1E938DBB5AE3D6131B2589BA0D3D965551E0B2EA732C9B9A624AAEB41E3A557677029960D9AFB4EF11165F504B0304140006080800CC70623B4FEEA4082C0100001202000031
310
0000006662782F39464131463745442D413632322D343644302D413938332D3331353338454246344243312F636F72652E786D6C8D515B6EC32010BC0AE2AB55850DD871ED0813254D72825EC00192A2C460F1A872FC42ED48ED5F7E00CDCECCCEB26C731F6FE05B39AFADE921293004CA082BB5B9F43086336A21D870E6AC
310
0D7F68109861543DCC30E4ECE26C9C164858139409093556AA051CBC570102714B8F1E7AF1A5C6A11862480C7F2DA6415C878B2A4891CA89C7990F2E050073937C42DE1DB7E4F87ED8A36D4329AA9B3D46DBAEAD504556557BD81DEBDD0761E52CE42C462D17B996298E3E6BE59E35C962CE821E1FF18553435012728A7187
310
0841987E927A8D9B35ADDF70BBC6989599FE4F1427F9A4286A132ABAC49D651EF234CD5CE04CDA78BA3DC2A8FB645D00B9DF8B57E215725C60BCA2A463E54C4CE327C7A65E1C7DB02E7DEFCBF594B864C5CA6CDBD49C957943E9FA5D5FBAF336F90F504B0304140006080800CC70623BAD7543B64E01000033030000300000
310
006662782F39464131463745442D413632322D343644302D413938332D3331353338454246344243312F636E782E786D6CD593CD6EC32010845F0571AD6CE3D48AD20813A9873E410FBD12D82434182C7EAAE6EDBB2424CD25871E7B41D6EC30B3FA84F9E67BB2E40B4234DE8DB46F1925E094D7C6ED479AD3AE5951B2113C
310
789FEE6C943839C1488B4C05DF079FE72A69D8C96C13AAD6B8631503449F83828872B949AC57D26200B826A308D316B4064D6E46FCDA41C05550DC9E483A00797BFD207EFB092A45DE9514C1BBD22178396BD39D891265658C238DEA00936C654E5E433CB65A26D9F6EDB5EBC14EBF49A45CB856E66048291F6939A9A81BB5
310
C8917738143CA680F4AA299D66A042CEB3354A2684DC9D8D178FE0D9B8B41CAAD720F880EE7EF93C0C18769E099ECC04D5A102C8049A8A05632F4DDF376CF1DE0F6BB65C2F8627B65A33C6BB62177CEBBDAD973006829F89F22E814B54F4BC2BE347F8AA8F681390B50FA73F804400B5F542E796F19FF974E7F78DB802FE05
310
E207504B0304140006080800CC70623B16AB87BA640500003C100000340000006662782F39464131463745442D413632322D343644302D413938332D3331353338454246344243312F6F626A656374732E786D6CAD575B6FA33818FD2B887DE6924B3BED8A326A92B68A663B534DD4D13E548A0C38942D60649B369D5FBFC7
310
600890A493BDE42160637FD7F31D7FF63E6FB3D478A55C242CBF3247B66B1A340F5994E4F19559CA8D75611A9F7D8F33263BCB4C232719BD32D5B4E97B316765A1A722BA21652A07B3B7B33F0D11D29C9A46981221AE4C113ED38CD8A4942CA2E2C58E882476BCD9DA23BB5ED8171B73523C0F841684D35CC252CCE79062D4
310
468DFA43D7747CCF51DF7D4FFDEB5593E3AB9CCA9FBEFE241792E4E19EB28198C968BAB8199F5D5A67D3E9C49A9E8F47D6EC76B6B0469F26EEFC7C3EBFBCBEB98462213924694B38DD98FE1D62C393D073EA4FADC5DAF04326852CCF6958F90F0F2B9BB5C48816348F90C7840A68EB78EDF68723159BCEE7891A6B95DDE9D3
310
BCEAEEE8086A6C6F9E5D4B59F0175C10A7A0820BAA5055C7473B5AE3CFDD452D602CD5DF12616444529E90D448938013FE6EFA58AA96F85E4F8C42275708571E98FE6827AF6B2B4AE3D7D83D64E5A64C53054DD3AF90BD06FEA9149565C94FCA0F6B834DC85599E4F2423B24DF0B6AFA979E534DFA9E7A4CC6FA631D486393
310
921829879BF5D781A373557BCB85E97FB90DB62B558F8795179C15944B051F40AB495CF35451D26A4727654E6D8033BD98EF82F21D91FF8AF2DD9982BCF1643BDD4EB516C9492E368C67C88DED563FC36D5EACF66DFF057C3658BDBFA69DF9578B3DA735B64F18C7F20770A9D45CFCF7FCF563D6456A277DBEF78A02637CA2
310
43B90A490AEAB94F72244481D24819A6C0E59B606BFA4B3025981DBB48EAB701D97BF19C577CC77F2D1B6C55A9EF3C732474C0B727303F625995056C3B02963D9EAC146BE78EC5FCEC7FA999EBC5EACBAAE41B12D27B4D2C0BBA49F244E2ECDC81B76B502F113D8F5EE8FB1BE3111CDD4FC2AA9B844CAB1288B68AB90A7CDC
310
1C166AB0D3DC5310625FCC14E779BFD0709F8890A629C9292B1B2DED31A4B0DA928CEE135085754027E3018A397D4D5427D15BD1330B677DC8934285AC3DF45A9EB68FF8F2B8FC0A509AFEECFD0FF2DE25CC6047F7214B195F07EFEB9A094D800F7BFAE8FED187B78EA8A3A400F115961BCAD1215E47C966530AF0EE8128FE
310
58CEBB996A8964FFA529A046635D9353B0336A8F700DDF46271A024E70B0B37C9DE01847591E54DED53D54202AB947E4076556AC49C6CA5C9E1226B7F1A7B1BE15DEED62C41B91E1B3E9AFAAA735036547343A925075041DF0A9979E893B391F8FCFA6967B3EFB644DCF6E5CEBFAE272625DCC6FAF3FB93793C5F90CE1EF57
310
407342756B10D1C489E8953CD1617E5CEECAD6F4EF8914CE5D5D504E5C3F1F9736DA62CFC11E00BCDDB8CC8A9466349744C1F75EBDA4DF09BA8A9E8C7A7E9991989E20E5DBDD6A6003664ED8F7A04A8DBE0DF6EAD9B9AA858342E47399053949D2C146EDB85DE4B176BB0965FBAC19BD19AA918E27FA50C1D22402E144464C
310
59462568E704B6E71915404CB72B8FF4EDE184DDAF753F284990D2C6926782963815403548A70C657FDEF80D2D9CEAA2AE4C1C76F60BFE74219A06527D6582DF6412526107381E55E353090704D085B52408D0933C4ED159D79BDA71BB4BC506F4831350EB6F979CD22D69BF7AC49B91A2C0A9DDA3D5CA36AD20FC478E37E6
310
1844E2352865EBCB6EA275A652E3836BE04EFB400BF1A2556F515F1FBB35B2AB35BD889C744FFA1004B5544B121E57F70215746DD2F5E2C1412B602CBF19455AC6C8E5E9922C4E01E65215385004546899059180EAFCF7A707CE7017CD8CDB0410789AB32C63B91E5CEBBBACB17AC6CD347A022D5075FD106377347AAABA7E
310
7D11590744509B44E205134DC1290F06580320F78E537D3D73540E06CB970B431F185308AD40BBD794D6D77003C5A36E8EAA54BA64597CD8F83BD552A080A365F7FF06504B0304140006080000CC70623B000000000000000000000000350000006662782F39464131463745442D413632322D343644302D413938332D3331
310
353338454246344243312F76657274696365732E62696E504B0304140006080800CC70623BF270F1330600000004000000360000006662782F39464131463745442D413632322D343644302D413938332D3331353338454246344243312F747269616E676C65732E62696E636660600000504B0304140006080000CC70623B
310
000000000000000000000000370000006662782F39464131463745442D413632322D343644302D413938332D3331353338454246344243312F617474726962757465732E62696E504B0304140006080800CC70623B08DA0BD19000000041010000360000006662782F39464131463745442D413632322D343644302D413938
310
332D3331353338454246344243312F6469726563746F72792E786D6C858F410AC3201045AF22B36F53E9A60B35CBEEBAE80D244E44489C6234F4F835464A48035D0DF398FF9F8AF63D0E6CC63039F212F8F9020C7D47C6792B21C5FE7403D62A1188E2E60C98D7234A5830286103A55745067B9D86B8A3CF9C7F90C11DE607
310
FB144396D7B6A82D282E9A152AD114D5EF2CB866EEE831B8EEA07A7BB5A8D7D61A2BAAEB7FD5F70921FF497D00504B0304140006080800CC70623B0D6EF93BFE000000A00100003B0000006662782F39464131463745442D413632322D343644302D413938332D3331353338454246344243312F7265736F75726365732F63
310
6F72652E786D6C8D50596E833010BD0A9ADFCA60B334011947A8694ED00B586642AC041B79A97AFC9A40A5F6AF3F33A3B7689E1E3F7DCD8FEC139DD7D6F4C0720A191A65476DA61E62B892236427C19DB5E1970C322367EC618541F0C9D9B8EC90B226A009093576C41D94DE63804C3DD2D18357379C652E63480A7FCF17A9
310
EE72C29CE5894E3AC17D702940B63D59270887DE46A7D0F36263058F518FBB468FE9A7BE6A7420864373B8D4873369AA8691FA421B3294352543C5CAF65C0F6FEF43CB8BD52C78D0F34F46E550061C419494B6843142CB0F5677F4B52BEB177AEC28E5C52AFF638ACBF84F53D42654E51E77B379102C05791282176B5F693D
310
CB4C7BED567C03504B010214000A0000080000CC70623B3DEE336E79000000790000001B00000000000000000000000000000000006175746F6465736B2D64657369676E2D7061636B6167652E786D6C504B01021400140006080800CC70623BD486FD9CA0000000F40000001300000000000000000000000000B20000005B
310
436F6E74656E745F54797065735D2E786D6C504B01021400140006080800CC70623B1EC5D7A3EB0000007C010000080000000000000000000000000083010000636F72652E786D6C504B01021400140006080800CC70623B55019EA25F0000007C000000070000000000000000000000000094020000636E782E786D6C504B
310
01021400140006080800CC70623B8C9102E971010000D40300000C00000000000000000000000000180300006662782F636F72652E786D6C504B01021400140006080800CC70623BFFEA85907E0000009D0000000B00000000000000000000000000B30400006662782F636E782E786D6C504B01021400140006080800CC70
310
623B4FEEA4082C0100001202000031000000000000000000000000005A0500006662782F39464131463745442D413632322D343644302D413938332D3331353338454246344243312F636F72652E786D6C504B01021400140006080800CC70623BAD7543B64E010000330300003000000000000000000000000000D5060000
310
6662782F39464131463745442D413632322D343644302D413938332D3331353338454246344243312F636E782E786D6C504B01021400140006080800CC70623B16AB87BA640500003C1000003400000000000000000000000000710800006662782F39464131463745442D413632322D343644302D413938332D3331353338
310
454246344243312F6F626A656374732E786D6C504B01021400140006080000CC70623B0000000000000000000000003500000000000000000000000000270E00006662782F39464131463745442D413632322D343644302D413938332D3331353338454246344243312F76657274696365732E62696E504B01021400140006
310
080800CC70623BF270F133060000000400000036000000000000000000000000007A0E00006662782F39464131463745442D413632322D343644302D413938332D3331353338454246344243312F747269616E676C65732E62696E504B01021400140006080000CC70623B0000000000000000000000003700000000000000
310
000000000000D40E00006662782F39464131463745442D413632322D343644302D413938332D3331353338454246344243312F617474726962757465732E62696E504B01021400140006080800CC70623B08DA0BD190000000410100003600000000000000000000000000290F00006662782F39464131463745442D413632
310
322D343644302D413938332D3331353338454246344243312F6469726563746F72792E786D6C504B01021400140006080800CC70623B0D6EF93BFE000000A00100003B000000000000000000000000000D1000006662782F39464131463745442D413632322D343644302D413938332D3331353338454246344243312F7265
310
736F75726365732F636F72652E786D6C504B0506000000000E000E0080040000641100000000
  0
XRECORD
  5
175
102
{ACAD_REACTORS
330
173
102
}
330
173
100
AcDbXrecord
280
     1
270
     1
271
     1
  0
XRECORD
  5
174
102
{ACAD_REACTORS
330
173
102
}
330
173
100
AcDbXrecord
280
     1
270
     1
271
     1
  0
XRECORD
  5
1FB
102
{ACAD_REACTORS
330
173
102
}
330
173
100
AcDbXrecord
280
     1
 70
     0
 90
1673772943
  1
ECE7A1D2-D628-4531-984C-D00F80459256
310
504B03040A0000080000CC70623B3DEE336E79000000790000001B0000006175746F6465736B2D64657369676E2D7061636B6167652E786D6C3C3F786D6C2076657273696F6E3D22312E302220656E636F64696E673D227574662D3822203F3E3C666F726D6174733E3C666F726D61743E687474703A2F2F736368656D612E
310
6175746F6465736B2E636F6D2F64657369676E2D7061636B6167652F323030393C2F666F726D61743E3C2F666F726D6174733E504B0304140006080800CC70623BD486FD9CA0000000F4000000130000005B436F6E74656E745F54797065735D2E786D6C7D8EC10E82300C865F65E91D8A1E8C310C0EEA1BF002731658846E
310
D98AC1B77784ABF1D8FE5FBFBF75BBCE937A534CCEB38643598122B6FEE978D0B0485F9C41B54DDD7D022595594E1A469170414C76A4D9A4D207E29CF43ECE46F218070CC6BECC4078ACAA135ACF422C856C0E68EA1BF5669944DDD7BCDE7B1F8E415D77AECB980613C2E4AC91FC167A2B244592486606FC29C8FD7F045B9A
310
EF7053A7E60B504B0304140006080800CC70623BD9DDAED0EC0000007C01000008000000636F72652E786D6C8D90416EC3201045AF82665B61836D9CD8C2444DD39CA01740405C94182C03558F5F9C3852BBEB6A467FFE9B197D7EF89E6EE8CB2CC17A37002D0820E394D7D68D03A478C17B4007C117EFE32F1B20272733C0
310
2A83E0E3E2D3BC49CABB685CCCAAF3DA6CA20CC14440EA969B0182FA34932C648AD911AEC52CD5558EA6A0CF2EC329598D1E47ACCEFBECC59A050463A7EA5833865FEBDD0E37353BE3EE8DBDE3F6786A48D375FBF6CC78B9C282473B3DEFABC5C86834888A900E538A49F5419B9EB47DD5BC907D4F082F57FB1F28CDFA9F50
310
B22ED6D5F6EE030B20687EE43E10BC5CB3C8E51E54AE6B6EE207504B0304140006080800CC70623B55019EA25F0000007C00000007000000636E782E786D6C4DCB3B0E80201045D1AD90E915ED2CF8AC45050C11660C8261F98AB1B07AC9C97D42D718D865D3E909258CFD00CCE24AC6E326A164D74DC0B4128928FF326038
310
472BA13128B1252AC747C6BAB984FC68F0B87FE8960A5C09FE86CFB69FBA01504B0304140006080800CC70623BA24EB22D72010000D40300000C0000006662782F636F72652E786D6CC5535B6E833010BC8AE5DF0A6C5E49888CA3A6694ED00B38E05014B091B1518EDFE511A5A9D228FD2A1F60CDEC7A67C6986DCE4D8D7A
310
69BA4AAB0C073EC548AA5C17952A33ECECD15B61B4E1CC686DBF9561A44423333CC098B3D268D7CE50AE9595CA02AA74216750749DB418E5352C32DCE59FB211BE70162ABA93DF8AFC244AE9073ED050C759670D0840D390E18DF9F1706664C23973AE2A66B62A605A75ACA4C13C4976E1364A12EF355A2EBD384AF65EFA96
310
BC7B8BED2EA6719AAE16FB8491A199335B351775B991C2CA02F390D2D40B028F861F41BCA68B7518BFD0D59A524686F29B26D7164F36B94AD9289CE54E6D1DE6010819891F6E21228B3AD1831EC219194284CF98F06DD01008846CC5A1BEF83801D4CBDC6A1303536877A57A513B0953A94FC707FDBE6064EA84A9E3E6E0FA
310
EE8CF0E9198F7784A316AA0413C2C2F2E0ECA0934D1AE6D05A69BCDE9E91D2A611F573361E38FC1375157F5752AE6B6DFE4B11990F88CCBF0719EE23FF02504B0304140006080800CC70623B408A7D3B7C0000009D0000000B0000006662782F636E782E786D6C4DCCD10A83201886E15B91FFDC552A92A0064DBC8F581632
310
D3703A76F9ABD1C18E3E78F878E5F0D9027ABBFCF2292AE86E2D20171F69F6715550CB827B40839639A5F2770314A7CD293819B45C73AAFB45B35BA61ACAA1C1C7E7855C58C15BC331339661262CC762340413D68D77DA5B42298546CBE6573AF60CEB2F504B0304140006080800CC70623B449FB9BD290100001202000031
310
0000006662782F36394639363044362D344446342D343946362D394244322D3234314243333846323333332F636F72652E786D6C8D515B6EC32010BC0AE22B55850D98B871848994463E412FE002495162B07854397EA176A4F62F3F2C9A9D991D587EB84F37F0AD7D30CEF6905418026DA553C65E7A98E219ED203808EE9D
310
8B7F6810D871D23D2C3014FCE25D9A57483A1BB58D19B54EE9151C43D0110279CB971E06F9A5A7B11A53CC8C70ADE6515EC78BAE4895DB992778883E0700CB907242D17643D7E2538BD869608875438BBAE38922CAC8F1BDD90DB4691A5E2F42C153326A951B95E398B3D1FE599322163C9AE9115F7A3D46ADA0A018778810
310
84E907617BDCEE297BC5BB3DC6BC2EF47FA234AB2745C9D8D8D035EE220B50105E2F0DC1954B9FB747187D9F9D8FA0CCDB042D5FA0C015C65B42DF78BD10F3F3B363CB56C7109DCFDFBBB97E662ED92EB62D13BC2E1BCAE5777DB9966D8A1F504B0304140006080800CC70623BAD7543B64E01000033030000300000006662
310
782F36394639363044362D344446342D343946362D394244322D3234314243333846323333332F636E782E786D6CD593CD6EC32010845F0571AD6CE3D48AD20813A9873E410FBD12D82434182C7EAAE6EDBB2424CD25871E7B41D6EC30B3FA84F9E67BB2E40B4234DE8DB46F1925E094D7C6ED479AD3AE5951B2113C789FEE
310
6C943839C1488B4C05DF079FE72A69D8C96C13AAD6B8631503449F83828872B949AC57D26200B826A308D316B4064D6E46FCDA41C05550DC9E483A00797BFD207EFB092A45DE9514C1BBD22178396BD39D891265658C238DEA00936C654E5E433CB65A26D9F6EDB5EBC14EBF49A45CB856E66048291F6939A9A81BB5C89177
310
38143CA680F4AA299D66A042CEB3354A2684DC9D8D178FE0D9B8B41CAAD720F880EE7EF93C0C18769E099ECC04D5A102C8049A8A05632F4DDF376CF1DE0F6BB65C2F8627B65A33C6BB62177CEBBDAD973006829F89F22E814B54F4BC2BE347F8AA8F681390B50FA73F804400B5F542E796F19FF974E7F78DB802FE05E20750
310
4B0304140006080800CC70623B8D05915C650500003B100000340000006662782F36394639363044362D344446342D343946362D394244322D3234314243333846323333332F6F626A656374732E786D6CAD575B6FA33814FE2B887D06429276DA1565D4266D158D3A339A6846FB502932E050B66023DB74D2FDF5FB190C01
310
9276B2973C046C8ECFF53B17071F77456EBD502133CEAE6CDF9DD81665314F32965ED995DA3A17B6F5310C04E7AA47665B8C14F4CAD6DB7618A48257A5D94AE89654B91AEDDEDDFC61C998326A5B714EA4BCB265FC440BE2924AF184CA6737218AB8E976E7FA6E4338649B0A523E8D98964450A6A029F619B8588D52FE7039
310
B1BD30F0F4F730D0FF866AF6369557DB33949F31A9088B0F848DD8CCFCF9F2767A76E99CCDE733677E3EF59D9BBB9BA5E37F984D16E78BC5E5F5ED25044B25C0C96822E8D60EEFE11B91C581D77CEA34368A1F5329E68CD1B8B61F16D63A1B8E092D294B10C78C4A48EB593D192E7DED9BDEE7995E1B91FDEDD3ACEA9FE831
310
6A756F9F7D4D79F4274C90A7A04248AA51D5F8C718DAE06FB2F75AC4796EBE65D22A88A22223B995679120E2D50E41AA49C260C046A35368846B0BECD0DFF3EBEB8AD4F835768F69B9ADF25C43D30E6B646F807FAA64AD59F61715C7A54127C4AACA98BA3006A9D792DAE165E0D59B61A01FB3A9F9D838D2DAE62445C86166
310
F37564E842E7DE6A69879FEEA2DD5AE7E371E1A5E025154AC307D06A03D73EB5978C58FFA4C8E9033066E0F3BD53BEC1F39F91BE7B55103791EDE6BBB991A2046172CB4581D8B893FA674DDA17A77B3B7C413D1B511FD2743BFF8A38F03A658705E3ADF8015C3A3417FF3D7E439FF591DA0B5F18BC20C1B8981957AE6392A3
310
F43C640C01D1A0B4728E2DD4F26DB4B3C3152A252A3B4E913CEC1C72F012782FF88EFF8637AA552DBEF76408E8A8DE9E50F9E1CB3A2DA0DB1B6039A893B56063DC5B3E3FFB5F72E67AB9FEB4AEC496C4F4C1149625DD662C53E89D7BF0F6151A046260D1337DFDC94502430F83B0EE07A130A224BCAD7DAE1D9FB6CD422FF6
310
920702629C4BB9AE79C12F243C6432A6794E18E5552BA56B431AAB5D91317302B2B071E86C3A42B1A02F999E24061403B5D0EB639195DA655DD3EBEAB4FB862DDF579F014AD0E73C22F99E28DA57FB98E75C6CA2D74D53086D600F4786E0FE3144B771A8A7B900F03594DB8A633CBC49B2EDB69228BB479CF863B5E807AAAB
310
23872F6DFEB4129B949CA33823F58830E86D65621E10047D9DB34D862E8EAC3C2ABC2F7B2C40D67CDFE01F5545B92105AF983AC54D93D69E56FB8E797F88913F898A9FEC705D3F9D1B54EC8426FB500D40A03BD0119B06E1B95DDC7EB8F6975367793EBD70E66733DFB9BC982F9CE564727731999F5D4ECFCE3B8D6A4DC2A0
310
6D50FD148437D110834A64C6CDDF57FBACB5C307A2A477DFE4939736CFEF2B175371E0E10CF0DD1D5C15654E0BCA14D1E87DD02FF93782A162C0A3D95F1524A52770F972BF1EE9809D13CE7DD599467F8ECE9ADD85CE85A34CD45355448C64F9E8A031DC2D596ACC6E5DD93D9B82DE2EF5CAF81363A8E47996A0DE24564A79
310
4115AACE09C55E14540231FDA13C319787134EBF34E3A022514E5B4D9E0826E25C02D5805B15ABE1BEF51B26383D445DD9E875EE33FE4C22DA16427D65A3BCA92CA6D28DD01DF5DC53330704308475351050232CCD31583787BA75774AFB06E5070DD0C8EF484E19968C5D83BA5B90B244D31E54D55A372320FE4786B7EA58
310
44E135AA5467CB7EA333A61683CC6A8C3257034C10CF46F40EF9F5BE59BE5BD30C3C72D235E95D10345C1D45445A5F0BB47E46A5EBE5570F9380B5FA629579952296A773720405982B9DE04011506178964401AA8BDF1FBF0A8EAB6861DD6580C0E38217056766716DAEB2D6FA0917D3E4116581EADB879C4E7CFFB11EFACD
310
3D641311495D92C8676CB409A72D18610D803CE8A626049E8EC1887CB5B44CC39883690DDA8399B4B9855B481E7D71D4A9D22F96E5BB73BF5793020C02137BF837504B0304140006080000CC70623B000000000000000000000000350000006662782F36394639363044362D344446342D343946362D394244322D32343142
310
43333846323333332F76657274696365732E62696E504B0304140006080800CC70623BF270F1330600000004000000360000006662782F36394639363044362D344446342D343946362D394244322D3234314243333846323333332F747269616E676C65732E62696E636660600000504B0304140006080000CC70623B0000
310
00000000000000000000370000006662782F36394639363044362D344446342D343946362D394244322D3234314243333846323333332F617474726962757465732E62696E504B0304140006080800CC70623B08DA0BD19000000041010000360000006662782F36394639363044362D344446342D343946362D394244322D
310
3234314243333846323333332F6469726563746F72792E786D6C858F410AC3201045AF22B36F53E9A60B35CBEEBAE80D244E44489C6234F4F835464A48035D0DF398FF9F8AF63D0E6CC63039F212F8F9020C7D47C6792B21C5FE7403D62A1188E2E60C98D7234A5830286103A55745067B9D86B8A3CF9C7F90C11DE607FB14
310
4396D7B6A82D282E9A152AD114D5EF2CB866EEE831B8EEA07A7BB5A8D7D61A2BAAEB7FD5F70921FF497D00504B0304140006080800CC70623BCA768048FE000000A00100003B0000006662782F36394639363044362D344446342D343946362D394244322D3234314243333846323333332F7265736F75726365732F636F72
310
652E786D6C8D50596E833010BD0A9ADFCA60D600328E9AA639412F609909B1126CE4A5EAF16B0295DABFFECC8CDEA2797AECF8353F924FB44E193D409E5248504B332A3D0D10FC95B4901C39B3C6F85F3248B49871801506CE266BC2B243D2688FDA47549B11775038871E12F988C7004EDE7016A9083E2ADC3D5D84BC8B09
310
D33C8D74D471E6BC8D0192EDC93A815B742658898E651BCB59086ADC356A8C3FD555A1055ED7E7E254D615792D0F075295F585746FF53B694EE78A565DD736979A65AB9933AFE69F8CD2A2F038022F28ED489E135A7CE4554F9BBEA85E68DB53CAB255FEC71496F19FA6A0B42F8B3DEE6673C0F318E4497096AD7DC5F52C33
310
EEB55BFE0D504B010214000A0000080000CC70623B3DEE336E79000000790000001B00000000000000000000000000000000006175746F6465736B2D64657369676E2D7061636B6167652E786D6C504B01021400140006080800CC70623BD486FD9CA0000000F40000001300000000000000000000000000B20000005B436F
310
6E74656E745F54797065735D2E786D6C504B01021400140006080800CC70623BD9DDAED0EC0000007C010000080000000000000000000000000083010000636F72652E786D6C504B01021400140006080800CC70623B55019EA25F0000007C000000070000000000000000000000000095020000636E782E786D6C504B0102
310
1400140006080800CC70623BA24EB22D72010000D40300000C00000000000000000000000000190300006662782F636F72652E786D6C504B01021400140006080800CC70623B408A7D3B7C0000009D0000000B00000000000000000000000000B50400006662782F636E782E786D6C504B01021400140006080800CC70623B
310
449FB9BD290100001202000031000000000000000000000000005A0500006662782F36394639363044362D344446342D343946362D394244322D3234314243333846323333332F636F72652E786D6C504B01021400140006080800CC70623BAD7543B64E010000330300003000000000000000000000000000D20600006662
310
782F36394639363044362D344446342D343946362D394244322D3234314243333846323333332F636E782E786D6C504B01021400140006080800CC70623B8D05915C650500003B10000034000000000000000000000000006E0800006662782F36394639363044362D344446342D343946362D394244322D32343142433338
310
46323333332F6F626A656374732E786D6C504B01021400140006080000CC70623B0000000000000000000000003500000000000000000000000000250E00006662782F36394639363044362D344446342D343946362D394244322D3234314243333846323333332F76657274696365732E62696E504B010214001400060808
310
00CC70623BF270F13306000000040000003600000000000000000000000000780E00006662782F36394639363044362D344446342D343946362D394244322D3234314243333846323333332F747269616E676C65732E62696E504B01021400140006080000CC70623B00000000000000000000000037000000000000000000
310
00000000D20E00006662782F36394639363044362D344446342D343946362D394244322D3234314243333846323333332F617474726962757465732E62696E504B01021400140006080800CC70623B08DA0BD190000000410100003600000000000000000000000000270F00006662782F36394639363044362D344446342D
310
343946362D394244322D3234314243333846323333332F6469726563746F72792E786D6C504B01021400140006080800CC70623BCA768048FE000000A00100003B000000000000000000000000000B1000006662782F36394639363044362D344446342D343946362D394244322D3234314243333846323333332F7265736F
310
75726365732F636F72652E786D6C504B0506000000000E000E0080040000621100000000
  0
XRECORD
  5
176
102
{ACAD_REACTORS
330
173
102
}
330
173
100
AcDbXrecord
280
     1
270
     1
271
     1
  0
XRECORD
  5
177
102
{ACAD_REACTORS
330
173
102
}
330
173
100
AcDbXrecord
280
     1
270
     1
271
     1
  0
CELLSTYLEMAP
  5
A06
102
{ACAD_REACTORS
330
162
102
}
330
162
100
AcDbCellStyleMap
 90
        3
300
CELLSTYLE
  1
TABLEFORMAT_BEGIN
 90
        5
170
     1
 91
        0
 92
    32768
 62
   257
 93
        1
300
CONTENTFORMAT
  1
CONTENTFORMAT_BEGIN
 90
        0
 91
        0
 92
      512
 93
        0
300

 40
0.0
140
1.0
 94
        5
 62
     0
340
11
144
6.0
309
CONTENTFORMAT_END
171
     1
301
MARGIN
  1
CELLMARGIN_BEGIN
 40
1.5
 40
1.5
 40
1.5
 40
1.5
 40
4.5
 40
4.5
309
CELLMARGIN_END
 94
        6
 95
        1
302
GRIDFORMAT
  1
GRIDFORMAT_BEGIN
 90
        0
 91
        1
 62
     0
 92
       -2
340
14
 93
        0
 40
1.125
309
GRIDFORMAT_END
 95
        2
302
GRIDFORMAT
  1
GRIDFORMAT_BEGIN
 90
        0
 91
        1
 62
     0
 92
       -2
340
14
 93
        0
 40
1.125
309
GRIDFORMAT_END
 95
        4
302
GRIDFORMAT
  1
GRIDFORMAT_BEGIN
 90
        0
 91
        1
 62
     0
 92
       -2
340
14
 93
        0
 40
1.125
309
GRIDFORMAT_END
 95
        8
302
GRIDFORMAT
  1
GRIDFORMAT_BEGIN
 90
        0
 91
        1
 62
     0
 92
       -2
340
14
 93
        0
 40
1.125
309
GRIDFORMAT_END
 95
       16
302
GRIDFORMAT
  1
GRIDFORMAT_BEGIN
 90
        0
 91
        1
 62
     0
 92
       -2
340
14
 93
        0
 40
1.125
309
GRIDFORMAT_END
 95
       32
302
GRIDFORMAT
  1
GRIDFORMAT_BEGIN
 90
        0
 91
        1
 62
     0
 92
       -2
340
14
 93
        0
 40
1.125
309
GRIDFORMAT_END
309
TABLEFORMAT_END
  1
CELLSTYLE_BEGIN
 90
        1
 91
        1
300
_TITLE
309
CELLSTYLE_END
300
CELLSTYLE
  1
TABLEFORMAT_BEGIN
 90
        5
170
     1
 91
        0
 92
        0
 62
   257
 93
        1
300
CONTENTFORMAT
  1
CONTENTFORMAT_BEGIN
 90
        0
 91
        0
 92
      512
 93
        0
300

 40
0.0
140
1.0
 94
        5
 62
     0
340
11
144
4.5
309
CONTENTFORMAT_END
171
     1
301
MARGIN
  1
CELLMARGIN_BEGIN
 40
1.5
 40
1.5
 40
1.5
 40
1.5
 40
4.5
 40
4.5
309
CELLMARGIN_END
 94
        6
 95
        1
302
GRIDFORMAT
  1
GRIDFORMAT_BEGIN
 90
        0
 91
        1
 62
     0
 92
       -2
340
14
 93
        0
 40
1.125
309
GRIDFORMAT_END
 95
        2
302
GRIDFORMAT
  1
GRIDFORMAT_BEGIN
 90
        0
 91
        1
 62
     0
 92
       -2
340
14
 93
        0
 40
1.125
309
GRIDFORMAT_END
 95
        4
302
GRIDFORMAT
  1
GRIDFORMAT_BEGIN
 90
        0
 91
        1
 62
     0
 92
       -2
340
14
 93
        0
 40
1.125
309
GRIDFORMAT_END
 95
        8
302
GRIDFORMAT
  1
GRIDFORMAT_BEGIN
 90
        0
 91
        1
 62
     0
 92
       -2
340
14
 93
        0
 40
1.125
309
GRIDFORMAT_END
 95
       16
302
GRIDFORMAT
  1
GRIDFORMAT_BEGIN
 90
        0
 91
        1
 62
     0
 92
       -2
340
14
 93
        0
 40
1.125
309
GRIDFORMAT_END
 95
       32
302
GRIDFORMAT
  1
GRIDFORMAT_BEGIN
 90
        0
 91
        1
 62
     0
 92
       -2
340
14
 93
        0
 40
1.125
309
GRIDFORMAT_END
309
TABLEFORMAT_END
  1
CELLSTYLE_BEGIN
 90
        2
 91
        1
300
_HEADER
309
CELLSTYLE_END
300
CELLSTYLE
  1
TABLEFORMAT_BEGIN
 90
        5
170
     1
 91
        0
 92
        0
 62
   257
 93
        1
300
CONTENTFORMAT
  1
CONTENTFORMAT_BEGIN
 90
        0
 91
        0
 92
      512
 93
        0
300

 40
0.0
140
1.0
 94
        2
 62
     0
340
11
144
4.5
309
CONTENTFORMAT_END
171
     1
301
MARGIN
  1
CELLMARGIN_BEGIN
 40
1.5
 40
1.5
 40
1.5
 40
1.5
 40
4.5
 40
4.5
309
CELLMARGIN_END
 94
        6
 95
        1
302
GRIDFORMAT
  1
GRIDFORMAT_BEGIN
 90
        0
 91
        1
 62
     0
 92
       -2
340
14
 93
        0
 40
1.125
309
GRIDFORMAT_END
 95
        2
302
GRIDFORMAT
  1
GRIDFORMAT_BEGIN
 90
        0
 91
        1
 62
     0
 92
       -2
340
14
 93
        0
 40
1.125
309
GRIDFORMAT_END
 95
        4
302
GRIDFORMAT
  1
GRIDFORMAT_BEGIN
 90
        0
 91
        1
 62
     0
 92
       -2
340
14
 93
        0
 40
1.125
309
GRIDFORMAT_END
 95
        8
302
GRIDFORMAT
  1
GRIDFORMAT_BEGIN
 90
        0
 91
        1
 62
     0
 92
       -2
340
14
 93
        0
 40
1.125
309
GRIDFORMAT_END
 95
       16
302
GRIDFORMAT
  1
GRIDFORMAT_BEGIN
 90
        0
 91
        1
 62
     0
 92
       -2
340
14
 93
        0
 40
1.125
309
GRIDFORMAT_END
 95
       32
302
GRIDFORMAT
  1
GRIDFORMAT_BEGIN
 90
        0
 91
        1
 62
     0
 92
       -2
340
14
 93
        0
 40
1.125
309
GRIDFORMAT_END
309
TABLEFORMAT_END
  1
CELLSTYLE_BEGIN
 90
        3
 91
        2
300
_DATA
309
CELLSTYLE_END
  0
XRECORD
  5
4EF
102
{ACAD_REACTORS
330
4EE
102
}
330
4EE
100
AcDbXrecord
280
     1
1071
 18597260
1071
 25303744
 70
    25
 70
   104
 10
0.0000002282255314
 20
-0.0000001571385004
 30
0.0
 10
-368.0588732794189
 20
497.4993221455143
 30
0.0
 10
0.0
 20
0.0
 30
-0.5000000000000002
  0
XRECORD
  5
4F0
102
{ACAD_REACTORS
330
4EE
102
}
330
4EE
100
AcDbXrecord
280
     1
1071
 18597260
1071
 25303744
 70
    25
 70
   104
 10
0.0000003234204263
 20
-0.0000001739741783
 30
0.0
 10
-148.6870937462286
 20
200.9779788613503
 30
0.0
 10
0.0
 20
0.0
 30
-1.0
  0
XRECORD
  5
4F1
102
{ACAD_REACTORS
330
4EE
102
}
330
4EE
100
AcDbXrecord
280
     1
1071
 50242585
1071
 68333042
 70
    25
 70
   104
 10
0.0000002282255314
 20
-0.0000001571385004
 30
0.0
 10
-89.21225611836902
 20
120.5867872472206
 30
0.0
 10
0.0
 20
0.0
 30
-0.5000000000000002
 10
150.0000001580742
 20
-0.0000001571385004
 30
0.0
  0
XRECORD
  5
4F2
102
{ACAD_REACTORS
330
4EE
102
}
330
4EE
100
AcDbXrecord
280
     1
1071
  6895636
1071
  9291323
 70
    25
 70
   104
 40
0.0
  0
XRECORD
  5
4F3
102
{ACAD_REACTORS
330
4EE
102
}
330
4EE
100
AcDbXrecord
280
     1
1071
  2551693
1071
  3435815
 70
    25
 70
   104
 10
0.0000003234204263
 20
-0.0000001739741783
 30
0.0
  0
XRECORD
  5
4F4
102
{ACAD_REACTORS
330
4EE
102
}
330
4EE
100
AcDbXrecord
280
     1
1071
  4195796
1071
  5656503
 70
    25
 70
   104
 10
0.0000001330306365
 20
-0.0000001403028225
 30
0.0
  0
XRECORD
  5
4F5
102
{ACAD_REACTORS
330
4EE
102
}
330
4EE
100
AcDbXrecord
280
     1
1071
 82437801
1071
112294725
 70
    25
 70
   104
 10
0.0
 20
0.0
 30
0.0
  0
XRECORD
  5
514
102
{ACAD_REACTORS
330
513
102
}
330
513
100
AcDbXrecord
280
     1
1071
 18597260
1071
 25303744
 70
    25
 70
   104
 10
0.0000002282255314
 20
-0.0000001571385004
 30
0.0
 10
-368.0588732794189
 20
497.4993221455143
 30
0.0
 10
0.0
 20
0.0
 30
-0.5000000000000002
  0
XRECORD
  5
515
102
{ACAD_REACTORS
330
513
102
}
330
513
100
AcDbXrecord
280
     1
1071
 18597260
1071
 25303744
 70
    25
 70
   104
 10
0.0000003234204263
 20
-0.0000001739741783
 30
0.0
 10
-148.6870937462286
 20
200.9779788613503
 30
0.0
 10
0.0
 20
0.0
 30
-1.0
  0
XRECORD
  5
516
102
{ACAD_REACTORS
330
513
102
}
330
513
100
AcDbXrecord
280
     1
1071
 50242585
1071
 68333042
 70
    25
 70
   104
 10
0.0000002282255314
 20
-0.0000001571385004
 30
0.0
 10
-89.21225611836902
 20
120.5867872472206
 30
0.0
 10
0.0
 20
0.0
 30
-0.5000000000000002
 10
150.0000001580742
 20
-0.0000001571385004
 30
0.0
  0
XRECORD
  5
517
102
{ACAD_REACTORS
330
513
102
}
330
513
100
AcDbXrecord
280
     1
1071
  6895636
1071
  9291323
 70
    25
 70
   104
 40
0.0
  0
XRECORD
  5
518
102
{ACAD_REACTORS
330
513
102
}
330
513
100
AcDbXrecord
280
     1
1071
  2551693
1071
  3435815
 70
    25
 70
   104
 10
0.0000003234204263
 20
-0.0000001739741783
 30
0.0
  0
XRECORD
  5
519
102
{ACAD_REACTORS
330
513
102
}
330
513
100
AcDbXrecord
280
     1
1071
  4195796
1071
  5656503
 70
    25
 70
   104
 10
0.0000001330306365
 20
-0.0000001403028225
 30
0.0
  0
XRECORD
  5
51A
102
{ACAD_REACTORS
330
513
102
}
330
513
100
AcDbXrecord
280
     1
1071
 82437801
1071
112294725
 70
    25
 70
   104
 10
0.0
 20
0.0
 30
0.0
  0
ENDSEC
  0
SECTION
  2
ACDSDATA
 70
     2
 71
     8
  0
ACDSSCHEMA
 90
        0
  1
AcDb_Thumbnail_Schema
  2
AcDbDs::ID
280
    10
 91
        8
  2
Thumbnail_Data
280
    15
 91
        0
101
ACDSRECORD
 95
        0
 90
        1
  2
AcDbDs::TreatedAsObjectData
280
     1
291
     1
101
ACDSRECORD
 95
        0
 90
        2
  2
AcDbDs::Legacy
280
     1
291
     1
101
ACDSRECORD
  1
AcDbDs::ID
 90
        3
  2
AcDs:Indexable
280
     1
291
     1
101
ACDSRECORD
  1
AcDbDs::ID
 90
        4
  2
AcDbDs::HandleAttribute
280
     7
282
     1
  0
ACDSSCHEMA
 90
        1
  1
AcDbDs::TreatedAsObjectDataSchema
  2
AcDbDs::TreatedAsObjectData
280
     1
 91
        0
  0
ACDSSCHEMA
 90
        2
  1
AcDbDs::LegacySchema
  2
AcDbDs::Legacy
280
     1
 91
        0
  0
ACDSSCHEMA
 90
        3
  1
AcDbDs::IndexedPropertySchema
  2
AcDs:Indexable
280
     1
 91
        0
  0
ACDSSCHEMA
 90
        4
  1
AcDbDs::HandleAttributeSchema
  2
AcDbDs::HandleAttribute
280
     7
 91
        1
284
     1
  0
ACDSRECORD
 90
        0
  2
AcDbDs::ID
280
    10
320
22
  2
Thumbnail_Data
280
    15
 94
      896
310
89504E470D0A1A0A0000000D49484452000001000000009108030000001BE1960600000300504C5445212830FFFFFF2128300000000000000000000000000000000000000000000000000000330000660000990000CC0000FF0033000033330033660033990033CC0033FF0066000066330066660066990066CC0066FF0099
310
000099330099660099990099CC0099FF00CC0000CC3300CC6600CC9900CCCC00CCFF00FF0000FF3300FF6600FF9900FFCC00FFFF3300003300333300663300993300CC3300FF3333003333333333663333993333CC3333FF3366003366333366663366993366CC3366FF3399003399333399663399993399CC3399FF33CC00
310
33CC3333CC6633CC9933CCCC33CCFF33FF0033FF3333FF6633FF9933FFCC33FFFF6600006600336600666600996600CC6600FF6633006633336633666633996633CC6633FF6666006666336666666666996666CC6666FF6699006699336699666699996699CC6699FF66CC0066CC3366CC6666CC9966CCCC66CCFF66FF0066
310
FF3366FF6666FF9966FFCC66FFFF9900009900339900669900999900CC9900FF9933009933339933669933999933CC9933FF9966009966339966669966999966CC9966FF9999009999339999669999999999CC9999FF99CC0099CC3399CC6699CC9999CCCC99CCFF99FF0099FF3399FF6699FF9999FFCC99FFFFCC0000CC00
310
33CC0066CC0099CC00CCCC00FFCC3300CC3333CC3366CC3399CC33CCCC33FFCC6600CC6633CC6666CC6699CC66CCCC66FFCC9900CC9933CC9966CC9999CC99CCCC99FFCCCC00CCCC33CCCC66CCCC99CCCCCCCCCCFFCCFF00CCFF33CCFF66CCFF99CCFFCCCCFFFFFF0000FF0033FF0066FF0099FF00CCFF00FFFF3300FF3333
310
FF3366FF3399FF33CCFF33FFFF6600FF6633FF6666FF6699FF66CCFF66FFFF9900FF9933FF9966FF9999FF99CCFF99FFFFCC00FFCC33FFCC66FFCC99FFCCCCFFCCFFFFFF00FFFF33FFFF66FFFF99FFFFCCFFFFFF0000000D0D0D1A1A1A2828283535354343435050505D5D5D6B6B6B787878868686939393A1A1A1AEAEAEBB
310
BBBBC9C9C9D6D6D6E4E4E4F1F1F1FFFFFF0000000000000000000000000000000000000000000000000000000000002E4550F10000003B4944415478DAEDC13101000000C2A0F54F6D0B2FA0000000000000000000000000000000000000000000000000000000000000000000000000CE06919100016C9A5B1B0000000049
310
454E44AE426082
  0
ENDSEC
  0
SECTION
  2
DWG_AcDb:XrefManifest
 90
        2
 90
    29696
 90
        0
310
F6050000000000007B0A20202020227872656673223A205B0A20202020202020207B0A2020202020202020202020202270617468223A2022617269616C2E747466222C0A2020202020202020202020202268616E646C65223A20223131222C0A20202020202020202020202022636C617373223A2022416344625465787453
310
74796C655461626C655265636F7264220A20202020202020207D2C0A20202020202020207B0A2020202020202020202020202270617468223A2022617269616C2E747466222C0A2020202020202020202020202268616E646C65223A2022313332222C0A20202020202020202020202022636C617373223A20224163446254
310
6578745374796C655461626C655265636F7264220A20202020202020207D2C0A20202020202020207B0A2020202020202020202020202270617468223A2022617269616C2E747466222C0A2020202020202020202020202268616E646C65223A2022393138222C0A20202020202020202020202022636C617373223A202241
310
634462546578745374796C655461626C655265636F7264220A20202020202020207D2C0A20202020202020207B0A2020202020202020202020202270617468223A20227377697373636C2E747466222C0A2020202020202020202020202268616E646C65223A2022393139222C0A20202020202020202020202022636C6173
310
73223A202241634462546578745374796C655461626C655265636F7264220A20202020202020207D2C0A20202020202020207B0A2020202020202020202020202270617468223A2022415249414C4E2E545446222C0A2020202020202020202020202268616E646C65223A2022393161222C0A202020202020202020202020
310
22636C617373223A202241634462546578745374796C655461626C655265636F7264220A20202020202020207D2C0A20202020202020207B0A2020202020202020202020202270617468223A202273696D706C65782E736878222C0A2020202020202020202020202268616E646C65223A2022393162222C0A202020202020
310
20202020202022636C617373223A202241634462546578745374796C655461626C655265636F7264220A20202020202020207D2C0A20202020202020207B0A2020202020202020202020202270617468223A20227377697373636C2E747466222C0A2020202020202020202020202268616E646C65223A2022393163222C0A
310
20202020202020202020202022636C617373223A202241634462546578745374796C655461626C655265636F7264220A20202020202020207D2C0A20202020202020207B0A2020202020202020202020202270617468223A2022415249414C4E2E545446222C0A2020202020202020202020202268616E646C65223A202239
310
3164222C0A20202020202020202020202022636C617373223A202241634462546578745374796C655461626C655265636F7264220A20202020202020207D2C0A20202020202020207B0A2020202020202020202020202270617468223A20227377697373636C2E747466222C0A2020202020202020202020202268616E646C
310
65223A2022393166222C0A20202020202020202020202022636C617373223A202241634462546578745374796C655461626C655265636F7264220A20202020202020207D2C0A20202020202020207B0A2020202020202020202020202270617468223A202273796D626F6C2E747466222C0A20202020202020202020202022
310
68616E646C65223A2022393230222C0A20202020202020202020202022636C617373223A202241634462546578745374796C655461626C655265636F7264220A20202020202020207D2C0A20202020202020207B0A2020202020202020202020202270617468223A20227377697373636C2E747466222C0A20202020202020
310
20202020202268616E646C65223A2022393231222C0A20202020202020202020202022636C617373223A202241634462546578745374796C655461626C655265636F7264220A20202020202020207D0A202020205D2C0A202020202276657273696F6E223A2022312E30222C0A202020202277617346756C6C53617665223A
310
202274727565220A7D0A
  0
ENDSEC
  0
EOF
